formula,homeAttack,homeDefense,awayAttack,awayDefense,statGapAttack,statGapDefense,avgHomeGoals,avgAwayGoals,avgTotalGoals,homeWinRate,drawRate,awayWinRate,blowoutRate3Plus
legacy_base60,180,180,180,180,0,0,4.029,3.952,7.981,0.5160,0.0000,0.4840,0.3210
legacy_base60,180,180,180,240,0,-60,3.599,3.969,7.568,0.4345,0.0000,0.5655,0.2860
legacy_base60,180,180,180,300,0,-120,2.865,3.987,6.852,0.3155,0.0000,0.6845,0.3285
legacy_base60,180,180,180,360,0,-180,2.713,4.027,6.741,0.2740,0.0000,0.7260,0.3460
legacy_base60,180,180,180,420,0,-240,2.269,3.944,6.213,0.2060,0.0000,0.7940,0.3790
legacy_base60,180,180,240,180,-60,0,3.996,4.617,8.613,0.4115,0.0000,0.5885,0.3155
legacy_base60,180,180,240,240,-60,-60,3.535,4.609,8.145,0.3435,0.0000,0.6565,0.3755
legacy_base60,180,180,240,300,-60,-120,2.942,4.562,7.504,0.2470,0.0000,0.7530,0.4005
legacy_base60,180,180,240,360,-60,-180,2.744,4.555,7.299,0.2065,0.0000,0.7935,0.4210
legacy_base60,180,180,240,420,-60,-240,2.256,4.567,6.824,0.1440,0.0000,0.8560,0.4705
legacy_base60,180,180,300,180,-120,0,4.032,4.954,8.986,0.3500,0.0000,0.6500,0.3605
legacy_base60,180,180,300,240,-120,-60,3.542,4.961,8.503,0.2880,0.0000,0.7120,0.3800
legacy_base60,180,180,300,300,-120,-120,2.933,4.926,7.859,0.1975,0.0000,0.8025,0.4465
legacy_base60,180,180,300,360,-120,-180,2.692,4.996,7.688,0.1555,0.0000,0.8445,0.4810
legacy_base60,180,180,300,420,-120,-240,2.200,4.881,7.081,0.1155,0.0000,0.8845,0.5440
legacy_base60,180,180,360,180,-180,0,3.912,5.391,9.303,0.2795,0.0000,0.7205,0.4190
legacy_base60,180,180,360,240,-180,-60,3.551,5.349,8.901,0.2360,0.0000,0.7640,0.4315
legacy_base60,180,180,360,300,-180,-120,2.828,5.388,8.216,0.1425,0.0000,0.8575,0.5270
legacy_base60,180,180,360,360,-180,-180,2.692,5.361,8.052,0.1290,0.0000,0.8710,0.5375
legacy_base60,180,180,360,420,-180,-240,2.220,5.223,7.442,0.0840,0.0000,0.9160,0.5870
legacy_base60,180,180,420,180,-240,0,3.985,5.619,9.604,0.2730,0.0000,0.7270,0.4305
legacy_base60,180,180,420,240,-240,-60,3.578,5.631,9.209,0.2160,0.0000,0.7840,0.4665
legacy_base60,180,180,420,300,-240,-120,2.822,5.499,8.321,0.1285,0.0000,0.8715,0.5375
legacy_base60,180,180,420,360,-240,-180,2.639,5.544,8.182,0.1130,0.0000,0.8870,0.5680
legacy_base60,180,180,420,420,-240,-240,2.195,5.497,7.691,0.0765,0.0000,0.9235,0.6415
legacy_base60,180,240,180,180,0,60,3.965,3.584,7.549,0.5645,0.0000,0.4355,0.3140
legacy_base60,180,240,180,240,0,0,3.615,3.555,7.171,0.5125,0.0000,0.4875,0.3060
legacy_base60,180,240,180,300,0,-60,2.950,3.616,6.566,0.3805,0.0000,0.6195,0.2780
legacy_base60,180,240,180,360,0,-120,2.707,3.629,6.336,0.3390,0.0000,0.6610,0.2935
legacy_base60,180,240,180,420,0,-180,2.345,3.587,5.932,0.2725,0.0000,0.7275,0.3175
legacy_base60,180,240,240,180,-60,60,4.021,3.979,8.000,0.5020,0.0000,0.4980,0.3185
legacy_base60,180,240,240,240,-60,0,3.492,3.970,7.462,0.4140,0.0000,0.5860,0.3185
legacy_base60,180,240,240,300,-60,-60,2.973,3.956,6.928,0.3295,0.0000,0.6705,0.3225
legacy_base60,180,240,240,360,-60,-120,2.748,4.046,6.795,0.2780,0.0000,0.7220,0.3450
legacy_base60,180,240,240,420,-60,-180,2.275,3.937,6.212,0.2210,0.0000,0.7790,0.3805
legacy_base60,180,240,300,180,-120,60,4.019,4.587,8.605,0.4000,0.0000,0.6000,0.3575
legacy_base60,180,240,300,240,-120,0,3.488,4.638,8.126,0.3300,0.0000,0.6700,0.3815
legacy_base60,180,240,300,300,-120,-60,2.904,4.662,7.566,0.2310,0.0000,0.7690,0.4190
legacy_base60,180,240,300,360,-120,-120,2.671,4.478,7.149,0.2140,0.0000,0.7860,0.4005
legacy_base60,180,240,300,420,-120,-180,2.296,4.481,6.778,0.1505,0.0000,0.8495,0.4455
legacy_base60,180,240,360,180,-180,60,3.872,4.788,8.660,0.3540,0.0000,0.6460,0.3640
legacy_base60,180,240,360,240,-180,0,3.542,4.760,8.302,0.3165,0.0000,0.6835,0.3935
legacy_base60,180,240,360,300,-180,-60,2.969,4.827,7.796,0.2180,0.0000,0.7820,0.4290
legacy_base60,180,240,360,360,-180,-120,2.704,4.682,7.386,0.1935,0.0000,0.8065,0.4360
legacy_base60,180,240,360,420,-180,-180,2.310,4.771,7.081,0.1335,0.0000,0.8665,0.5075
legacy_base60,180,240,420,180,-240,60,3.912,5.184,9.096,0.3140,0.0000,0.6860,0.4005
legacy_base60,180,240,420,240,-240,0,3.492,5.186,8.678,0.2350,0.0000,0.7650,0.4160
legacy_base60,180,240,420,300,-240,-60,2.863,5.150,8.013,0.1645,0.0000,0.8355,0.4985
legacy_base60,180,240,420,360,-240,-120,2.651,5.054,7.705,0.1430,0.0000,0.8570,0.4980
legacy_base60,180,240,420,420,-240,-180,2.276,5.103,7.378,0.1020,0.0000,0.8980,0.5570
legacy_base60,180,300,180,180,0,120,3.979,3.009,6.988,0.6730,0.0000,0.3270,0.3325
legacy_base60,180,300,180,240,0,60,3.576,2.910,6.487,0.6290,0.0000,0.3710,0.2915
legacy_base60,180,300,180,300,0,0,2.962,3.018,5.981,0.4850,0.0000,0.5150,0.2620
legacy_base60,180,300,180,360,0,-60,2.724,3.042,5.765,0.4315,0.0000,0.5685,0.2535
legacy_base60,180,300,180,420,0,-120,2.405,2.923,5.328,0.3965,0.0000,0.6035,0.2415
legacy_base60,180,300,240,180,-60,120,3.982,3.515,7.498,0.5705,0.0000,0.4295,0.3215
legacy_base60,180,300,240,240,-60,60,3.557,3.595,7.152,0.5000,0.0000,0.5000,0.2905
legacy_base60,180,300,240,300,-60,0,2.881,3.640,6.521,0.3710,0.0000,0.6290,0.2935
legacy_base60,180,300,240,360,-60,-60,2.733,3.639,6.373,0.3440,0.0000,0.6560,0.2955
legacy_base60,180,300,240,420,-60,-120,2.317,3.548,5.864,0.2685,0.0000,0.7315,0.3065
legacy_base60,180,300,300,180,-120,120,3.982,3.998,7.981,0.5015,0.0000,0.4985,0.3150
legacy_base60,180,300,300,240,-120,60,3.575,3.935,7.511,0.4370,0.0000,0.5630,0.3095
legacy_base60,180,300,300,300,-120,0,2.948,3.969,6.917,0.3145,0.0000,0.6855,0.3215
legacy_base60,180,300,300,360,-120,-60,2.785,4.032,6.817,0.2925,0.0000,0.7075,0.3685
legacy_base60,180,300,300,420,-120,-120,2.288,3.883,6.171,0.2255,0.0000,0.7745,0.3760
legacy_base60,180,300,360,180,-180,120,4.030,4.383,8.413,0.4455,0.0000,0.5545,0.3455
legacy_base60,180,300,360,240,-180,60,3.572,4.335,7.907,0.3790,0.0000,0.6210,0.3505
legacy_base60,180,300,360,300,-180,0,2.982,4.378,7.360,0.2680,0.0000,0.7320,0.3755
legacy_base60,180,300,360,360,-180,-60,2.748,4.274,7.022,0.2515,0.0000,0.7485,0.3815
legacy_base60,180,300,360,420,-180,-120,2.256,4.331,6.587,0.1760,0.0000,0.8240,0.4470
legacy_base60,180,300,420,180,-240,120,3.961,4.732,8.693,0.3775,0.0000,0.6225,0.3480
legacy_base60,180,300,420,240,-240,60,3.493,4.806,8.299,0.2970,0.0000,0.7030,0.3950
legacy_base60,180,300,420,300,-240,0,2.882,4.817,7.700,0.2085,0.0000,0.7915,0.4400
legacy_base60,180,300,420,360,-240,-60,2.695,4.752,7.447,0.1790,0.0000,0.8210,0.4470
legacy_base60,180,300,420,420,-240,-120,2.292,4.718,7.010,0.1345,0.0000,0.8655,0.4825
legacy_base60,180,360,180,180,0,180,3.974,2.724,6.697,0.7220,0.0000,0.2780,0.3350
legacy_base60,180,360,180,240,0,120,3.580,2.736,6.316,0.6595,0.0000,0.3405,0.3050
legacy_base60,180,360,180,300,0,60,2.970,2.771,5.740,0.5335,0.0000,0.4665,0.2530
legacy_base60,180,360,180,360,0,0,2.748,2.801,5.550,0.4865,0.0000,0.5135,0.2375
legacy_base60,180,360,180,420,0,-60,2.300,2.787,5.087,0.4105,0.0000,0.5895,0.2405
legacy_base60,180,360,240,180,-60,180,3.993,3.159,7.152,0.6395,0.0000,0.3605,0.3260
legacy_base60,180,360,240,240,-60,120,3.650,3.233,6.883,0.5665,0.0000,0.4335,0.2985
legacy_base60,180,360,240,300,-60,60,2.981,3.212,6.192,0.4720,0.0000,0.5280,0.2540
legacy_base60,180,360,240,360,-60,0,2.726,3.193,5.919,0.4085,0.0000,0.5915,0.2480
legacy_base60,180,360,240,420,-60,-60,2.289,3.136,5.426,0.3330,0.0000,0.6670,0.2575
legacy_base60,180,360,300,180,-120,180,3.915,3.712,7.627,0.5385,0.0000,0.4615,0.3070
legacy_base60,180,360,300,240,-120,120,3.516,3.783,7.299,0.4515,0.0000,0.5485,0.2995
legacy_base60,180,360,300,300,-120,60,2.995,3.810,6.805,0.3515,0.0000,0.6485,0.3100
legacy_base60,180,360,300,360,-120,0,2.747,3.811,6.557,0.3095,0.0000,0.6905,0.3170
legacy_base60,180,360,300,420,-120,-60,2.299,3.788,6.087,0.2415,0.0000,0.7585,0.3510
legacy_base60,180,360,360,180,-180,180,3.978,3.940,7.918,0.5080,0.0000,0.4920,0.3115
legacy_base60,180,360,360,240,-180,120,3.590,3.969,7.559,0.4345,0.0000,0.5655,0.3110
legacy_base60,180,360,360,300,-180,60,2.924,3.969,6.893,0.3155,0.0000,0.6845,0.3305
legacy_base60,180,360,360,360,-180,0,2.725,3.950,6.675,0.2890,0.0000,0.7110,0.3325
legacy_base60,180,360,360,420,-180,-60,2.347,4.030,6.377,0.2310,0.0000,0.7690,0.3920
legacy_base60,180,360,420,180,-240,180,3.978,4.375,8.352,0.4400,0.0000,0.5600,0.3240
legacy_base60,180,360,420,240,-240,120,3.574,4.351,7.925,0.3715,0.0000,0.6285,0.3350
legacy_base60,180,360,420,300,-240,60,2.949,4.346,7.295,0.2675,0.0000,0.7325,0.3635
legacy_base60,180,360,420,360,-240,0,2.716,4.452,7.168,0.2180,0.0000,0.7820,0.3970
legacy_base60,180,360,420,420,-240,-60,2.252,4.309,6.561,0.1705,0.0000,0.8295,0.4415
legacy_base60,180,420,180,180,0,240,4.008,2.253,6.262,0.7985,0.0000,0.2015,0.3850
legacy_base60,180,420,180,240,0,180,3.631,2.344,5.976,0.7270,0.0000,0.2730,0.3290
legacy_base60,180,420,180,300,0,120,2.948,2.349,5.297,0.6185,0.0000,0.3815,0.2465
legacy_base60,180,420,180,360,0,60,2.765,2.346,5.112,0.5785,0.0000,0.4215,0.2310
legacy_base60,180,420,180,420,0,0,2.279,2.361,4.640,0.4840,0.0000,0.5160,0.2085
legacy_base60,180,420,240,180,-60,240,3.983,2.919,6.902,0.6825,0.0000,0.3175,0.3455
legacy_base60,180,420,240,240,-60,180,3.623,2.982,6.605,0.6240,0.0000,0.3760,0.2950
legacy_base60,180,420,240,300,-60,120,2.981,3.011,5.992,0.4935,0.0000,0.5065,0.2415
legacy_base60,180,420,240,360,-60,60,2.739,3.005,5.743,0.4525,0.0000,0.5475,0.2535
legacy_base60,180,420,240,420,-60,0,2.348,3.037,5.385,0.3655,0.0000,0.6345,0.2520
legacy_base60,180,420,300,180,-120,240,4.006,3.357,7.363,0.6030,0.0000,0.3970,0.3115
legacy_base60,180,420,300,240,-120,180,3.578,3.370,6.948,0.5395,0.0000,0.4605,0.2880
legacy_base60,180,420,300,300,-120,120,2.891,3.381,6.272,0.4170,0.0000,0.5830,0.2690
legacy_base60,180,420,300,360,-120,60,2.733,3.395,6.128,0.3650,0.0000,0.6350,0.2740
legacy_base60,180,420,300,420,-120,0,2.325,3.346,5.671,0.3155,0.0000,0.6845,0.2870
legacy_base60,180,420,360,180,-180,240,3.967,3.777,7.744,0.5295,0.0000,0.4705,0.3115
legacy_base60,180,420,360,240,-180,180,3.594,3.764,7.357,0.4725,0.0000,0.5275,0.3000
legacy_base60,180,420,360,300,-180,120,2.883,3.792,6.675,0.3475,0.0000,0.6525,0.3135
legacy_base60,180,420,360,360,-180,60,2.710,3.761,6.471,0.3165,0.0000,0.6835,0.3090
legacy_base60,180,420,360,420,-180,0,2.325,3.689,6.014,0.2555,0.0000,0.7445,0.3175
legacy_base60,180,420,420,180,-240,240,3.957,3.991,7.947,0.5010,0.0000,0.4990,0.3120
legacy_base60,180,420,420,240,-240,180,3.618,3.994,7.612,0.4360,0.0000,0.5640,0.3085
legacy_base60,180,420,420,300,-240,120,2.921,3.984,6.905,0.3225,0.0000,0.6775,0.3315
legacy_base60,180,420,420,360,-240,60,2.773,3.993,6.766,0.2885,0.0000,0.7115,0.3505
legacy_base60,180,420,420,420,-240,0,2.277,3.932,6.209,0.2160,0.0000,0.7840,0.3840
legacy_base60,240,180,180,180,60,0,4.545,3.956,8.501,0.5975,0.0000,0.4025,0.3425
legacy_base60,240,180,180,240,60,-60,3.996,4.013,8.009,0.4980,0.0000,0.5020,0.3095
legacy_base60,240,180,180,300,60,-120,3.570,4.042,7.611,0.4250,0.0000,0.5750,0.3065
legacy_base60,240,180,180,360,60,-180,3.137,3.966,7.103,0.3590,0.0000,0.6410,0.3260
legacy_base60,240,180,180,420,60,-240,2.959,4.003,6.962,0.3305,0.0000,0.6695,0.3360
legacy_base60,240,180,240,180,0,0,4.615,4.684,9.299,0.4930,0.0000,0.5070,0.3535
legacy_base60,240,180,240,240,0,-60,3.978,4.593,8.571,0.4080,0.0000,0.5920,0.3450
legacy_base60,240,180,240,300,0,-120,3.515,4.644,8.159,0.3250,0.0000,0.6750,0.3645
legacy_base60,240,180,240,360,0,-180,3.075,4.617,7.692,0.2595,0.0000,0.7405,0.3895
legacy_base60,240,180,240,420,0,-240,2.898,4.572,7.471,0.2325,0.0000,0.7675,0.3980
legacy_base60,240,180,300,180,-60,0,4.625,5.014,9.639,0.4300,0.0000,0.5700,0.3570
legacy_base60,240,180,300,240,-60,-60,3.865,5.005,8.869,0.3245,0.0000,0.6755,0.3875
legacy_base60,240,180,300,300,-60,-120,3.546,4.998,8.544,0.2780,0.0000,0.7220,0.4130
legacy_base60,240,180,300,360,-60,-180,3.090,4.965,8.055,0.2120,0.0000,0.7880,0.4230
legacy_base60,240,180,300,420,-60,-240,2.935,4.978,7.912,0.1905,0.0000,0.8095,0.4695
legacy_base60,240,180,360,180,-120,0,4.569,5.436,10.005,0.3760,0.0000,0.6240,0.3675
legacy_base60,240,180,360,240,-120,-60,3.939,5.403,9.342,0.2855,0.0000,0.7145,0.4165
legacy_base60,240,180,360,300,-120,-120,3.450,5.337,8.787,0.2200,0.0000,0.7800,0.4475
legacy_base60,240,180,360,360,-120,-180,3.083,5.313,8.396,0.1640,0.0000,0.8360,0.4775
legacy_base60,240,180,360,420,-120,-240,2.862,5.336,8.198,0.1450,0.0000,0.8550,0.5060
legacy_base60,240,180,420,180,-180,0,4.632,5.611,10.242,0.3625,0.0000,0.6375,0.3865
legacy_base60,240,180,420,240,-180,-60,3.981,5.533,9.514,0.2710,0.0000,0.7290,0.4220
legacy_base60,240,180,420,300,-180,-120,3.525,5.571,9.095,0.2135,0.0000,0.7865,0.4685
legacy_base60,240,180,420,360,-180,-180,3.052,5.571,8.623,0.1470,0.0000,0.8530,0.5260
legacy_base60,240,180,420,420,-180,-240,2.833,5.585,8.418,0.1235,0.0000,0.8765,0.5505
legacy_base60,240,240,180,180,60,60,4.599,3.483,8.082,0.6820,0.0000,0.3180,0.3515
legacy_base60,240,240,180,240,60,0,4.046,3.502,7.548,0.5880,0.0000,0.4120,0.3050
legacy_base60,240,240,180,300,60,-60,3.582,3.620,7.202,0.4905,0.0000,0.5095,0.2900
legacy_base60,240,240,180,360,60,-120,3.171,3.550,6.721,0.4295,0.0000,0.5705,0.2880
legacy_base60,240,240,180,420,60,-180,2.913,3.569,6.482,0.3745,0.0000,0.6255,0.2875
legacy_base60,240,240,240,180,0,60,4.619,4.037,8.655,0.5980,0.0000,0.4020,0.3595
legacy_base60,240,240,240,240,0,0,3.905,3.938,7.843,0.4865,0.0000,0.5135,0.3090
legacy_base60,240,240,240,300,0,-60,3.502,3.969,7.470,0.4180,0.0000,0.5820,0.3215
legacy_base60,240,240,240,360,0,-120,3.181,3.993,7.174,0.3485,0.0000,0.6515,0.3190
legacy_base60,240,240,240,420,0,-180,2.993,3.955,6.947,0.3340,0.0000,0.6660,0.3140
legacy_base60,240,240,300,180,-60,60,4.587,4.553,9.139,0.4915,0.0000,0.5085,0.3455
legacy_base60,240,240,300,240,-60,0,4.024,4.571,8.594,0.4015,0.0000,0.5985,0.3195
legacy_base60,240,240,300,300,-60,-60,3.499,4.567,8.066,0.3180,0.0000,0.6820,0.3645
legacy_base60,240,240,300,360,-60,-120,3.143,4.654,7.798,0.2615,0.0000,0.7385,0.4040
legacy_base60,240,240,300,420,-60,-180,2.905,4.567,7.472,0.2375,0.0000,0.7625,0.4050
legacy_base60,240,240,360,180,-120,60,4.546,4.790,9.337,0.4685,0.0000,0.5315,0.3510
legacy_base60,240,240,360,240,-120,0,4.008,4.792,8.800,0.3660,0.0000,0.6340,0.3355
legacy_base60,240,240,360,300,-120,-60,3.573,4.805,8.378,0.3115,0.0000,0.6885,0.3610
legacy_base60,240,240,360,360,-120,-120,3.152,4.775,7.928,0.2380,0.0000,0.7620,0.4075
legacy_base60,240,240,360,420,-120,-180,2.930,4.766,7.697,0.2205,0.0000,0.7795,0.4530
legacy_base60,240,240,420,180,-180,60,4.651,5.271,9.921,0.4100,0.0000,0.5900,0.3785
legacy_base60,240,240,420,240,-180,0,3.932,5.204,9.136,0.3100,0.0000,0.6900,0.3870
legacy_base60,240,240,420,300,-180,-60,3.497,5.215,8.712,0.2490,0.0000,0.7510,0.4265
legacy_base60,240,240,420,360,-180,-120,3.158,5.218,8.376,0.1915,0.0000,0.8085,0.4645
legacy_base60,240,240,420,420,-180,-180,2.877,5.193,8.070,0.1675,0.0000,0.8325,0.4825
legacy_base60,240,300,180,180,60,120,4.615,2.843,7.458,0.7830,0.0000,0.2170,0.4185
legacy_base60,240,300,180,240,60,60,4.020,2.905,6.925,0.6880,0.0000,0.3120,0.3250
legacy_base60,240,300,180,300,60,0,3.582,2.953,6.534,0.6150,0.0000,0.3850,0.2920
legacy_base60,240,300,180,360,60,-60,3.163,2.901,6.064,0.5470,0.0000,0.4530,0.2640
legacy_base60,240,300,180,420,60,-120,2.953,3.012,5.965,0.4835,0.0000,0.5165,0.2545
legacy_base60,240,300,240,180,0,120,4.620,3.557,8.177,0.6665,0.0000,0.3335,0.3685
legacy_base60,240,300,240,240,0,60,4.004,3.538,7.542,0.5610,0.0000,0.4390,0.3355
legacy_base60,240,300,240,300,0,0,3.592,3.542,7.134,0.5115,0.0000,0.4885,0.2860
legacy_base60,240,300,240,360,0,-60,3.121,3.600,6.721,0.4105,0.0000,0.5895,0.3060
legacy_base60,240,300,240,420,0,-120,2.929,3.583,6.512,0.3830,0.0000,0.6170,0.2915
legacy_base60,240,300,300,180,-60,120,4.556,3.971,8.527,0.5835,0.0000,0.4165,0.3505
legacy_base60,240,300,300,240,-60,60,4.019,4.058,8.076,0.4895,0.0000,0.5105,0.3105
legacy_base60,240,300,300,300,-60,0,3.590,3.979,7.569,0.4420,0.0000,0.5580,0.3115
legacy_base60,240,300,300,360,-60,-60,3.184,3.941,7.125,0.3705,0.0000,0.6295,0.3110
legacy_base60,240,300,300,420,-60,-120,2.952,4.017,6.969,0.3165,0.0000,0.6835,0.3330
legacy_base60,240,300,360,180,-120,120,4.660,4.473,9.133,0.5345,0.0000,0.4655,0.3175
legacy_base60,240,300,360,240,-120,60,3.987,4.450,8.438,0.4145,0.0000,0.5855,0.3225
legacy_base60,240,300,360,300,-120,0,3.567,4.377,7.944,0.3650,0.0000,0.6350,0.3470
legacy_base60,240,300,360,360,-120,-60,3.160,4.441,7.602,0.3050,0.0000,0.6950,0.3625
legacy_base60,240,300,360,420,-120,-120,2.920,4.363,7.283,0.2575,0.0000,0.7425,0.3695
legacy_base60,240,300,420,180,-180,120,4.566,4.744,9.310,0.4720,0.0000,0.5280,0.3610
legacy_base60,240,300,420,240,-180,60,3.942,4.809,8.751,0.3595,0.0000,0.6405,0.3340
legacy_base60,240,300,420,300,-180,0,3.547,4.792,8.339,0.3105,0.0000,0.6895,0.3965
legacy_base60,240,300,420,360,-180,-60,3.086,4.749,7.835,0.2425,0.0000,0.7575,0.3990
legacy_base60,240,300,420,420,-180,-120,2.945,4.729,7.674,0.2175,0.0000,0.7825,0.4180
legacy_base60,240,360,180,180,60,180,4.623,2.704,7.327,0.8005,0.0000,0.1995,0.4270
legacy_base60,240,360,180,240,60,120,3.974,2.751,6.726,0.7090,0.0000,0.2910,0.3360
legacy_base60,240,360,180,300,60,60,3.566,2.704,6.271,0.6590,0.0000,0.3410,0.3030
legacy_base60,240,360,180,360,60,0,3.126,2.756,5.882,0.5655,0.0000,0.4345,0.2655
legacy_base60,240,360,180,420,60,-60,2.946,2.732,5.678,0.5295,0.0000,0.4705,0.2455
legacy_base60,240,360,240,180,0,180,4.577,3.159,7.736,0.7350,0.0000,0.2650,0.3915
legacy_base60,240,360,240,240,0,120,3.996,3.120,7.116,0.6490,0.0000,0.3510,0.3185
legacy_base60,240,360,240,300,0,60,3.578,3.172,6.750,0.5685,0.0000,0.4315,0.2795
legacy_base60,240,360,240,360,0,0,3.092,3.217,6.309,0.4730,0.0000,0.5270,0.2720
legacy_base60,240,360,240,420,0,-60,2.922,3.157,6.079,0.4510,0.0000,0.5490,0.2720
legacy_base60,240,360,300,180,-60,180,4.550,3.740,8.290,0.6235,0.0000,0.3765,0.3525
legacy_base60,240,360,300,240,-60,120,3.892,3.767,7.658,0.5135,0.0000,0.4865,0.2965
legacy_base60,240,360,300,300,-60,60,3.566,3.776,7.342,0.4615,0.0000,0.5385,0.3160
legacy_base60,240,360,300,360,-60,0,3.098,3.820,6.918,0.3695,0.0000,0.6305,0.3065
legacy_base60,240,360,300,420,-60,-60,2.950,3.692,6.642,0.3720,0.0000,0.6280,0.3100
legacy_base60,240,360,360,180,-120,180,4.633,3.947,8.580,0.6185,0.0000,0.3815,0.3265
legacy_base60,240,360,360,240,-120,120,3.998,3.947,7.946,0.5155,0.0000,0.4845,0.3165
legacy_base60,240,360,360,300,-120,60,3.568,4.035,7.603,0.4220,0.0000,0.5780,0.3140
legacy_base60,240,360,360,360,-120,0,3.148,3.998,7.146,0.3500,0.0000,0.6500,0.3145
legacy_base60,240,360,360,420,-120,-60,2.897,3.949,6.846,0.3235,0.0000,0.6765,0.3350
legacy_base60,240,360,420,180,-180,180,4.532,4.312,8.845,0.5335,0.0000,0.4665,0.3490
legacy_base60,240,360,420,240,-180,120,3.933,4.332,8.265,0.4265,0.0000,0.5735,0.3410
legacy_base60,240,360,420,300,-180,60,3.537,4.395,7.931,0.3560,0.0000,0.6440,0.3220
legacy_base60,240,360,420,360,-180,0,3.206,4.378,7.585,0.3200,0.0000,0.6800,0.3770
legacy_base60,240,360,420,420,-180,-60,2.952,4.436,7.388,0.2615,0.0000,0.7385,0.3800
legacy_base60,240,420,180,180,60,240,4.554,2.280,6.834,0.8495,0.0000,0.1505,0.4720
legacy_base60,240,420,180,240,60,180,3.951,2.217,6.168,0.7915,0.0000,0.2085,0.3990
legacy_base60,240,420,180,300,60,120,3.530,2.308,5.838,0.7170,0.0000,0.2830,0.3110
legacy_base60,240,420,180,360,60,60,3.207,2.311,5.518,0.6745,0.0000,0.3255,0.2605
legacy_base60,240,420,180,420,60,0,2.962,2.345,5.306,0.6095,0.0000,0.3905,0.2360
legacy_base60,240,420,240,180,0,240,4.559,2.891,7.450,0.7620,0.0000,0.2380,0.3895
legacy_base60,240,420,240,240,0,180,3.941,2.928,6.869,0.6725,0.0000,0.3275,0.3210
legacy_base60,240,420,240,300,0,120,3.539,2.958,6.497,0.5955,0.0000,0.4045,0.3035
legacy_base60,240,420,240,360,0,60,3.187,3.022,6.208,0.5255,0.0000,0.4745,0.2635
legacy_base60,240,420,240,420,0,0,2.970,3.034,6.005,0.4805,0.0000,0.5195,0.2525
legacy_base60,240,420,300,180,-60,240,4.574,3.340,7.914,0.6955,0.0000,0.3045,0.3605
legacy_base60,240,420,300,240,-60,180,3.962,3.396,7.357,0.5985,0.0000,0.4015,0.3105
legacy_base60,240,420,300,300,-60,120,3.615,3.442,7.056,0.5290,0.0000,0.4710,0.2855
legacy_base60,240,420,300,360,-60,60,3.176,3.422,6.598,0.4590,0.0000,0.5410,0.2550
legacy_base60,240,420,300,420,-60,0,2.926,3.353,6.280,0.4185,0.0000,0.5815,0.2645
legacy_base60,240,420,360,180,-120,240,4.606,3.821,8.427,0.6225,0.0000,0.3775,0.3555
legacy_base60,240,420,360,240,-120,180,3.989,3.727,7.716,0.5530,0.0000,0.4470,0.2915
legacy_base60,240,420,360,300,-120,120,3.524,3.792,7.316,0.4540,0.0000,0.5460,0.2980
legacy_base60,240,420,360,360,-120,60,3.152,3.768,6.920,0.4075,0.0000,0.5925,0.3075
legacy_base60,240,420,360,420,-120,0,2.998,3.799,6.796,0.3585,0.0000,0.6415,0.3105
legacy_base60,240,420,420,180,-180,240,4.559,3.962,8.521,0.5870,0.0000,0.4130,0.3335
legacy_base60,240,420,420,240,-180,180,3.963,3.950,7.913,0.4965,0.0000,0.5035,0.3175
legacy_base60,240,420,420,300,-180,120,3.607,3.942,7.549,0.4450,0.0000,0.5550,0.3010
legacy_base60,240,420,420,360,-180,60,3.163,3.981,7.143,0.3620,0.0000,0.6380,0.3120
legacy_base60,240,420,420,420,-180,0,2.855,3.936,6.791,0.3235,0.0000,0.6765,0.3310
legacy_base60,300,180,180,180,120,0,4.944,3.957,8.901,0.6550,0.0000,0.3450,0.3680
legacy_base60,300,180,180,240,120,-60,4.599,4.000,8.599,0.5810,0.0000,0.4190,0.3580
legacy_base60,300,180,180,300,120,-120,3.934,3.966,7.901,0.4765,0.0000,0.5235,0.2940
legacy_base60,300,180,180,360,120,-180,3.794,4.041,7.835,0.4520,0.0000,0.5480,0.3015
legacy_base60,300,180,180,420,120,-240,3.341,3.925,7.266,0.3910,0.0000,0.6090,0.3085
legacy_base60,300,180,240,180,60,0,4.979,4.530,9.509,0.5695,0.0000,0.4305,0.3715
legacy_base60,300,180,240,240,60,-60,4.612,4.598,9.210,0.5050,0.0000,0.4950,0.3280
legacy_base60,300,180,240,300,60,-120,3.995,4.554,8.549,0.4080,0.0000,0.5920,0.3330
legacy_base60,300,180,240,360,60,-180,3.792,4.530,8.323,0.3695,0.0000,0.6305,0.3325
legacy_base60,300,180,240,420,60,-240,3.314,4.601,7.915,0.2835,0.0000,0.7165,0.3770
legacy_base60,300,180,300,180,0,0,5.019,5.032,10.051,0.4950,0.0000,0.5050,0.3570
legacy_base60,300,180,300,240,0,-60,4.673,5.014,9.687,0.4445,0.0000,0.5555,0.3575
legacy_base60,300,180,300,300,0,-120,4.001,5.037,9.038,0.3390,0.0000,0.6610,0.3575
legacy_base60,300,180,300,360,0,-180,3.734,5.014,8.748,0.3100,0.0000,0.6900,0.3825
legacy_base60,300,180,300,420,0,-240,3.350,4.999,8.349,0.2565,0.0000,0.7435,0.4130
legacy_base60,300,180,360,180,-60,0,4.979,5.407,10.386,0.4375,0.0000,0.5625,0.3705
legacy_base60,300,180,360,240,-60,-60,4.579,5.434,10.012,0.3665,0.0000,0.6335,0.3795
legacy_base60,300,180,360,300,-60,-120,3.982,5.367,9.349,0.2855,0.0000,0.7145,0.3865
legacy_base60,300,180,360,360,-60,-180,3.740,5.412,9.152,0.2385,0.0000,0.7615,0.4205
legacy_base60,300,180,360,420,-60,-240,3.304,5.368,8.672,0.1980,0.0000,0.8020,0.4570
legacy_base60,300,180,420,180,-120,0,5.050,5.633,10.683,0.4055,0.0000,0.5945,0.3900
legacy_base60,300,180,420,240,-120,-60,4.511,5.484,9.995,0.3560,0.0000,0.6440,0.3765
legacy_base60,300,180,420,300,-120,-120,3.874,5.625,9.499,0.2455,0.0000,0.7545,0.4520
legacy_base60,300,180,420,360,-120,-180,3.793,5.595,9.389,0.2465,0.0000,0.7535,0.4630
legacy_base60,300,180,420,420,-120,-240,3.260,5.639,8.899,0.1635,0.0000,0.8365,0.5075
legacy_base60,300,240,180,180,120,60,4.947,3.497,8.444,0.7315,0.0000,0.2685,0.3765
legacy_base60,300,240,180,240,120,0,4.599,3.541,8.139,0.6705,0.0000,0.3295,0.3560
legacy_base60,300,240,180,300,120,-60,3.988,3.527,7.515,0.5830,0.0000,0.4170,0.3230
legacy_base60,300,240,180,360,120,-120,3.737,3.557,7.293,0.5240,0.0000,0.4760,0.2860
legacy_base60,300,240,180,420,120,-180,3.371,3.572,6.944,0.4565,0.0000,0.5435,0.2975
legacy_base60,300,240,240,180,60,60,5.071,3.973,9.043,0.6700,0.0000,0.3300,0.3755
legacy_base60,300,240,240,240,60,0,4.593,3.899,8.492,0.6070,0.0000,0.3930,0.3465
legacy_base60,300,240,240,300,60,-60,3.945,3.878,7.823,0.5035,0.0000,0.4965,0.3105
legacy_base60,300,240,240,360,60,-120,3.733,3.967,7.700,0.4625,0.0000,0.5375,0.2890
legacy_base60,300,240,240,420,60,-180,3.358,3.994,7.352,0.3965,0.0000,0.6035,0.3120
legacy_base60,300,240,300,180,0,60,4.958,4.537,9.495,0.5710,0.0000,0.4290,0.3530
legacy_base60,300,240,300,240,0,0,4.642,4.537,9.179,0.5100,0.0000,0.4900,0.3535
legacy_base60,300,240,300,300,0,-60,3.947,4.643,8.590,0.3880,0.0000,0.6120,0.3580
legacy_base60,300,240,300,360,0,-120,3.713,4.580,8.293,0.3490,0.0000,0.6510,0.3440
legacy_base60,300,240,300,420,0,-180,3.252,4.527,7.779,0.3060,0.0000,0.6940,0.3775
legacy_base60,300,240,360,180,-60,60,4.981,4.798,9.779,0.5085,0.0000,0.4915,0.3545
legacy_base60,300,240,360,240,-60,0,4.601,4.736,9.337,0.4740,0.0000,0.5260,0.3505
legacy_base60,300,240,360,300,-60,-60,4.048,4.807,8.855,0.3750,0.0000,0.6250,0.3575
legacy_base60,300,240,360,360,-60,-120,3.820,4.760,8.579,0.3545,0.0000,0.6455,0.3555
legacy_base60,300,240,360,420,-60,-180,3.316,4.697,8.012,0.2750,0.0000,0.7250,0.3720
legacy_base60,300,240,420,180,-120,60,5.071,5.212,10.283,0.4815,0.0000,0.5185,0.3755
legacy_base60,300,240,420,240,-120,0,4.596,5.188,9.784,0.4070,0.0000,0.5930,0.3740
legacy_base60,300,240,420,300,-120,-60,3.949,5.207,9.156,0.3110,0.0000,0.6890,0.3920
legacy_base60,300,240,420,360,-120,-120,3.732,5.229,8.962,0.2750,0.0000,0.7250,0.3970
legacy_base60,300,240,420,420,-120,-180,3.339,5.194,8.534,0.2285,0.0000,0.7715,0.4545
legacy_base60,300,300,180,180,120,120,4.958,2.880,7.838,0.8055,0.0000,0.1945,0.4775
legacy_base60,300,300,180,240,120,60,4.548,2.927,7.475,0.7530,0.0000,0.2470,0.4070
legacy_base60,300,300,180,300,120,0,4.034,2.940,6.974,0.6900,0.0000,0.3100,0.3375
legacy_base60,300,300,180,360,120,-60,3.730,2.888,6.617,0.6545,0.0000,0.3455,0.2950
legacy_base60,300,300,180,420,120,-120,3.354,2.981,6.335,0.5580,0.0000,0.4420,0.2785
legacy_base60,300,300,240,180,60,120,4.957,3.516,8.473,0.7210,0.0000,0.2790,0.3925
legacy_base60,300,300,240,240,60,60,4.570,3.593,8.163,0.6520,0.0000,0.3480,0.3465
legacy_base60,300,300,240,300,60,0,4.036,3.611,7.647,0.5790,0.0000,0.4210,0.3000
legacy_base60,300,300,240,360,60,-60,3.780,3.568,7.348,0.5340,0.0000,0.4660,0.3025
legacy_base60,300,300,240,420,60,-120,3.288,3.530,6.818,0.4565,0.0000,0.5435,0.2915
legacy_base60,300,300,300,180,0,120,5.020,3.934,8.954,0.6700,0.0000,0.3300,0.3755
legacy_base60,300,300,300,240,0,60,4.524,3.959,8.484,0.5890,0.0000,0.4110,0.3350
legacy_base60,300,300,300,300,0,0,4.066,4.080,8.146,0.4985,0.0000,0.5015,0.3270
legacy_base60,300,300,300,360,0,-60,3.772,3.962,7.734,0.4675,0.0000,0.5325,0.3260
legacy_base60,300,300,300,420,0,-120,3.325,3.972,7.297,0.3855,0.0000,0.6145,0.3100
legacy_base60,300,300,360,180,-60,120,4.995,4.345,9.340,0.5925,0.0000,0.4075,0.3615
legacy_base60,300,300,360,240,-60,60,4.574,4.267,8.841,0.5500,0.0000,0.4500,0.3425
legacy_base60,300,300,360,300,-60,0,3.937,4.388,8.325,0.4215,0.0000,0.5785,0.3380
legacy_base60,300,300,360,360,-60,-60,3.786,4.378,8.164,0.4055,0.0000,0.5945,0.3395
legacy_base60,300,300,360,420,-60,-120,3.332,4.325,7.657,0.3360,0.0000,0.6640,0.3405
legacy_base60,300,300,420,180,-120,120,4.992,4.822,9.813,0.5260,0.0000,0.4740,0.3490
legacy_base60,300,300,420,240,-120,60,4.571,4.838,9.409,0.4575,0.0000,0.5425,0.3555
legacy_base60,300,300,420,300,-120,0,3.994,4.853,8.847,0.3705,0.0000,0.6295,0.3590
legacy_base60,300,300,420,360,-120,-60,3.811,4.769,8.579,0.3460,0.0000,0.6540,0.3695
legacy_base60,300,300,420,420,-120,-120,3.337,4.784,8.121,0.2735,0.0000,0.7265,0.4040
legacy_base60,300,360,180,180,120,180,4.916,2.671,7.587,0.8350,0.0000,0.1650,0.4880
legacy_base60,300,360,180,240,120,120,4.567,2.718,7.285,0.7865,0.0000,0.2135,0.4130
legacy_base60,300,360,180,300,120,60,4.001,2.727,6.728,0.7185,0.0000,0.2815,0.3430
legacy_base60,300,360,180,360,120,0,3.732,2.776,6.508,0.6740,0.0000,0.3260,0.2945
legacy_base60,300,360,180,420,120,-60,3.376,2.655,6.031,0.6260,0.0000,0.3740,0.2905
legacy_base60,300,360,240,180,60,180,4.974,3.130,8.104,0.7885,0.0000,0.2115,0.4365
legacy_base60,300,360,240,240,60,120,4.628,3.123,7.751,0.7450,0.0000,0.2550,0.3725
legacy_base60,300,360,240,300,60,60,3.937,3.103,7.040,0.6440,0.0000,0.3560,0.3050
legacy_base60,300,360,240,360,60,0,3.850,3.161,7.011,0.6200,0.0000,0.3800,0.3055
legacy_base60,300,360,240,420,60,-60,3.352,3.191,6.542,0.5320,0.0000,0.4680,0.2855
legacy_base60,300,360,300,180,0,180,5.010,3.725,8.735,0.6910,0.0000,0.3090,0.4000
legacy_base60,300,360,300,240,0,120,4.611,3.752,8.363,0.6335,0.0000,0.3665,0.3555
legacy_base60,300,360,300,300,0,60,4.022,3.789,7.812,0.5405,0.0000,0.4595,0.3245
legacy_base60,300,360,300,360,0,0,3.828,3.800,7.627,0.5060,0.0000,0.4940,0.2880
legacy_base60,300,360,300,420,0,-60,3.374,3.812,7.186,0.4240,0.0000,0.5760,0.3205
legacy_base60,300,360,360,180,-60,180,5.035,3.949,8.984,0.6640,0.0000,0.3360,0.3830
legacy_base60,300,360,360,240,-60,120,4.566,4.002,8.567,0.5945,0.0000,0.4055,0.3310
legacy_base60,300,360,360,300,-60,60,3.954,3.970,7.925,0.5010,0.0000,0.4990,0.3100
legacy_base60,300,360,360,360,-60,0,3.707,3.954,7.661,0.4535,0.0000,0.5465,0.3285
legacy_base60,300,360,360,420,-60,-60,3.349,3.936,7.285,0.4025,0.0000,0.5975,0.3065
legacy_base60,300,360,420,180,-120,180,4.976,4.383,9.360,0.5945,0.0000,0.4055,0.3645
legacy_base60,300,360,420,240,-120,120,4.583,4.364,8.948,0.5440,0.0000,0.4560,0.3500
legacy_base60,300,360,420,300,-120,60,3.928,4.370,8.298,0.4240,0.0000,0.5760,0.3495
legacy_base60,300,360,420,360,-120,0,3.797,4.439,8.236,0.3975,0.0000,0.6025,0.3540
legacy_base60,300,360,420,420,-120,-60,3.324,4.402,7.726,0.3225,0.0000,0.6775,0.3500
legacy_base60,300,420,180,180,120,240,4.918,2.286,7.204,0.8765,0.0000,0.1235,0.5330
legacy_base60,300,420,180,240,120,180,4.567,2.296,6.864,0.8535,0.0000,0.1465,0.4745
legacy_base60,300,420,180,300,120,120,3.950,2.291,6.241,0.7860,0.0000,0.2140,0.3735
legacy_base60,300,420,180,360,120,60,3.755,2.345,6.099,0.7410,0.0000,0.2590,0.3375
legacy_base60,300,420,180,420,120,0,3.301,2.262,5.563,0.6805,0.0000,0.3195,0.3115
legacy_base60,300,420,240,180,60,240,4.916,2.854,7.771,0.8140,0.0000,0.1860,0.4465
legacy_base60,300,420,240,240,60,180,4.553,2.876,7.429,0.7650,0.0000,0.2350,0.3960
legacy_base60,300,420,240,300,60,120,3.994,2.978,6.972,0.6740,0.0000,0.3260,0.3295
legacy_base60,300,420,240,360,60,60,3.759,3.006,6.765,0.6285,0.0000,0.3715,0.3050
legacy_base60,300,420,240,420,60,0,3.359,2.970,6.329,0.5835,0.0000,0.4165,0.2670
legacy_base60,300,420,300,180,0,240,4.995,3.274,8.268,0.7580,0.0000,0.2420,0.4330
legacy_base60,300,420,300,240,0,180,4.620,3.398,8.018,0.6935,0.0000,0.3065,0.3685
legacy_base60,300,420,300,300,0,120,3.936,3.381,7.316,0.5895,0.0000,0.4105,0.2975
legacy_base60,300,420,300,360,0,60,3.852,3.375,7.226,0.5860,0.0000,0.4140,0.3125
legacy_base60,300,420,300,420,0,0,3.464,3.333,6.797,0.5260,0.0000,0.4740,0.2935
legacy_base60,300,420,360,180,-60,240,5.003,3.735,8.737,0.6835,0.0000,0.3165,0.3745
legacy_base60,300,420,360,240,-60,180,4.620,3.764,8.385,0.6395,0.0000,0.3605,0.3565
legacy_base60,300,420,360,300,-60,120,4.005,3.749,7.755,0.5405,0.0000,0.4595,0.3040
legacy_base60,300,420,360,360,-60,60,3.787,3.778,7.565,0.5050,0.0000,0.4950,0.3255
legacy_base60,300,420,360,420,-60,0,3.413,3.793,7.206,0.4375,0.0000,0.5625,0.2995
legacy_base60,300,420,420,180,-120,240,4.973,3.944,8.918,0.6565,0.0000,0.3435,0.3575
legacy_base60,300,420,420,240,-120,180,4.603,4.026,8.629,0.5920,0.0000,0.4080,0.3335
legacy_base60,300,420,420,300,-120,120,4.025,3.937,7.962,0.5105,0.0000,0.4895,0.3210
legacy_base60,300,420,420,360,-120,60,3.766,3.972,7.738,0.4630,0.0000,0.5370,0.2875
legacy_base60,300,420,420,420,-120,0,3.372,3.989,7.361,0.3985,0.0000,0.6015,0.3400
legacy_base60,360,180,180,180,180,0,5.351,3.961,9.312,0.7245,0.0000,0.2755,0.3990
legacy_base60,360,180,180,240,180,-60,4.784,4.033,8.817,0.6180,0.0000,0.3820,0.3595
legacy_base60,360,180,180,300,180,-120,4.478,3.937,8.415,0.5855,0.0000,0.4145,0.3470
legacy_base60,360,180,180,360,180,-180,4.038,3.970,8.008,0.5075,0.0000,0.4925,0.3235
legacy_base60,360,180,180,420,180,-240,3.744,3.970,7.713,0.4655,0.0000,0.5345,0.3140
legacy_base60,360,180,240,180,120,0,5.454,4.585,10.038,0.6260,0.0000,0.3740,0.3895
legacy_base60,360,180,240,240,120,-60,4.760,4.599,9.359,0.5220,0.0000,0.4780,0.3600
legacy_base60,360,180,240,300,120,-120,4.463,4.644,9.106,0.4635,0.0000,0.5365,0.3225
legacy_base60,360,180,240,360,120,-180,3.966,4.580,8.546,0.4090,0.0000,0.5910,0.3460
legacy_base60,360,180,240,420,120,-240,3.725,4.506,8.231,0.3670,0.0000,0.6330,0.3340
legacy_base60,360,180,300,180,60,0,5.402,4.907,10.310,0.5830,0.0000,0.4170,0.3800
legacy_base60,360,180,300,240,60,-60,4.821,5.016,9.837,0.4840,0.0000,0.5160,0.3640
legacy_base60,360,180,300,300,60,-120,4.407,5.005,9.411,0.3990,0.0000,0.6010,0.3715
legacy_base60,360,180,300,360,60,-180,4.035,4.901,8.936,0.3585,0.0000,0.6415,0.3655
legacy_base60,360,180,300,420,60,-240,3.736,5.044,8.779,0.2955,0.0000,0.7045,0.3655
legacy_base60,360,180,360,180,0,0,5.385,5.402,10.787,0.5030,0.0000,0.4970,0.3780
legacy_base60,360,180,360,240,0,-60,4.852,5.345,10.197,0.4285,0.0000,0.5715,0.3720
legacy_base60,360,180,360,300,0,-120,4.413,5.449,9.862,0.3405,0.0000,0.6595,0.3830
legacy_base60,360,180,360,360,0,-180,3.956,5.364,9.320,0.2910,0.0000,0.7090,0.3995
legacy_base60,360,180,360,420,0,-240,3.708,5.357,9.065,0.2610,0.0000,0.7390,0.4545
legacy_base60,360,180,420,180,-60,0,5.368,5.596,10.964,0.4675,0.0000,0.5325,0.3760
legacy_base60,360,180,420,240,-60,-60,4.688,5.548,10.236,0.3710,0.0000,0.6290,0.3865
legacy_base60,360,180,420,300,-60,-120,4.353,5.572,9.924,0.3225,0.0000,0.6775,0.4180
legacy_base60,360,180,420,360,-60,-180,3.902,5.657,9.560,0.2460,0.0000,0.7540,0.4435
legacy_base60,360,180,420,420,-60,-240,3.732,5.620,9.352,0.2375,0.0000,0.7625,0.4595
legacy_base60,360,240,180,180,180,60,5.375,3.499,8.873,0.7730,0.0000,0.2270,0.4470
legacy_base60,360,240,180,240,180,0,4.845,3.517,8.361,0.6985,0.0000,0.3015,0.4000
legacy_base60,360,240,180,300,180,-60,4.385,3.600,7.985,0.6340,0.0000,0.3660,0.3325
legacy_base60,360,240,180,360,180,-120,3.962,3.511,7.473,0.5780,0.0000,0.4220,0.3175
legacy_base60,360,240,180,420,180,-180,3.746,3.600,7.346,0.5280,0.0000,0.4720,0.3045
legacy_base60,360,240,240,180,120,60,5.384,3.970,9.354,0.7070,0.0000,0.2930,0.4230
legacy_base60,360,240,240,240,120,0,4.779,3.949,8.728,0.6360,0.0000,0.3640,0.3435
legacy_base60,360,240,240,300,120,-60,4.434,3.995,8.428,0.5630,0.0000,0.4370,0.3565
legacy_base60,360,240,240,360,120,-120,3.981,3.976,7.957,0.5155,0.0000,0.4845,0.3105
legacy_base60,360,240,240,420,120,-180,3.756,3.990,7.746,0.4625,0.0000,0.5375,0.3045
legacy_base60,360,240,300,180,60,60,5.364,4.624,9.988,0.6085,0.0000,0.3915,0.3720
legacy_base60,360,240,300,240,60,0,4.799,4.555,9.354,0.5440,0.0000,0.4560,0.3725
legacy_base60,360,240,300,300,60,-60,4.317,4.607,8.925,0.4500,0.0000,0.5500,0.3380
legacy_base60,360,240,300,360,60,-120,3.936,4.522,8.458,0.4080,0.0000,0.5920,0.3445
legacy_base60,360,240,300,420,60,-180,3.707,4.636,8.343,0.3670,0.0000,0.6330,0.3545
legacy_base60,360,240,360,180,0,60,5.468,4.735,10.203,0.6135,0.0000,0.3865,0.3750
legacy_base60,360,240,360,240,0,0,4.867,4.763,9.630,0.5285,0.0000,0.4715,0.3430
legacy_base60,360,240,360,300,0,-60,4.381,4.782,9.163,0.4300,0.0000,0.5700,0.3670
legacy_base60,360,240,360,360,0,-120,3.950,4.833,8.783,0.3715,0.0000,0.6285,0.3675
legacy_base60,360,240,360,420,0,-180,3.713,4.736,8.450,0.3480,0.0000,0.6520,0.3890
legacy_base60,360,240,420,180,-60,60,5.379,5.167,10.546,0.5340,0.0000,0.4660,0.3885
legacy_base60,360,240,420,240,-60,0,4.753,5.220,9.972,0.4265,0.0000,0.5735,0.3735
legacy_base60,360,240,420,300,-60,-60,4.452,5.234,9.686,0.3845,0.0000,0.6155,0.3635
legacy_base60,360,240,420,360,-60,-120,3.964,5.197,9.162,0.3175,0.0000,0.6825,0.4145
legacy_base60,360,240,420,420,-60,-180,3.689,5.171,8.861,0.2770,0.0000,0.7230,0.4100
legacy_base60,360,300,180,180,180,120,5.337,2.881,8.218,0.8495,0.0000,0.1505,0.5080
legacy_base60,360,300,180,240,180,60,4.742,2.921,7.663,0.7970,0.0000,0.2030,0.4140
legacy_base60,360,300,180,300,180,0,4.431,2.894,7.326,0.7555,0.0000,0.2445,0.3685
legacy_base60,360,300,180,360,180,-60,3.925,2.861,6.787,0.6900,0.0000,0.3100,0.3275
legacy_base60,360,300,180,420,180,-120,3.726,2.868,6.594,0.6425,0.0000,0.3575,0.2900
legacy_base60,360,300,240,180,120,120,5.343,3.502,8.845,0.7680,0.0000,0.2320,0.4445
legacy_base60,360,300,240,240,120,60,4.720,3.542,8.262,0.6890,0.0000,0.3110,0.3715
legacy_base60,360,300,240,300,120,0,4.394,3.549,7.944,0.6440,0.0000,0.3560,0.3315
legacy_base60,360,300,240,360,120,-60,4.039,3.515,7.554,0.5885,0.0000,0.4115,0.3290
legacy_base60,360,300,240,420,120,-120,3.830,3.548,7.378,0.5575,0.0000,0.4425,0.3065
legacy_base60,360,300,300,180,60,120,5.409,3.955,9.364,0.7190,0.0000,0.2810,0.4115
legacy_base60,360,300,300,240,60,60,4.681,3.974,8.655,0.6155,0.0000,0.3845,0.3490
legacy_base60,360,300,300,300,60,0,4.348,4.036,8.384,0.5495,0.0000,0.4505,0.3470
legacy_base60,360,300,300,360,60,-60,4.057,4.022,8.079,0.5155,0.0000,0.4845,0.3110
legacy_base60,360,300,300,420,60,-120,3.822,3.979,7.801,0.4695,0.0000,0.5305,0.2960
legacy_base60,360,300,360,180,0,120,5.361,4.367,9.727,0.6475,0.0000,0.3525,0.3765
legacy_base60,360,300,360,240,0,60,4.820,4.338,9.158,0.5740,0.0000,0.4260,0.3420
legacy_base60,360,300,360,300,0,0,4.350,4.428,8.778,0.4950,0.0000,0.5050,0.3230
legacy_base60,360,300,360,360,0,-60,4.072,4.285,8.357,0.4675,0.0000,0.5325,0.3320
legacy_base60,360,300,360,420,0,-120,3.741,4.354,8.095,0.3920,0.0000,0.6080,0.3430
legacy_base60,360,300,420,180,-60,120,5.391,4.833,10.224,0.5765,0.0000,0.4235,0.3930
legacy_base60,360,300,420,240,-60,60,4.894,4.788,9.682,0.5230,0.0000,0.4770,0.3690
legacy_base60,360,300,420,300,-60,0,4.412,4.750,9.162,0.4325,0.0000,0.5675,0.3395
legacy_base60,360,300,420,360,-60,-60,3.956,4.880,8.835,0.3605,0.0000,0.6395,0.3660
legacy_base60,360,300,420,420,-60,-120,3.760,4.819,8.579,0.3285,0.0000,0.6715,0.3750
legacy_base60,360,360,180,180,180,180,5.389,2.671,8.061,0.8830,0.0000,0.1170,0.5555
legacy_base60,360,360,180,240,180,120,4.731,2.724,7.455,0.8110,0.0000,0.1890,0.4345
legacy_base60,360,360,180,300,180,60,4.383,2.715,7.098,0.7735,0.0000,0.2265,0.3950
legacy_base60,360,360,180,360,180,0,4.026,2.764,6.789,0.7170,0.0000,0.2830,0.3335
legacy_base60,360,360,180,420,180,-60,3.763,2.686,6.449,0.6775,0.0000,0.3225,0.3250
legacy_base60,360,360,240,180,120,180,5.380,3.053,8.433,0.8400,0.0000,0.1600,0.5035
legacy_base60,360,360,240,240,120,120,4.816,3.121,7.937,0.7605,0.0000,0.2395,0.4255
legacy_base60,360,360,240,300,120,60,4.386,3.156,7.542,0.7020,0.0000,0.2980,0.3525
legacy_base60,360,360,240,360,120,0,3.999,3.116,7.115,0.6435,0.0000,0.3565,0.3265
legacy_base60,360,360,240,420,120,-60,3.753,3.132,6.886,0.6105,0.0000,0.3895,0.2925
legacy_base60,360,360,300,180,60,180,5.346,3.738,9.085,0.7400,0.0000,0.2600,0.4180
legacy_base60,360,360,300,240,60,120,4.780,3.763,8.543,0.6655,0.0000,0.3345,0.3590
legacy_base60,360,360,300,300,60,60,4.379,3.761,8.140,0.5990,0.0000,0.4010,0.3335
legacy_base60,360,360,300,360,60,0,3.994,3.779,7.773,0.5390,0.0000,0.4610,0.2970
legacy_base60,360,360,300,420,60,-60,3.756,3.781,7.537,0.4935,0.0000,0.5065,0.3135
legacy_base60,360,360,360,180,0,180,5.372,3.878,9.250,0.7190,0.0000,0.2810,0.4175
legacy_base60,360,360,360,240,0,120,4.830,3.986,8.816,0.6300,0.0000,0.3700,0.3700
legacy_base60,360,360,360,300,0,60,4.326,3.958,8.284,0.5675,0.0000,0.4325,0.3200
legacy_base60,360,360,360,360,0,0,4.002,3.917,7.918,0.5075,0.0000,0.4925,0.3195
legacy_base60,360,360,360,420,0,-60,3.745,3.930,7.675,0.4610,0.0000,0.5390,0.3025
legacy_base60,360,360,420,180,-60,180,5.402,4.404,9.805,0.6435,0.0000,0.3565,0.3730
legacy_base60,360,360,420,240,-60,120,4.836,4.375,9.210,0.5750,0.0000,0.4250,0.3600
legacy_base60,360,360,420,300,-60,60,4.340,4.312,8.652,0.4990,0.0000,0.5010,0.3320
legacy_base60,360,360,420,360,-60,0,3.920,4.293,8.213,0.4285,0.0000,0.5715,0.3220
legacy_base60,360,360,420,420,-60,-60,3.808,4.430,8.239,0.3940,0.0000,0.6060,0.3290
legacy_base60,360,420,180,180,180,240,5.342,2.266,7.608,0.9130,0.0000,0.0870,0.5990
legacy_base60,360,420,180,240,180,180,4.670,2.252,6.922,0.8575,0.0000,0.1425,0.4990
legacy_base60,360,420,180,300,180,120,4.327,2.253,6.580,0.8285,0.0000,0.1715,0.4300
legacy_base60,360,420,180,360,180,60,3.997,2.315,6.312,0.7885,0.0000,0.2115,0.3785
legacy_base60,360,420,180,420,180,0,3.744,2.353,6.097,0.7350,0.0000,0.2650,0.3440
legacy_base60,360,420,240,180,120,240,5.438,2.945,8.383,0.8415,0.0000,0.1585,0.5245
legacy_base60,360,420,240,240,120,180,4.745,2.887,7.633,0.7950,0.0000,0.2050,0.4200
legacy_base60,360,420,240,300,120,120,4.399,2.901,7.300,0.7405,0.0000,0.2595,0.3855
legacy_base60,360,420,240,360,120,60,3.965,2.944,6.909,0.6610,0.0000,0.3390,0.3560
legacy_base60,360,420,240,420,120,0,3.747,2.944,6.691,0.6365,0.0000,0.3635,0.3110
legacy_base60,360,420,300,180,60,240,5.315,3.289,8.604,0.7980,0.0000,0.2020,0.4650
legacy_base60,360,420,300,240,60,180,4.779,3.360,8.138,0.7200,0.0000,0.2800,0.3910
legacy_base60,360,420,300,300,60,120,4.370,3.276,7.646,0.6690,0.0000,0.3310,0.3620
legacy_base60,360,420,300,360,60,60,3.982,3.398,7.380,0.6080,0.0000,0.3920,0.2915
legacy_base60,360,420,300,420,60,0,3.781,3.337,7.118,0.5670,0.0000,0.4330,0.2900
legacy_base60,360,420,360,180,0,240,5.375,3.704,9.079,0.7565,0.0000,0.2435,0.4100
legacy_base60,360,420,360,240,0,180,4.742,3.716,8.457,0.6570,0.0000,0.3430,0.3745
legacy_base60,360,420,360,300,0,120,4.303,3.785,8.088,0.5840,0.0000,0.4160,0.3305
legacy_base60,360,420,360,360,0,60,3.904,3.736,7.640,0.5290,0.0000,0.4710,0.3040
legacy_base60,360,420,360,420,0,0,3.849,3.775,7.624,0.5200,0.0000,0.4800,0.2975
legacy_base60,360,420,420,180,-60,240,5.361,3.942,9.303,0.7100,0.0000,0.2900,0.4355
legacy_base60,360,420,420,240,-60,180,4.817,3.917,8.735,0.6425,0.0000,0.3575,0.3620
legacy_base60,360,420,420,300,-60,120,4.481,3.962,8.443,0.5830,0.0000,0.4170,0.3235
legacy_base60,360,420,420,360,-60,60,3.929,3.980,7.909,0.4910,0.0000,0.5090,0.3080
legacy_base60,360,420,420,420,-60,0,3.778,4.059,7.838,0.4565,0.0000,0.5435,0.3090
legacy_base60,420,180,180,180,240,0,5.633,3.909,9.542,0.7525,0.0000,0.2475,0.4505
legacy_base60,420,180,180,240,240,-60,5.165,3.984,9.149,0.6820,0.0000,0.3180,0.3900
legacy_base60,420,180,180,300,240,-120,4.702,4.027,8.729,0.6055,0.0000,0.3945,0.3575
legacy_base60,420,180,180,360,240,-180,4.306,3.974,8.280,0.5515,0.0000,0.4485,0.3290
legacy_base60,420,180,180,420,240,-240,3.975,3.964,7.939,0.4930,0.0000,0.5070,0.3140
legacy_base60,420,180,240,180,180,0,5.554,4.558,10.112,0.6395,0.0000,0.3605,0.4060
legacy_base60,420,180,240,240,180,-60,5.108,4.534,9.642,0.5880,0.0000,0.4120,0.3585
legacy_base60,420,180,240,300,180,-120,4.830,4.535,9.365,0.5445,0.0000,0.4555,0.3665
legacy_base60,420,180,240,360,180,-180,4.310,4.624,8.934,0.4575,0.0000,0.5425,0.3610
legacy_base60,420,180,240,420,180,-240,4.008,4.654,8.662,0.3940,0.0000,0.6060,0.3395
legacy_base60,420,180,300,180,120,0,5.605,4.900,10.505,0.6030,0.0000,0.3970,0.3950
legacy_base60,420,180,300,240,120,-60,5.111,4.984,10.095,0.5090,0.0000,0.4910,0.3655
legacy_base60,420,180,300,300,120,-120,4.765,4.981,9.746,0.4650,0.0000,0.5350,0.3475
legacy_base60,420,180,300,360,120,-180,4.333,5.037,9.370,0.3865,0.0000,0.6135,0.3730
legacy_base60,420,180,300,420,120,-240,3.960,4.982,8.942,0.3505,0.0000,0.6495,0.3790
legacy_base60,420,180,360,180,60,0,5.520,5.434,10.954,0.5080,0.0000,0.4920,0.3770
legacy_base60,420,180,360,240,60,-60,5.188,5.438,10.625,0.4655,0.0000,0.5345,0.3815
legacy_base60,420,180,360,300,60,-120,4.740,5.471,10.212,0.3920,0.0000,0.6080,0.3610
legacy_base60,420,180,360,360,60,-180,4.340,5.376,9.716,0.3360,0.0000,0.6640,0.3950
legacy_base60,420,180,360,420,60,-240,3.825,5.329,9.154,0.2775,0.0000,0.7225,0.4185
legacy_base60,420,180,420,180,0,0,5.707,5.638,11.345,0.5055,0.0000,0.4945,0.3760
legacy_base60,420,180,420,240,0,-60,5.251,5.612,10.864,0.4395,0.0000,0.5605,0.3820
legacy_base60,420,180,420,300,0,-120,4.753,5.579,10.331,0.3800,0.0000,0.6200,0.3665
legacy_base60,420,180,420,360,0,-180,4.439,5.625,10.064,0.3270,0.0000,0.6730,0.4030
legacy_base60,420,180,420,420,0,-240,3.974,5.557,9.531,0.2685,0.0000,0.7315,0.4080
legacy_base60,420,240,180,180,240,60,5.511,3.502,9.013,0.7910,0.0000,0.2090,0.4815
legacy_base60,420,240,180,240,240,0,5.149,3.469,8.618,0.7535,0.0000,0.2465,0.4250
legacy_base60,420,240,180,300,240,-60,4.830,3.490,8.320,0.7230,0.0000,0.2770,0.3615
legacy_base60,420,240,180,360,240,-120,4.412,3.566,7.978,0.6470,0.0000,0.3530,0.3350
legacy_base60,420,240,180,420,240,-180,3.983,3.554,7.538,0.5730,0.0000,0.4270,0.3120
legacy_base60,420,240,240,180,180,60,5.559,3.934,9.492,0.7365,0.0000,0.2635,0.4340
legacy_base60,420,240,240,240,180,0,5.178,3.973,9.151,0.6820,0.0000,0.3180,0.3760
legacy_base60,420,240,240,300,180,-60,4.807,3.965,8.772,0.6340,0.0000,0.3660,0.3780
legacy_base60,420,240,240,360,180,-120,4.434,4.091,8.525,0.5460,0.0000,0.4540,0.3250
legacy_base60,420,240,240,420,180,-180,3.978,4.036,8.014,0.4890,0.0000,0.5110,0.3050
legacy_base60,420,240,300,180,120,60,5.700,4.572,10.271,0.6535,0.0000,0.3465,0.4050
legacy_base60,420,240,300,240,120,0,5.236,4.638,9.873,0.6000,0.0000,0.4000,0.3565
legacy_base60,420,240,300,300,120,-60,4.759,4.521,9.280,0.5435,0.0000,0.4565,0.3270
legacy_base60,420,240,300,360,120,-120,4.393,4.550,8.943,0.4650,0.0000,0.5350,0.3150
legacy_base60,420,240,300,420,120,-180,3.905,4.596,8.502,0.3885,0.0000,0.6115,0.3480
legacy_base60,420,240,360,180,60,60,5.635,4.763,10.397,0.6285,0.0000,0.3715,0.3865
legacy_base60,420,240,360,240,60,0,5.152,4.795,9.947,0.5545,0.0000,0.4455,0.3565
legacy_base60,420,240,360,300,60,-60,4.840,4.838,9.678,0.4975,0.0000,0.5025,0.3880
legacy_base60,420,240,360,360,60,-120,4.316,4.757,9.072,0.4295,0.0000,0.5705,0.3415
legacy_base60,420,240,360,420,60,-180,3.939,4.789,8.728,0.3685,0.0000,0.6315,0.3430
legacy_base60,420,240,420,180,0,60,5.678,5.234,10.912,0.5615,0.0000,0.4385,0.3655
legacy_base60,420,240,420,240,0,0,5.234,5.093,10.327,0.5275,0.0000,0.4725,0.3890
legacy_base60,420,240,420,300,0,-60,4.827,5.219,10.046,0.4440,0.0000,0.5560,0.3640
legacy_base60,420,240,420,360,0,-120,4.385,5.244,9.629,0.3660,0.0000,0.6340,0.3685
legacy_base60,420,240,420,420,0,-180,4.029,5.223,9.252,0.3150,0.0000,0.6850,0.3995
legacy_base60,420,300,180,180,240,120,5.633,2.799,8.432,0.8835,0.0000,0.1165,0.5580
legacy_base60,420,300,180,240,240,60,5.136,2.928,8.064,0.8300,0.0000,0.1700,0.4810
legacy_base60,420,300,180,300,240,0,4.785,2.943,7.728,0.7950,0.0000,0.2050,0.4250
legacy_base60,420,300,180,360,240,-60,4.408,2.898,7.306,0.7440,0.0000,0.2560,0.3800
legacy_base60,420,300,180,420,240,-120,3.941,3.026,6.967,0.6600,0.0000,0.3400,0.3190
legacy_base60,420,300,240,180,180,120,5.670,3.511,9.181,0.8050,0.0000,0.1950,0.4880
legacy_base60,420,300,240,240,180,60,5.153,3.506,8.659,0.7535,0.0000,0.2465,0.4245
legacy_base60,420,300,240,300,180,0,4.779,3.538,8.316,0.6945,0.0000,0.3055,0.3585
legacy_base60,420,300,240,360,180,-60,4.511,3.578,8.089,0.6555,0.0000,0.3445,0.3500
legacy_base60,420,300,240,420,180,-120,3.973,3.567,7.540,0.5590,0.0000,0.4410,0.3085
legacy_base60,420,300,300,180,120,120,5.602,3.991,9.593,0.7295,0.0000,0.2705,0.4405
legacy_base60,420,300,300,240,120,60,5.284,3.974,9.258,0.7025,0.0000,0.2975,0.3765
legacy_base60,420,300,300,300,120,0,4.755,3.996,8.751,0.6140,0.0000,0.3860,0.3580
legacy_base60,420,300,300,360,120,-60,4.444,4.044,8.488,0.5765,0.0000,0.4235,0.3220
legacy_base60,420,300,300,420,120,-120,3.938,4.005,7.943,0.4935,0.0000,0.5065,0.3115
legacy_base60,420,300,360,180,60,120,5.601,4.375,9.976,0.6835,0.0000,0.3165,0.4155
legacy_base60,420,300,360,240,60,60,5.226,4.405,9.631,0.6210,0.0000,0.3790,0.3760
legacy_base60,420,300,360,300,60,0,4.834,4.408,9.242,0.5740,0.0000,0.4260,0.3420
legacy_base60,420,300,360,360,60,-60,4.394,4.404,8.798,0.5040,0.0000,0.4960,0.3245
legacy_base60,420,300,360,420,60,-120,3.943,4.340,8.284,0.4290,0.0000,0.5710,0.3290
legacy_base60,420,300,420,180,0,120,5.591,4.717,10.308,0.6240,0.0000,0.3760,0.3965
legacy_base60,420,300,420,240,0,60,5.207,4.806,10.013,0.5545,0.0000,0.4455,0.3505
legacy_base60,420,300,420,300,0,0,4.744,4.756,9.500,0.5105,0.0000,0.4895,0.3335
legacy_base60,420,300,420,360,0,-60,4.397,4.811,9.207,0.4355,0.0000,0.5645,0.3475
legacy_base60,420,300,420,420,0,-120,3.942,4.830,8.772,0.3650,0.0000,0.6350,0.3550
legacy_base60,420,360,180,180,240,180,5.546,2.694,8.240,0.8835,0.0000,0.1165,0.5695
legacy_base60,420,360,180,240,240,120,5.147,2.646,7.793,0.8555,0.0000,0.1445,0.5370
legacy_base60,420,360,180,300,240,60,4.822,2.711,7.533,0.8240,0.0000,0.1760,0.4630
legacy_base60,420,360,180,360,240,0,4.374,2.715,7.088,0.7695,0.0000,0.2305,0.3800
legacy_base60,420,360,180,420,240,-60,4.006,2.716,6.722,0.7200,0.0000,0.2800,0.3585
legacy_base60,420,360,240,180,180,180,5.556,3.055,8.611,0.8545,0.0000,0.1455,0.5205
legacy_base60,420,360,240,240,180,120,5.158,3.037,8.195,0.8100,0.0000,0.1900,0.4765
legacy_base60,420,360,240,300,180,60,4.748,3.159,7.907,0.7490,0.0000,0.2510,0.3845
legacy_base60,420,360,240,360,180,0,4.410,3.115,7.526,0.7200,0.0000,0.2800,0.3650
legacy_base60,420,360,240,420,180,-60,4.010,3.043,7.053,0.6670,0.0000,0.3330,0.3180
legacy_base60,420,360,300,180,120,180,5.634,3.736,9.370,0.7730,0.0000,0.2270,0.4570
legacy_base60,420,360,300,240,120,120,5.263,3.740,9.003,0.7240,0.0000,0.2760,0.4000
legacy_base60,420,360,300,300,120,60,4.811,3.785,8.596,0.6655,0.0000,0.3345,0.3645
legacy_base60,420,360,300,360,120,0,4.439,3.761,8.201,0.6150,0.0000,0.3850,0.3420
legacy_base60,420,360,300,420,120,-60,4.021,3.792,7.813,0.5355,0.0000,0.4645,0.3145
legacy_base60,420,360,360,180,60,180,5.633,3.911,9.543,0.7410,0.0000,0.2590,0.4385
legacy_base60,420,360,360,240,60,120,5.199,3.936,9.135,0.6960,0.0000,0.3040,0.3815
legacy_base60,420,360,360,300,60,60,4.774,3.959,8.733,0.6265,0.0000,0.3735,0.3715
legacy_base60,420,360,360,360,60,0,4.397,3.974,8.372,0.5705,0.0000,0.4295,0.3250
legacy_base60,420,360,360,420,60,-60,4.032,4.050,8.082,0.5005,0.0000,0.4995,0.3145
legacy_base60,420,360,420,180,0,180,5.655,4.372,10.027,0.6855,0.0000,0.3145,0.4150
legacy_base60,420,360,420,240,0,120,5.205,4.440,9.645,0.6175,0.0000,0.3825,0.3740
legacy_base60,420,360,420,300,0,60,4.832,4.452,9.284,0.5525,0.0000,0.4475,0.3590
legacy_base60,420,360,420,360,0,0,4.412,4.356,8.767,0.5055,0.0000,0.4945,0.3360
legacy_base60,420,360,420,420,0,-60,3.921,4.409,8.329,0.4170,0.0000,0.5830,0.3350
legacy_base60,420,420,180,180,240,240,5.473,2.236,7.708,0.9240,0.0000,0.0760,0.6205
legacy_base60,420,420,180,240,240,180,5.093,2.277,7.370,0.8985,0.0000,0.1015,0.5595
legacy_base60,420,420,180,300,240,120,4.782,2.312,7.094,0.8665,0.0000,0.1335,0.5095
legacy_base60,420,420,180,360,240,60,4.293,2.315,6.607,0.8155,0.0000,0.1845,0.4280
legacy_base60,420,420,180,420,240,0,3.981,2.341,6.322,0.7855,0.0000,0.2145,0.3785
legacy_base60,420,420,240,180,180,240,5.561,2.885,8.446,0.8725,0.0000,0.1275,0.5345
legacy_base60,420,420,240,240,180,180,5.114,2.894,8.009,0.8275,0.0000,0.1725,0.4700
legacy_base60,420,420,240,300,180,120,4.847,2.873,7.720,0.8030,0.0000,0.1970,0.4415
legacy_base60,420,420,240,360,180,60,4.310,2.917,7.227,0.7240,0.0000,0.2760,0.3755
legacy_base60,420,420,240,420,180,0,3.951,2.922,6.873,0.6625,0.0000,0.3375,0.3310
legacy_base60,420,420,300,180,120,240,5.425,3.314,8.739,0.7955,0.0000,0.2045,0.4785
legacy_base60,420,420,300,240,120,180,5.209,3.307,8.515,0.7735,0.0000,0.2265,0.4450
legacy_base60,420,420,300,300,120,120,4.814,3.285,8.099,0.7355,0.0000,0.2645,0.4085
legacy_base60,420,420,300,360,120,60,4.298,3.375,7.673,0.6515,0.0000,0.3485,0.3545
legacy_base60,420,420,300,420,120,0,4.014,3.321,7.335,0.6185,0.0000,0.3815,0.3110
legacy_base60,420,420,360,180,60,240,5.649,3.740,9.389,0.7745,0.0000,0.2255,0.4520
legacy_base60,420,420,360,240,60,180,5.152,3.774,8.925,0.7120,0.0000,0.2880,0.4205
legacy_base60,420,420,360,300,60,120,4.816,3.781,8.598,0.6565,0.0000,0.3435,0.3690
legacy_base60,420,420,360,360,60,60,4.299,3.818,8.117,0.5710,0.0000,0.4290,0.3275
legacy_base60,420,420,360,420,60,0,3.985,3.772,7.757,0.5435,0.0000,0.4565,0.3055
legacy_base60,420,420,420,180,0,240,5.593,3.957,9.550,0.7395,0.0000,0.2605,0.4310
legacy_base60,420,420,420,240,0,180,5.186,3.929,9.114,0.6835,0.0000,0.3165,0.3880
legacy_base60,420,420,420,300,0,120,4.777,3.929,8.705,0.6280,0.0000,0.3720,0.3695
legacy_base60,420,420,420,360,0,60,4.332,3.962,8.294,0.5595,0.0000,0.4405,0.3200
legacy_base60,420,420,420,420,0,0,3.981,4.080,8.061,0.4835,0.0000,0.5165,0.3285
linear_ratio,180,180,180,180,0,0,10.339,10.277,20.616,0.5070,0.0000,0.4930,0.4270
linear_ratio,180,180,180,240,0,-60,8.844,10.223,19.067,0.3280,0.0000,0.6720,0.4960
linear_ratio,180,180,180,300,0,-120,7.655,10.180,17.835,0.2015,0.0000,0.7985,0.5595
linear_ratio,180,180,180,360,0,-180,6.984,10.244,17.228,0.1270,0.0000,0.8730,0.6295
linear_ratio,180,180,180,420,0,-240,6.021,10.139,16.159,0.0795,0.0000,0.9205,0.7305
linear_ratio,180,180,240,180,-60,0,10.298,11.926,22.224,0.2915,0.0000,0.7085,0.4755
linear_ratio,180,180,240,240,-60,-60,8.743,11.903,20.646,0.1450,0.0000,0.8550,0.6155
linear_ratio,180,180,240,300,-60,-120,7.682,11.858,19.541,0.0905,0.0000,0.9095,0.7245
linear_ratio,180,180,240,360,-60,-180,6.794,11.682,18.476,0.0475,0.0000,0.9525,0.8000
linear_ratio,180,180,240,420,-60,-240,5.984,11.686,17.671,0.0280,0.0000,0.9720,0.8585
linear_ratio,180,180,300,180,-120,0,10.246,12.931,23.177,0.1890,0.0000,0.8110,0.5775
linear_ratio,180,180,300,240,-120,-60,8.735,12.732,21.467,0.0905,0.0000,0.9095,0.6925
linear_ratio,180,180,300,300,-120,-120,7.707,12.752,20.459,0.0520,0.0000,0.9480,0.8130
linear_ratio,180,180,300,360,-120,-180,6.867,12.806,19.673,0.0240,0.0000,0.9760,0.8835
linear_ratio,180,180,300,420,-120,-240,6.050,12.693,18.742,0.0095,0.0000,0.9905,0.9210
linear_ratio,180,180,360,180,-180,0,10.307,13.678,23.985,0.1350,0.0000,0.8650,0.6470
linear_ratio,180,180,360,240,-180,-60,8.639,13.469,22.108,0.0510,0.0000,0.9490,0.7980
linear_ratio,180,180,360,300,-180,-120,7.612,13.491,21.103,0.0230,0.0000,0.9770,0.8805
linear_ratio,180,180,360,360,-180,-180,6.782,13.524,20.306,0.0125,0.0000,0.9875,0.9210
linear_ratio,180,180,360,420,-180,-240,5.997,13.386,19.383,0.0040,0.0000,0.9960,0.9535
linear_ratio,180,180,420,180,-240,0,10.157,14.226,24.383,0.0755,0.0000,0.9245,0.7280
linear_ratio,180,180,420,240,-240,-60,8.688,14.132,22.820,0.0265,0.0000,0.9735,0.8420
linear_ratio,180,180,420,300,-240,-120,7.663,14.011,21.674,0.0140,0.0000,0.9860,0.9130
linear_ratio,180,180,420,360,-240,-180,6.858,13.937,20.794,0.0070,0.0000,0.9930,0.9460
linear_ratio,180,180,420,420,-240,-240,6.064,14.040,20.104,0.0020,0.0000,0.9980,0.9695
linear_ratio,180,240,180,180,0,60,10.268,8.912,19.181,0.6755,0.0000,0.3245,0.4780
linear_ratio,180,240,180,240,0,0,8.831,8.877,17.709,0.4925,0.0000,0.5075,0.4335
linear_ratio,180,240,180,300,0,-60,7.874,8.848,16.723,0.3880,0.0000,0.6120,0.4680
linear_ratio,180,240,180,360,0,-120,7.049,8.851,15.901,0.2680,0.0000,0.7320,0.5005
linear_ratio,180,240,180,420,0,-180,6.115,8.807,14.922,0.1770,0.0000,0.8230,0.5795
linear_ratio,180,240,240,180,-60,60,10.277,10.301,20.578,0.4970,0.0000,0.5030,0.4415
linear_ratio,180,240,240,240,-60,0,8.832,10.322,19.154,0.3040,0.0000,0.6960,0.4855
linear_ratio,180,240,240,300,-60,-60,7.769,10.232,18.000,0.2020,0.0000,0.7980,0.5645
linear_ratio,180,240,240,360,-60,-120,7.016,10.217,17.233,0.1430,0.0000,0.8570,0.6385
linear_ratio,180,240,240,420,-60,-180,6.059,10.085,16.144,0.0785,0.0000,0.9215,0.7045
linear_ratio,180,240,300,180,-120,60,10.339,11.540,21.880,0.3585,0.0000,0.6415,0.4510
linear_ratio,180,240,300,240,-120,0,8.937,11.514,20.450,0.1950,0.0000,0.8050,0.5690
linear_ratio,180,240,300,300,-120,-60,7.772,11.357,19.130,0.1070,0.0000,0.8930,0.6720
linear_ratio,180,240,300,360,-120,-120,6.912,11.382,18.294,0.0655,0.0000,0.9345,0.7695
linear_ratio,180,240,300,420,-120,-180,6.024,11.266,17.290,0.0395,0.0000,0.9605,0.8400
linear_ratio,180,240,360,180,-180,60,10.311,12.293,22.604,0.2670,0.0000,0.7330,0.5240
linear_ratio,180,240,360,240,-180,0,8.797,12.233,21.030,0.1290,0.0000,0.8710,0.6520
linear_ratio,180,240,360,300,-180,-60,7.710,12.127,19.837,0.0705,0.0000,0.9295,0.7485
linear_ratio,180,240,360,360,-180,-120,6.803,12.072,18.875,0.0460,0.0000,0.9540,0.8255
linear_ratio,180,240,360,420,-180,-180,5.964,12.043,18.007,0.0195,0.0000,0.9805,0.8945
linear_ratio,180,240,420,180,-240,60,10.249,13.152,23.401,0.1675,0.0000,0.8325,0.5945
linear_ratio,180,240,420,240,-240,0,8.678,12.941,21.619,0.0710,0.0000,0.9290,0.7365
linear_ratio,180,240,420,300,-240,-60,7.638,12.922,20.559,0.0355,0.0000,0.9645,0.8250
linear_ratio,180,240,420,360,-240,-120,6.899,12.810,19.709,0.0245,0.0000,0.9755,0.8830
linear_ratio,180,240,420,420,-240,-180,5.989,12.800,18.788,0.0085,0.0000,0.9915,0.9200
linear_ratio,180,300,180,180,0,120,10.212,7.766,17.979,0.7845,0.0000,0.2155,0.5545
linear_ratio,180,300,180,240,0,60,8.830,7.771,16.602,0.6325,0.0000,0.3675,0.4515
linear_ratio,180,300,180,300,0,0,7.936,7.872,15.807,0.5165,0.0000,0.4835,0.4330
linear_ratio,180,300,180,360,0,-60,7.000,7.877,14.876,0.3820,0.0000,0.6180,0.4405
linear_ratio,180,300,180,420,0,-120,6.208,7.835,14.044,0.2890,0.0000,0.7110,0.4855
linear_ratio,180,300,240,180,-60,120,10.225,9.293,19.517,0.6165,0.0000,0.3835,0.4625
linear_ratio,180,300,240,240,-60,60,8.794,9.329,18.123,0.4280,0.0000,0.5720,0.4480
linear_ratio,180,300,240,300,-60,0,7.837,9.248,17.085,0.3225,0.0000,0.6775,0.4775
linear_ratio,180,300,240,360,-60,-60,7.013,9.184,16.197,0.2250,0.0000,0.7750,0.5225
linear_ratio,180,300,240,420,-60,-120,6.149,9.187,15.336,0.1480,0.0000,0.8520,0.6160
linear_ratio,180,300,300,180,-120,120,10.354,10.464,20.818,0.4870,0.0000,0.5130,0.4405
linear_ratio,180,300,300,240,-120,60,8.927,10.310,19.237,0.3210,0.0000,0.6790,0.4650
linear_ratio,180,300,300,300,-120,0,7.843,10.302,18.145,0.2125,0.0000,0.7875,0.5610
linear_ratio,180,300,300,360,-120,-60,6.952,10.223,17.174,0.1395,0.0000,0.8605,0.6360
linear_ratio,180,300,300,420,-120,-120,6.106,10.187,16.293,0.0820,0.0000,0.9180,0.7205
linear_ratio,180,300,360,180,-180,120,10.358,11.357,21.716,0.3900,0.0000,0.6100,0.4795
linear_ratio,180,300,360,240,-180,60,8.671,11.296,19.967,0.1905,0.0000,0.8095,0.5765
linear_ratio,180,300,360,300,-180,0,7.843,11.207,19.050,0.1305,0.0000,0.8695,0.6475
linear_ratio,180,300,360,360,-180,-60,6.915,11.088,18.003,0.0815,0.0000,0.9185,0.7205
linear_ratio,180,300,360,420,-180,-120,6.041,11.110,17.151,0.0415,0.0000,0.9585,0.8155
linear_ratio,180,300,420,180,-240,120,10.213,12.032,22.245,0.2675,0.0000,0.7325,0.5040
linear_ratio,180,300,420,240,-240,60,8.862,11.992,20.854,0.1460,0.0000,0.8540,0.6265
linear_ratio,180,300,420,300,-240,0,7.637,11.914,19.550,0.0695,0.0000,0.9305,0.7350
linear_ratio,180,300,420,360,-240,-60,6.914,11.979,18.892,0.0355,0.0000,0.9645,0.8160
linear_ratio,180,300,420,420,-240,-120,6.074,11.826,17.900,0.0230,0.0000,0.9770,0.8765
linear_ratio,180,360,180,180,0,180,10.155,6.960,17.115,0.8615,0.0000,0.1385,0.6150
linear_ratio,180,360,180,240,0,120,8.823,6.949,15.772,0.7420,0.0000,0.2580,0.5205
linear_ratio,180,360,180,300,0,60,7.886,7.030,14.916,0.6185,0.0000,0.3815,0.4625
linear_ratio,180,360,180,360,0,0,7.116,6.995,14.111,0.5245,0.0000,0.4755,0.4250
linear_ratio,180,360,180,420,0,-60,6.230,7.027,13.257,0.3940,0.0000,0.6060,0.4270
linear_ratio,180,360,240,180,-60,180,10.266,8.251,18.517,0.7535,0.0000,0.2465,0.5235
linear_ratio,180,360,240,240,-60,120,8.945,8.184,17.129,0.5910,0.0000,0.4090,0.4440
linear_ratio,180,360,240,300,-60,60,7.836,8.313,16.148,0.4420,0.0000,0.5580,0.4385
linear_ratio,180,360,240,360,-60,0,6.996,8.281,15.277,0.3365,0.0000,0.6635,0.4715
linear_ratio,180,360,240,420,-60,-60,6.040,8.187,14.226,0.2285,0.0000,0.7715,0.5080
linear_ratio,180,360,300,180,-120,180,10.233,9.463,19.696,0.5910,0.0000,0.4090,0.4485
linear_ratio,180,360,300,240,-120,120,8.880,9.382,18.261,0.4300,0.0000,0.5700,0.4460
linear_ratio,180,360,300,300,-120,60,7.830,9.384,17.214,0.3010,0.0000,0.6990,0.4900
linear_ratio,180,360,300,360,-120,0,6.957,9.436,16.393,0.1965,0.0000,0.8035,0.5390
linear_ratio,180,360,300,420,-120,-60,6.063,9.344,15.407,0.1270,0.0000,0.8730,0.6215
linear_ratio,180,360,360,180,-180,180,10.309,10.364,20.673,0.4915,0.0000,0.5085,0.4520
linear_ratio,180,360,360,240,-180,120,8.860,10.271,19.131,0.3255,0.0000,0.6745,0.4920
linear_ratio,180,360,360,300,-180,60,7.867,10.315,18.181,0.2095,0.0000,0.7905,0.5460
linear_ratio,180,360,360,360,-180,0,6.922,10.202,17.124,0.1385,0.0000,0.8615,0.6385
linear_ratio,180,360,360,420,-180,-60,6.117,10.130,16.247,0.0855,0.0000,0.9145,0.7110
linear_ratio,180,360,420,180,-240,180,10.209,11.075,21.284,0.3855,0.0000,0.6145,0.4580
linear_ratio,180,360,420,240,-240,120,8.851,11.040,19.891,0.2425,0.0000,0.7575,0.5490
linear_ratio,180,360,420,300,-240,60,7.745,11.053,18.799,0.1325,0.0000,0.8675,0.6345
linear_ratio,180,360,420,360,-240,0,6.915,10.976,17.891,0.0885,0.0000,0.9115,0.7195
linear_ratio,180,360,420,420,-240,-60,6.090,10.928,17.018,0.0475,0.0000,0.9525,0.7920
linear_ratio,180,420,180,180,0,240,10.171,6.086,16.257,0.9285,0.0000,0.0715,0.7260
linear_ratio,180,420,180,240,0,180,8.809,6.194,15.003,0.8160,0.0000,0.1840,0.5615
linear_ratio,180,420,180,300,0,120,7.813,6.135,13.947,0.7200,0.0000,0.2800,0.4760
linear_ratio,180,420,180,360,0,60,7.072,6.179,13.251,0.6200,0.0000,0.3800,0.4185
linear_ratio,180,420,180,420,0,0,6.198,6.203,12.401,0.4990,0.0000,0.5010,0.4070
linear_ratio,180,420,240,180,-60,240,10.235,7.549,17.784,0.8160,0.0000,0.1840,0.5940
linear_ratio,180,420,240,240,-60,180,8.880,7.649,16.529,0.6575,0.0000,0.3425,0.4675
linear_ratio,180,420,240,300,-60,120,7.846,7.724,15.570,0.5085,0.0000,0.4915,0.4185
linear_ratio,180,420,240,360,-60,60,7.011,7.590,14.600,0.4250,0.0000,0.5750,0.4250
linear_ratio,180,420,240,420,-60,0,6.199,7.660,13.860,0.3080,0.0000,0.6920,0.4660
linear_ratio,180,420,300,180,-120,240,10.272,8.510,18.782,0.7095,0.0000,0.2905,0.5155
linear_ratio,180,420,300,240,-120,180,8.892,8.740,17.632,0.5185,0.0000,0.4815,0.4470
linear_ratio,180,420,300,300,-120,120,7.875,8.597,16.472,0.4135,0.0000,0.5865,0.4375
linear_ratio,180,420,300,360,-120,60,6.979,8.642,15.621,0.2830,0.0000,0.7170,0.4800
linear_ratio,180,420,300,420,-120,0,6.208,8.669,14.878,0.1995,0.0000,0.8005,0.5610
linear_ratio,180,420,360,180,-180,240,10.402,9.634,20.037,0.5890,0.0000,0.4110,0.4670
linear_ratio,180,420,360,240,-180,180,8.867,9.821,18.688,0.3785,0.0000,0.6215,0.4550
linear_ratio,180,420,360,300,-180,120,7.806,9.723,17.529,0.2545,0.0000,0.7455,0.5205
linear_ratio,180,420,360,360,-180,60,6.957,9.578,16.534,0.1900,0.0000,0.8100,0.5820
linear_ratio,180,420,360,420,-180,0,6.065,9.556,15.620,0.1210,0.0000,0.8790,0.6575
linear_ratio,180,420,420,180,-240,240,10.294,10.331,20.625,0.4960,0.0000,0.5040,0.4515
linear_ratio,180,420,420,240,-240,180,8.828,10.364,19.192,0.3035,0.0000,0.6965,0.4780
linear_ratio,180,420,420,300,-240,120,7.748,10.204,17.951,0.2115,0.0000,0.7885,0.5605
linear_ratio,180,420,420,360,-240,60,6.961,10.196,17.157,0.1385,0.0000,0.8615,0.6260
linear_ratio,180,420,420,420,-240,0,6.092,10.069,16.162,0.0890,0.0000,0.9110,0.7070
linear_ratio,240,180,180,180,60,0,12.005,10.261,22.265,0.7165,0.0000,0.2835,0.5120
linear_ratio,240,180,180,240,60,-60,10.197,10.299,20.496,0.4825,0.0000,0.5175,0.4650
linear_ratio,240,180,180,300,60,-120,9.248,10.262,19.510,0.3710,0.0000,0.6290,0.4715
linear_ratio,240,180,180,360,60,-180,8.263,10.259,18.523,0.2560,0.0000,0.7440,0.5135
linear_ratio,240,180,180,420,60,-240,7.487,10.230,17.717,0.1735,0.0000,0.8265,0.5860
linear_ratio,240,180,240,180,0,0,11.969,11.961,23.930,0.4890,0.0000,0.5110,0.4335
linear_ratio,240,180,240,240,0,-60,10.236,11.925,22.161,0.2860,0.0000,0.7140,0.5235
linear_ratio,240,180,240,300,0,-120,9.276,11.935,21.212,0.1915,0.0000,0.8085,0.5780
linear_ratio,240,180,240,360,0,-180,8.184,11.774,19.958,0.1090,0.0000,0.8910,0.6795
linear_ratio,240,180,240,420,0,-240,7.455,11.680,19.135,0.0765,0.0000,0.9235,0.7435
linear_ratio,240,180,300,180,-60,0,11.909,12.973,24.882,0.3675,0.0000,0.6325,0.4835
linear_ratio,240,180,300,240,-60,-60,10.296,12.896,23.191,0.2025,0.0000,0.7975,0.5690
linear_ratio,240,180,300,300,-60,-120,9.107,12.745,21.852,0.1075,0.0000,0.8925,0.6825
linear_ratio,240,180,300,360,-60,-180,8.033,12.742,20.775,0.0575,0.0000,0.9425,0.7770
linear_ratio,240,180,300,420,-60,-240,7.466,12.655,20.121,0.0460,0.0000,0.9540,0.8205
linear_ratio,240,180,360,180,-120,0,11.974,13.827,25.801,0.2690,0.0000,0.7310,0.4865
linear_ratio,240,180,360,240,-120,-60,10.197,13.655,23.852,0.1245,0.0000,0.8755,0.6520
linear_ratio,240,180,360,300,-120,-120,9.169,13.591,22.761,0.0630,0.0000,0.9370,0.7650
linear_ratio,240,180,360,360,-120,-180,8.082,13.511,21.594,0.0415,0.0000,0.9585,0.8470
linear_ratio,240,180,360,420,-120,-240,7.460,13.393,20.854,0.0235,0.0000,0.9765,0.8800
linear_ratio,240,180,420,180,-180,0,11.823,14.345,26.168,0.1960,0.0000,0.8040,0.5825
linear_ratio,240,180,420,240,-180,-60,10.072,14.207,24.280,0.0870,0.0000,0.9130,0.7295
linear_ratio,240,180,420,300,-180,-120,9.112,14.148,23.260,0.0490,0.0000,0.9510,0.7990
linear_ratio,240,180,420,360,-180,-180,8.039,14.079,22.117,0.0175,0.0000,0.9825,0.8875
linear_ratio,240,180,420,420,-180,-240,7.348,14.013,21.361,0.0075,0.0000,0.9925,0.9140
linear_ratio,240,240,180,180,60,60,11.922,8.818,20.740,0.8340,0.0000,0.1660,0.6310
linear_ratio,240,240,180,240,60,0,10.311,8.850,19.161,0.6855,0.0000,0.3145,0.4585
linear_ratio,240,240,180,300,60,-60,9.191,8.852,18.044,0.5500,0.0000,0.4500,0.4605
linear_ratio,240,240,180,360,60,-120,8.168,8.877,17.045,0.4105,0.0000,0.5895,0.4740
linear_ratio,240,240,180,420,60,-180,7.632,8.978,16.610,0.3380,0.0000,0.6620,0.4645
linear_ratio,240,240,240,180,0,60,11.884,10.328,22.212,0.6980,0.0000,0.3020,0.4910
linear_ratio,240,240,240,240,0,0,10.338,10.326,20.664,0.5015,0.0000,0.4985,0.4460
linear_ratio,240,240,240,300,0,-60,9.280,10.246,19.526,0.3730,0.0000,0.6270,0.4810
linear_ratio,240,240,240,360,0,-120,8.120,10.223,18.343,0.2500,0.0000,0.7500,0.5125
linear_ratio,240,240,240,420,0,-180,7.548,10.275,17.823,0.1700,0.0000,0.8300,0.5650
linear_ratio,240,240,300,180,-60,60,11.961,11.556,23.517,0.5545,0.0000,0.4455,0.4660
linear_ratio,240,240,300,240,-60,0,10.175,11.497,21.672,0.3245,0.0000,0.6755,0.4810
linear_ratio,240,240,300,300,-60,-60,9.291,11.470,20.761,0.2280,0.0000,0.7720,0.5400
linear_ratio,240,240,300,360,-60,-120,8.186,11.507,19.693,0.1400,0.0000,0.8600,0.6425
linear_ratio,240,240,300,420,-60,-180,7.466,11.434,18.900,0.0975,0.0000,0.9025,0.7165
linear_ratio,240,240,360,180,-120,60,12.061,12.381,24.442,0.4515,0.0000,0.5485,0.4370
linear_ratio,240,240,360,240,-120,0,10.278,12.244,22.522,0.2580,0.0000,0.7420,0.5135
linear_ratio,240,240,360,300,-120,-60,9.280,12.203,21.483,0.1705,0.0000,0.8295,0.6095
linear_ratio,240,240,360,360,-120,-120,8.135,12.216,20.351,0.0915,0.0000,0.9085,0.7165
linear_ratio,240,240,360,420,-120,-180,7.470,12.181,19.651,0.0635,0.0000,0.9365,0.7885
linear_ratio,240,240,420,180,-180,60,11.938,13.200,25.139,0.3405,0.0000,0.6595,0.4535
linear_ratio,240,240,420,240,-180,0,10.221,13.127,23.348,0.1595,0.0000,0.8405,0.6085
linear_ratio,240,240,420,300,-180,-60,9.159,13.050,22.209,0.0950,0.0000,0.9050,0.7090
linear_ratio,240,240,420,360,-180,-120,8.078,12.867,20.945,0.0565,0.0000,0.9435,0.7815
linear_ratio,240,240,420,420,-180,-180,7.499,12.800,20.299,0.0375,0.0000,0.9625,0.8275
linear_ratio,240,300,180,180,60,120,11.694,7.713,19.407,0.9125,0.0000,0.0875,0.7120
linear_ratio,240,300,180,240,60,60,10.242,7.682,17.924,0.7985,0.0000,0.2015,0.5730
linear_ratio,240,300,180,300,60,0,9.298,7.859,17.157,0.6885,0.0000,0.3115,0.4820
linear_ratio,240,300,180,360,60,-60,8.210,7.855,16.065,0.5260,0.0000,0.4740,0.4245
linear_ratio,240,300,180,420,60,-120,7.580,7.805,15.384,0.4635,0.0000,0.5365,0.4435
linear_ratio,240,300,240,180,0,120,11.899,9.291,21.191,0.8015,0.0000,0.1985,0.5790
linear_ratio,240,300,240,240,0,60,10.350,9.289,19.638,0.6410,0.0000,0.3590,0.4480
linear_ratio,240,300,240,300,0,0,9.293,9.295,18.587,0.5125,0.0000,0.4875,0.4390
linear_ratio,240,300,240,360,0,-60,8.243,9.161,17.404,0.3730,0.0000,0.6270,0.4750
linear_ratio,240,300,240,420,0,-120,7.631,9.284,16.915,0.2950,0.0000,0.7050,0.5135
linear_ratio,240,300,300,180,-60,120,11.995,10.298,22.293,0.7130,0.0000,0.2870,0.5080
linear_ratio,240,300,300,240,-60,60,10.360,10.299,20.659,0.5135,0.0000,0.4865,0.4380
linear_ratio,240,300,300,300,-60,0,9.363,10.361,19.724,0.3890,0.0000,0.6110,0.4765
linear_ratio,240,300,300,360,-60,-60,8.206,10.232,18.437,0.2525,0.0000,0.7475,0.5330
linear_ratio,240,300,300,420,-60,-120,7.594,10.266,17.860,0.1870,0.0000,0.8130,0.5775
linear_ratio,240,300,360,180,-120,120,12.026,11.476,23.502,0.5670,0.0000,0.4330,0.4440
linear_ratio,240,300,360,240,-120,60,10.322,11.350,21.671,0.3700,0.0000,0.6300,0.4780
linear_ratio,240,300,360,300,-120,0,9.171,11.305,20.476,0.2530,0.0000,0.7470,0.5320
linear_ratio,240,300,360,360,-120,-60,8.063,11.243,19.306,0.1330,0.0000,0.8670,0.6240
linear_ratio,240,300,360,420,-120,-120,7.566,11.161,18.727,0.1155,0.0000,0.8845,0.6850
linear_ratio,240,300,420,180,-180,120,12.002,12.245,24.248,0.4755,0.0000,0.5245,0.4410
linear_ratio,240,300,420,240,-180,60,10.281,12.096,22.377,0.2765,0.0000,0.7235,0.4975
linear_ratio,240,300,420,300,-180,0,9.168,12.037,21.206,0.1685,0.0000,0.8315,0.5985
linear_ratio,240,300,420,360,-180,-60,8.099,12.035,20.134,0.0935,0.0000,0.9065,0.7135
linear_ratio,240,300,420,420,-180,-120,7.523,11.878,19.401,0.0645,0.0000,0.9355,0.7340
linear_ratio,240,360,180,180,60,180,11.680,6.864,18.543,0.9510,0.0000,0.0490,0.7900
linear_ratio,240,360,180,240,60,120,10.173,6.918,17.090,0.8580,0.0000,0.1420,0.6205
linear_ratio,240,360,180,300,60,60,9.332,6.948,16.279,0.7870,0.0000,0.2130,0.5530
linear_ratio,240,360,180,360,60,0,8.185,7.000,15.185,0.6525,0.0000,0.3475,0.4640
linear_ratio,240,360,180,420,60,-60,7.686,7.098,14.784,0.5810,0.0000,0.4190,0.4385
linear_ratio,240,360,240,180,0,180,11.851,8.094,19.945,0.8900,0.0000,0.1100,0.6915
linear_ratio,240,360,240,240,0,120,10.196,8.316,18.512,0.7375,0.0000,0.2625,0.5110
linear_ratio,240,360,240,300,0,60,9.295,8.267,17.562,0.6390,0.0000,0.3610,0.4680
linear_ratio,240,360,240,360,0,0,8.234,8.203,16.437,0.4965,0.0000,0.5035,0.4305
linear_ratio,240,360,240,420,0,-60,7.604,8.254,15.858,0.4090,0.0000,0.5910,0.4505
linear_ratio,240,360,300,180,-60,180,11.966,9.443,21.409,0.7850,0.0000,0.2150,0.5695
linear_ratio,240,360,300,240,-60,120,10.399,9.530,19.928,0.6120,0.0000,0.3880,0.4630
linear_ratio,240,360,300,300,-60,60,9.335,9.440,18.775,0.4910,0.0000,0.5090,0.4435
linear_ratio,240,360,300,360,-60,0,8.364,9.368,17.732,0.3730,0.0000,0.6270,0.4635
linear_ratio,240,360,300,420,-60,-60,7.572,9.518,17.091,0.2570,0.0000,0.7430,0.5185
linear_ratio,240,360,360,180,-120,180,11.941,10.246,22.187,0.7075,0.0000,0.2925,0.5220
linear_ratio,240,360,360,240,-120,120,10.235,10.307,20.542,0.4980,0.0000,0.5020,0.4375
linear_ratio,240,360,360,300,-120,60,9.400,10.327,19.727,0.3780,0.0000,0.6220,0.4580
linear_ratio,240,360,360,360,-120,0,8.176,10.350,18.526,0.2505,0.0000,0.7495,0.5270
linear_ratio,240,360,360,420,-120,-60,7.625,10.213,17.838,0.1980,0.0000,0.8020,0.5700
linear_ratio,240,360,420,180,-180,180,11.914,11.105,23.019,0.6005,0.0000,0.3995,0.4480
linear_ratio,240,360,420,240,-180,120,10.305,11.146,21.451,0.3920,0.0000,0.6080,0.4460
linear_ratio,240,360,420,300,-180,60,9.232,11.145,20.377,0.2665,0.0000,0.7335,0.5115
linear_ratio,240,360,420,360,-180,0,8.216,11.084,19.299,0.1735,0.0000,0.8265,0.5985
linear_ratio,240,360,420,420,-180,-60,7.598,10.989,18.587,0.1385,0.0000,0.8615,0.6635
linear_ratio,240,420,180,180,60,240,11.669,6.048,17.716,0.9755,0.0000,0.0245,0.8470
linear_ratio,240,420,180,240,60,180,10.076,6.072,16.148,0.9170,0.0000,0.0830,0.7100
linear_ratio,240,420,180,300,60,120,9.142,6.168,15.309,0.8360,0.0000,0.1640,0.6165
linear_ratio,240,420,180,360,60,60,8.246,6.237,14.483,0.7505,0.0000,0.2495,0.5145
linear_ratio,240,420,180,420,60,0,7.641,6.247,13.888,0.6730,0.0000,0.3270,0.4585
linear_ratio,240,420,240,180,0,240,11.781,7.479,19.261,0.9250,0.0000,0.0750,0.7560
linear_ratio,240,420,240,240,0,180,10.364,7.527,17.891,0.8305,0.0000,0.1695,0.5865
linear_ratio,240,420,240,300,0,120,9.259,7.660,16.919,0.7060,0.0000,0.2940,0.4835
linear_ratio,240,420,240,360,0,60,8.214,7.731,15.945,0.5750,0.0000,0.4250,0.4245
linear_ratio,240,420,240,420,0,0,7.644,7.641,15.285,0.5090,0.0000,0.4910,0.4220
linear_ratio,240,420,300,180,-60,240,11.822,8.563,20.384,0.8575,0.0000,0.1425,0.6345
linear_ratio,240,420,300,240,-60,180,10.425,8.738,19.163,0.7190,0.0000,0.2810,0.4845
linear_ratio,240,420,300,300,-60,120,9.193,8.682,17.875,0.5710,0.0000,0.4290,0.4565
linear_ratio,240,420,300,360,-60,60,8.243,8.680,16.923,0.4470,0.0000,0.5530,0.4480
linear_ratio,240,420,300,420,-60,0,7.668,8.611,16.279,0.3835,0.0000,0.6165,0.4470
linear_ratio,240,420,360,180,-120,240,11.930,9.628,21.558,0.7795,0.0000,0.2205,0.5540
linear_ratio,240,420,360,240,-120,180,10.336,9.738,20.074,0.5815,0.0000,0.4185,0.4480
linear_ratio,240,420,360,300,-120,120,9.311,9.714,19.025,0.4575,0.0000,0.5425,0.4395
linear_ratio,240,420,360,360,-120,60,8.235,9.688,17.923,0.3205,0.0000,0.6795,0.4880
linear_ratio,240,420,360,420,-120,0,7.638,9.661,17.299,0.2520,0.0000,0.7480,0.5140
linear_ratio,240,420,420,180,-180,240,11.864,10.418,22.282,0.6795,0.0000,0.3205,0.4855
linear_ratio,240,420,420,240,-180,180,10.356,10.287,20.643,0.5060,0.0000,0.4940,0.4355
linear_ratio,240,420,420,300,-180,120,9.277,10.353,19.630,0.3560,0.0000,0.6440,0.4645
linear_ratio,240,420,420,360,-180,60,8.176,10.315,18.491,0.2385,0.0000,0.7615,0.5125
linear_ratio,240,420,420,420,-180,0,7.620,10.293,17.913,0.1880,0.0000,0.8120,0.5645
linear_ratio,300,180,180,180,120,0,12.903,10.254,23.157,0.8145,0.0000,0.1855,0.5645
linear_ratio,300,180,180,240,120,-60,11.492,10.313,21.805,0.6535,0.0000,0.3465,0.4815
linear_ratio,300,180,180,300,120,-120,10.255,10.421,20.675,0.4865,0.0000,0.5135,0.4430
linear_ratio,300,180,180,360,120,-180,9.514,10.312,19.826,0.3890,0.0000,0.6110,0.4315
linear_ratio,300,180,180,420,120,-240,8.665,10.365,19.030,0.2820,0.0000,0.7180,0.5125
linear_ratio,300,180,240,180,60,0,13.030,12.055,25.084,0.6245,0.0000,0.3755,0.4510
linear_ratio,300,180,240,240,60,-60,11.601,11.968,23.569,0.4580,0.0000,0.5420,0.4400
linear_ratio,300,180,240,300,60,-120,10.315,11.989,22.304,0.2890,0.0000,0.7110,0.4925
linear_ratio,300,180,240,360,60,-180,9.381,11.899,21.279,0.2035,0.0000,0.7965,0.5825
linear_ratio,300,180,240,420,60,-240,8.614,11.880,20.493,0.1300,0.0000,0.8700,0.6225
linear_ratio,300,180,300,180,0,0,13.053,12.943,25.995,0.5175,0.0000,0.4825,0.4220
linear_ratio,300,180,300,240,0,-60,11.544,12.961,24.505,0.3185,0.0000,0.6815,0.4815
linear_ratio,300,180,300,300,0,-120,10.354,12.918,23.273,0.2010,0.0000,0.7990,0.5600
linear_ratio,300,180,300,360,0,-180,9.322,12.855,22.177,0.1175,0.0000,0.8825,0.6630
linear_ratio,300,180,300,420,0,-240,8.482,12.748,21.230,0.0770,0.0000,0.9230,0.7370
linear_ratio,300,180,360,180,-60,0,12.957,13.792,26.749,0.3890,0.0000,0.6110,0.4425
linear_ratio,300,180,360,240,-60,-60,11.444,13.771,25.214,0.2140,0.0000,0.7860,0.5495
linear_ratio,300,180,360,300,-60,-120,10.159,13.662,23.822,0.1140,0.0000,0.8860,0.6580
linear_ratio,300,180,360,360,-60,-180,9.272,13.539,22.811,0.0830,0.0000,0.9170,0.7410
linear_ratio,300,180,360,420,-60,-240,8.498,13.557,22.055,0.0465,0.0000,0.9535,0.8145
linear_ratio,300,180,420,180,-120,0,12.969,14.498,27.468,0.2950,0.0000,0.7050,0.4555
linear_ratio,300,180,420,240,-120,-60,11.362,14.336,25.698,0.1505,0.0000,0.8495,0.6115
linear_ratio,300,180,420,300,-120,-120,10.189,14.184,24.373,0.0860,0.0000,0.9140,0.7130
linear_ratio,300,180,420,360,-120,-180,9.276,14.150,23.426,0.0470,0.0000,0.9530,0.7900
linear_ratio,300,180,420,420,-120,-240,8.454,14.003,22.457,0.0260,0.0000,0.9740,0.8570
linear_ratio,300,240,180,180,120,60,12.810,8.703,21.513,0.9115,0.0000,0.0885,0.7280
linear_ratio,300,240,180,240,120,0,11.505,8.855,20.360,0.8055,0.0000,0.1945,0.5680
linear_ratio,300,240,180,300,120,-60,10.325,8.835,19.159,0.6870,0.0000,0.3130,0.4960
linear_ratio,300,240,180,360,120,-120,9.486,8.818,18.304,0.5830,0.0000,0.4170,0.4395
linear_ratio,300,240,180,420,120,-180,8.690,8.967,17.657,0.4515,0.0000,0.5485,0.4465
linear_ratio,300,240,240,180,60,60,12.909,10.253,23.163,0.8130,0.0000,0.1870,0.5665
linear_ratio,300,240,240,240,60,0,11.476,10.228,21.704,0.6570,0.0000,0.3430,0.4695
linear_ratio,300,240,240,300,60,-60,10.382,10.326,20.708,0.5110,0.0000,0.4890,0.4475
linear_ratio,300,240,240,360,60,-120,9.492,10.338,19.829,0.3965,0.0000,0.6035,0.4800
linear_ratio,300,240,240,420,60,-180,8.673,10.350,19.023,0.3055,0.0000,0.6945,0.5035
linear_ratio,300,240,300,180,0,60,12.973,11.512,24.485,0.6995,0.0000,0.3005,0.4610
linear_ratio,300,240,300,240,0,0,11.479,11.552,23.032,0.4885,0.0000,0.5115,0.4460
linear_ratio,300,240,300,300,0,-60,10.505,11.508,22.012,0.3700,0.0000,0.6300,0.4530
linear_ratio,300,240,300,360,0,-120,9.455,11.485,20.940,0.2455,0.0000,0.7545,0.5180
linear_ratio,300,240,300,420,0,-180,8.640,11.559,20.200,0.1715,0.0000,0.8285,0.5960
linear_ratio,300,240,360,180,-60,60,13.011,12.340,25.352,0.5960,0.0000,0.4040,0.4500
linear_ratio,300,240,360,240,-60,0,11.473,12.425,23.898,0.3860,0.0000,0.6140,0.4650
linear_ratio,300,240,360,300,-60,-60,10.243,12.341,22.584,0.2540,0.0000,0.7460,0.5400
linear_ratio,300,240,360,360,-60,-120,9.460,12.325,21.785,0.1780,0.0000,0.8220,0.6055
linear_ratio,300,240,360,420,-60,-180,8.488,12.188,20.676,0.1095,0.0000,0.8905,0.6780
linear_ratio,300,240,420,180,-120,60,12.958,13.206,26.163,0.4785,0.0000,0.5215,0.4130
linear_ratio,300,240,420,240,-120,0,11.508,13.188,24.695,0.2870,0.0000,0.7130,0.5025
linear_ratio,300,240,420,300,-120,-60,10.215,13.060,23.275,0.1630,0.0000,0.8370,0.5870
linear_ratio,300,240,420,360,-120,-120,9.361,13.024,22.386,0.1090,0.0000,0.8910,0.6845
linear_ratio,300,240,420,420,-120,-180,8.347,12.894,21.241,0.0600,0.0000,0.9400,0.7590
linear_ratio,300,300,180,180,120,120,12.748,7.636,20.384,0.9560,0.0000,0.0440,0.8065
linear_ratio,300,300,180,240,120,60,11.371,7.789,19.160,0.8830,0.0000,0.1170,0.6695
linear_ratio,300,300,180,300,120,0,10.236,7.841,18.077,0.7890,0.0000,0.2110,0.5645
linear_ratio,300,300,180,360,120,-60,9.360,7.838,17.197,0.6885,0.0000,0.3115,0.4830
linear_ratio,300,300,180,420,120,-120,8.716,7.886,16.602,0.6020,0.0000,0.3980,0.4525
linear_ratio,300,300,240,180,60,120,12.868,9.187,22.055,0.8850,0.0000,0.1150,0.6675
linear_ratio,300,300,240,240,60,60,11.447,9.252,20.698,0.7675,0.0000,0.2325,0.5475
linear_ratio,300,300,240,300,60,0,10.290,9.258,19.548,0.6280,0.0000,0.3720,0.4700
linear_ratio,300,300,240,360,60,-60,9.445,9.255,18.700,0.5265,0.0000,0.4735,0.4475
linear_ratio,300,300,240,420,60,-120,8.629,9.263,17.892,0.4215,0.0000,0.5785,0.4560
linear_ratio,300,300,300,180,0,120,12.889,10.299,23.188,0.8065,0.0000,0.1935,0.5675
linear_ratio,300,300,300,240,0,60,11.463,10.281,21.744,0.6450,0.0000,0.3550,0.4710
linear_ratio,300,300,300,300,0,0,10.294,10.254,20.548,0.4960,0.0000,0.5040,0.4530
linear_ratio,300,300,300,360,0,-60,9.550,10.361,19.910,0.3865,0.0000,0.6135,0.4660
linear_ratio,300,300,300,420,0,-120,8.777,10.324,19.101,0.2995,0.0000,0.7005,0.4995
linear_ratio,300,300,360,180,-60,120,12.896,11.261,24.157,0.7050,0.0000,0.2950,0.4935
linear_ratio,300,300,360,240,-60,60,11.600,11.398,22.998,0.5265,0.0000,0.4735,0.4530
linear_ratio,300,300,360,300,-60,0,10.358,11.318,21.676,0.3905,0.0000,0.6095,0.4785
linear_ratio,300,300,360,360,-60,-60,9.361,11.294,20.656,0.2500,0.0000,0.7500,0.4975
linear_ratio,300,300,360,420,-60,-120,8.611,11.235,19.846,0.1910,0.0000,0.8090,0.5685
linear_ratio,300,300,420,180,-120,120,13.007,12.165,25.172,0.6115,0.0000,0.3885,0.4315
linear_ratio,300,300,420,240,-120,60,11.514,12.235,23.749,0.4165,0.0000,0.5835,0.4640
linear_ratio,300,300,420,300,-120,0,10.355,12.022,22.377,0.2980,0.0000,0.7020,0.4825
linear_ratio,300,300,420,360,-120,-60,9.373,12.188,21.560,0.1785,0.0000,0.8215,0.5810
linear_ratio,300,300,420,420,-120,-120,8.598,11.947,20.546,0.1335,0.0000,0.8665,0.6370
linear_ratio,300,360,180,180,120,180,12.595,6.748,19.343,0.9745,0.0000,0.0255,0.8610
linear_ratio,300,360,180,240,120,120,11.235,6.840,18.075,0.9320,0.0000,0.0680,0.7385
linear_ratio,300,360,180,300,120,60,10.222,6.946,17.168,0.8630,0.0000,0.1370,0.6305
linear_ratio,300,360,180,360,120,0,9.411,7.070,16.481,0.7710,0.0000,0.2290,0.5500
linear_ratio,300,360,180,420,120,-60,8.639,7.042,15.681,0.6880,0.0000,0.3120,0.4795
linear_ratio,300,360,240,180,60,180,12.815,8.041,20.855,0.9450,0.0000,0.0550,0.7880
linear_ratio,300,360,240,240,60,120,11.409,8.148,19.556,0.8495,0.0000,0.1505,0.6515
linear_ratio,300,360,240,300,60,60,10.335,8.264,18.599,0.7450,0.0000,0.2550,0.5375
linear_ratio,300,360,240,360,60,0,9.425,8.244,17.669,0.6455,0.0000,0.3545,0.4765
linear_ratio,300,360,240,420,60,-60,8.781,8.318,17.099,0.5580,0.0000,0.4420,0.4330
linear_ratio,300,360,300,180,0,180,12.813,9.321,22.134,0.8730,0.0000,0.1270,0.6635
linear_ratio,300,360,300,240,0,120,11.508,9.507,21.014,0.7525,0.0000,0.2475,0.5085
linear_ratio,300,360,300,300,0,60,10.351,9.518,19.869,0.6270,0.0000,0.3730,0.4640
linear_ratio,300,360,300,360,0,0,9.487,9.461,18.948,0.5225,0.0000,0.4775,0.4275
linear_ratio,300,360,300,420,0,-60,8.735,9.569,18.304,0.3995,0.0000,0.6005,0.4505
linear_ratio,300,360,360,180,-60,180,12.953,10.321,23.273,0.8160,0.0000,0.1840,0.5755
linear_ratio,300,360,360,240,-60,120,11.550,10.339,21.889,0.6540,0.0000,0.3460,0.4695
linear_ratio,300,360,360,300,-60,60,10.306,10.379,20.685,0.4975,0.0000,0.5025,0.4350
linear_ratio,300,360,360,360,-60,0,9.450,10.242,19.691,0.4015,0.0000,0.5985,0.4780
linear_ratio,300,360,360,420,-60,-60,8.739,10.409,19.148,0.2955,0.0000,0.7045,0.5000
linear_ratio,300,360,420,180,-120,180,12.960,11.095,24.056,0.7270,0.0000,0.2730,0.5020
linear_ratio,300,360,420,240,-120,120,11.629,11.213,22.843,0.5545,0.0000,0.4455,0.4520
linear_ratio,300,360,420,300,-120,60,10.352,11.114,21.467,0.3970,0.0000,0.6030,0.4690
linear_ratio,300,360,420,360,-120,0,9.416,11.002,20.419,0.3020,0.0000,0.6980,0.5070
linear_ratio,300,360,420,420,-120,-60,8.711,11.234,19.945,0.1900,0.0000,0.8100,0.5525
linear_ratio,300,420,180,180,120,240,12.656,5.987,18.643,0.9850,0.0000,0.0150,0.9220
linear_ratio,300,420,180,240,120,180,11.314,6.015,17.329,0.9610,0.0000,0.0390,0.8335
linear_ratio,300,420,180,300,120,120,10.124,6.048,16.172,0.9180,0.0000,0.0820,0.7110
linear_ratio,300,420,180,360,120,60,9.319,6.096,15.415,0.8650,0.0000,0.1350,0.6210
linear_ratio,300,420,180,420,120,0,8.612,6.218,14.829,0.8005,0.0000,0.1995,0.5320
linear_ratio,300,420,240,180,60,240,12.768,7.498,20.267,0.9610,0.0000,0.0390,0.8390
linear_ratio,300,420,240,240,60,180,11.334,7.559,18.892,0.8985,0.0000,0.1015,0.6895
linear_ratio,300,420,240,300,60,120,10.240,7.497,17.736,0.8195,0.0000,0.1805,0.5905
linear_ratio,300,420,240,360,60,60,9.472,7.621,17.093,0.7270,0.0000,0.2730,0.4875
linear_ratio,300,420,240,420,60,0,8.745,7.712,16.457,0.6360,0.0000,0.3640,0.4450
linear_ratio,300,420,300,180,0,240,12.771,8.416,21.188,0.9365,0.0000,0.0635,0.7495
linear_ratio,300,420,300,240,0,180,11.417,8.556,19.974,0.8190,0.0000,0.1810,0.6010
linear_ratio,300,420,300,300,0,120,10.277,8.733,19.010,0.6955,0.0000,0.3045,0.4740
linear_ratio,300,420,300,360,0,60,9.517,8.653,18.170,0.6215,0.0000,0.3785,0.4550
linear_ratio,300,420,300,420,0,0,8.711,8.704,17.415,0.5115,0.0000,0.4885,0.4320
linear_ratio,300,420,360,180,-60,240,12.886,9.723,22.608,0.8525,0.0000,0.1475,0.6370
linear_ratio,300,420,360,240,-60,180,11.425,9.640,21.065,0.7210,0.0000,0.2790,0.5085
linear_ratio,300,420,360,300,-60,120,10.289,9.678,19.968,0.5740,0.0000,0.4260,0.4570
linear_ratio,300,420,360,360,-60,60,9.485,9.746,19.231,0.4495,0.0000,0.5505,0.4490
linear_ratio,300,420,360,420,-60,0,8.612,9.697,18.309,0.3575,0.0000,0.6425,0.4615
linear_ratio,300,420,420,180,-120,240,12.949,10.258,23.207,0.8115,0.0000,0.1885,0.5775
linear_ratio,300,420,420,240,-120,180,11.470,10.273,21.742,0.6520,0.0000,0.3480,0.4520
linear_ratio,300,420,420,300,-120,120,10.340,10.306,20.646,0.5185,0.0000,0.4815,0.4250
linear_ratio,300,420,420,360,-120,60,9.575,10.268,19.843,0.4125,0.0000,0.5875,0.4485
linear_ratio,300,420,420,420,-120,0,8.614,10.258,18.872,0.2930,0.0000,0.7070,0.5095
linear_ratio,360,180,180,180,180,0,13.585,10.196,23.780,0.8780,0.0000,0.1220,0.6500
linear_ratio,360,180,180,240,180,-60,12.319,10.306,22.624,0.7375,0.0000,0.2625,0.5200
linear_ratio,360,180,180,300,180,-120,11.338,10.187,21.524,0.6410,0.0000,0.3590,0.4690
linear_ratio,360,180,180,360,180,-180,10.264,10.406,20.669,0.4825,0.0000,0.5175,0.4415
linear_ratio,360,180,180,420,180,-240,9.700,10.270,19.970,0.4245,0.0000,0.5755,0.4560
linear_ratio,360,180,240,180,120,0,13.809,11.964,25.773,0.7355,0.0000,0.2645,0.4890
linear_ratio,360,180,240,240,120,-60,12.336,11.877,24.213,0.5495,0.0000,0.4505,0.4490
linear_ratio,360,180,240,300,120,-120,11.393,12.068,23.462,0.4160,0.0000,0.5840,0.4480
linear_ratio,360,180,240,360,120,-180,10.353,11.970,22.323,0.2970,0.0000,0.7030,0.4885
linear_ratio,360,180,240,420,120,-240,9.639,11.838,21.477,0.2380,0.0000,0.7620,0.5390
linear_ratio,360,180,300,180,60,0,13.738,12.980,26.718,0.6090,0.0000,0.3910,0.4485
linear_ratio,360,180,300,240,60,-60,12.398,13.089,25.487,0.4150,0.0000,0.5850,0.4425
linear_ratio,360,180,300,300,60,-120,11.287,12.968,24.255,0.2825,0.0000,0.7175,0.4905
linear_ratio,360,180,300,360,60,-180,10.160,12.864,23.024,0.1920,0.0000,0.8080,0.5830
linear_ratio,360,180,300,420,60,-240,9.575,12.815,22.390,0.1270,0.0000,0.8730,0.6420
linear_ratio,360,180,360,180,0,0,13.879,13.857,27.736,0.4905,0.0000,0.5095,0.4235
linear_ratio,360,180,360,240,0,-60,12.368,13.786,26.154,0.3230,0.0000,0.6770,0.4720
linear_ratio,360,180,360,300,0,-120,11.222,13.797,25.020,0.1925,0.0000,0.8075,0.5670
linear_ratio,360,180,360,360,0,-180,10.214,13.701,23.916,0.1140,0.0000,0.8860,0.6510
linear_ratio,360,180,360,420,0,-240,9.554,13.629,23.183,0.0720,0.0000,0.9280,0.7225
linear_ratio,360,180,420,180,-60,0,13.900,14.443,28.343,0.4155,0.0000,0.5845,0.4165
linear_ratio,360,180,420,240,-60,-60,12.258,14.361,26.619,0.2310,0.0000,0.7690,0.5135
linear_ratio,360,180,420,300,-60,-120,11.160,14.318,25.478,0.1445,0.0000,0.8555,0.6145
linear_ratio,360,180,420,360,-60,-180,10.125,14.290,24.416,0.0780,0.0000,0.9220,0.7400
linear_ratio,360,180,420,420,-60,-240,9.546,14.145,23.691,0.0530,0.0000,0.9470,0.7750
linear_ratio,360,240,180,180,180,60,13.471,8.803,22.274,0.9415,0.0000,0.0585,0.7755
linear_ratio,360,240,180,240,180,0,12.252,8.789,21.041,0.8725,0.0000,0.1275,0.6580
linear_ratio,360,240,180,300,180,-60,11.258,8.826,20.084,0.7880,0.0000,0.2120,0.5685
linear_ratio,360,240,180,360,180,-120,10.333,8.775,19.108,0.7015,0.0000,0.2985,0.5145
linear_ratio,360,240,180,420,180,-180,9.643,8.886,18.529,0.5930,0.0000,0.4070,0.4545
linear_ratio,360,240,240,180,120,60,13.690,10.087,23.777,0.8975,0.0000,0.1025,0.6700
linear_ratio,360,240,240,240,120,0,12.284,10.237,22.521,0.7525,0.0000,0.2475,0.5265
linear_ratio,360,240,240,300,120,-60,11.245,10.288,21.534,0.6330,0.0000,0.3670,0.4770
linear_ratio,360,240,240,360,120,-120,10.315,10.388,20.703,0.5020,0.0000,0.4980,0.4715
linear_ratio,360,240,240,420,120,-180,9.771,10.299,20.069,0.4300,0.0000,0.5700,0.4450
linear_ratio,360,240,300,180,60,60,13.722,11.520,25.241,0.7715,0.0000,0.2285,0.5200
linear_ratio,360,240,300,240,60,0,12.430,11.537,23.966,0.6090,0.0000,0.3910,0.4675
linear_ratio,360,240,300,300,60,-60,11.408,11.534,22.941,0.4865,0.0000,0.5135,0.4240
linear_ratio,360,240,300,360,60,-120,10.271,11.450,21.721,0.3565,0.0000,0.6435,0.4750
linear_ratio,360,240,300,420,60,-180,9.614,11.589,21.203,0.2470,0.0000,0.7530,0.5050
linear_ratio,360,240,360,180,0,60,13.890,12.354,26.244,0.6915,0.0000,0.3085,0.4565
linear_ratio,360,240,360,240,0,0,12.351,12.453,24.803,0.4880,0.0000,0.5120,0.4140
linear_ratio,360,240,360,300,0,-60,11.389,12.408,23.797,0.3695,0.0000,0.6305,0.4630
linear_ratio,360,240,360,360,0,-120,10.264,12.354,22.619,0.2430,0.0000,0.7570,0.5195
linear_ratio,360,240,360,420,0,-180,9.661,12.211,21.872,0.1980,0.0000,0.8020,0.5705
linear_ratio,360,240,420,180,-60,60,13.889,13.210,27.098,0.5850,0.0000,0.4150,0.4130
linear_ratio,360,240,420,240,-60,0,12.416,13.145,25.561,0.4010,0.0000,0.5990,0.4475
linear_ratio,360,240,420,300,-60,-60,11.316,13.159,24.475,0.2630,0.0000,0.7370,0.5230
linear_ratio,360,240,420,360,-60,-120,10.213,13.067,23.279,0.1750,0.0000,0.8250,0.5880
linear_ratio,360,240,420,420,-60,-180,9.625,13.161,22.786,0.1205,0.0000,0.8795,0.6670
linear_ratio,360,300,180,180,180,120,13.440,7.589,21.029,0.9765,0.0000,0.0235,0.8625
linear_ratio,360,300,180,240,180,60,12.126,7.710,19.837,0.9300,0.0000,0.0700,0.7580
linear_ratio,360,300,180,300,180,0,11.264,7.747,19.011,0.8835,0.0000,0.1165,0.6530
linear_ratio,360,300,180,360,180,-60,10.213,7.826,18.038,0.7930,0.0000,0.2070,0.5505
linear_ratio,360,300,180,420,180,-120,9.695,7.804,17.499,0.7465,0.0000,0.2535,0.4960
linear_ratio,360,300,240,180,120,120,13.557,9.126,22.683,0.9275,0.0000,0.0725,0.7510
linear_ratio,360,300,240,240,120,60,12.325,9.216,21.541,0.8535,0.0000,0.1465,0.6115
linear_ratio,360,300,240,300,120,0,11.407,9.272,20.679,0.7470,0.0000,0.2530,0.5360
linear_ratio,360,300,240,360,120,-60,10.351,9.313,19.663,0.6315,0.0000,0.3685,0.4550
linear_ratio,360,300,240,420,120,-120,9.662,9.352,19.015,0.5385,0.0000,0.4615,0.4450
linear_ratio,360,300,300,180,60,120,13.596,10.150,23.746,0.8860,0.0000,0.1140,0.6515
linear_ratio,360,300,300,240,60,60,12.300,10.202,22.502,0.7580,0.0000,0.2420,0.5295
linear_ratio,360,300,300,300,60,0,11.286,10.273,21.559,0.6340,0.0000,0.3660,0.4735
linear_ratio,360,300,300,360,60,-60,10.290,10.309,20.599,0.4990,0.0000,0.5010,0.4365
linear_ratio,360,300,300,420,60,-120,9.713,10.338,20.051,0.4175,0.0000,0.5825,0.4735
linear_ratio,360,300,360,180,0,120,13.755,11.396,25.151,0.7825,0.0000,0.2175,0.5520
linear_ratio,360,300,360,240,0,60,12.374,11.290,23.665,0.6490,0.0000,0.3510,0.4715
linear_ratio,360,300,360,300,0,0,11.424,11.400,22.824,0.5040,0.0000,0.4960,0.4360
linear_ratio,360,300,360,360,0,-60,10.305,11.375,21.680,0.3550,0.0000,0.6450,0.4545
linear_ratio,360,300,360,420,0,-120,9.698,11.289,20.987,0.3030,0.0000,0.6970,0.4825
linear_ratio,360,300,420,180,-60,120,13.762,12.107,25.869,0.7135,0.0000,0.2865,0.4785
linear_ratio,360,300,420,240,-60,60,12.515,12.238,24.753,0.5515,0.0000,0.4485,0.4295
linear_ratio,360,300,420,300,-60,0,11.302,12.195,23.497,0.3810,0.0000,0.6190,0.4760
linear_ratio,360,300,420,360,-60,-60,10.132,12.056,22.188,0.2710,0.0000,0.7290,0.5195
linear_ratio,360,300,420,420,-60,-120,9.669,12.062,21.731,0.2100,0.0000,0.7900,0.5585
linear_ratio,360,360,180,180,180,180,13.480,6.885,20.365,0.9890,0.0000,0.0110,0.9260
linear_ratio,360,360,180,240,180,120,12.156,6.781,18.938,0.9695,0.0000,0.0305,0.8385
linear_ratio,360,360,180,300,180,60,11.168,6.846,18.014,0.9380,0.0000,0.0620,0.7455
linear_ratio,360,360,180,360,180,0,10.201,6.973,17.174,0.8630,0.0000,0.1370,0.6535
linear_ratio,360,360,180,420,180,-60,9.592,7.004,16.596,0.8070,0.0000,0.1930,0.5605
linear_ratio,360,360,240,180,120,180,13.515,8.000,21.515,0.9625,0.0000,0.0375,0.8465
linear_ratio,360,360,240,240,120,120,12.165,8.236,20.401,0.9075,0.0000,0.0925,0.6970
linear_ratio,360,360,240,300,120,60,11.259,8.136,19.395,0.8390,0.0000,0.1610,0.6315
linear_ratio,360,360,240,360,120,0,10.245,8.207,18.453,0.7505,0.0000,0.2495,0.5265
linear_ratio,360,360,240,420,120,-60,9.575,8.201,17.776,0.6755,0.0000,0.3245,0.4860
linear_ratio,360,360,300,180,60,180,13.565,9.299,22.864,0.9145,0.0000,0.0855,0.7360
linear_ratio,360,360,300,240,60,120,12.258,9.463,21.720,0.8215,0.0000,0.1785,0.5845
linear_ratio,360,360,300,300,60,60,11.271,9.499,20.770,0.7110,0.0000,0.2890,0.5070
linear_ratio,360,360,300,360,60,0,10.255,9.515,19.770,0.6005,0.0000,0.3995,0.4590
linear_ratio,360,360,300,420,60,-60,9.613,9.585,19.197,0.5040,0.0000,0.4960,0.4360
linear_ratio,360,360,360,180,0,180,13.617,10.142,23.759,0.8795,0.0000,0.1205,0.6595
linear_ratio,360,360,360,240,0,120,12.277,10.222,22.498,0.7400,0.0000,0.2600,0.5395
linear_ratio,360,360,360,300,0,60,11.274,10.271,21.546,0.6235,0.0000,0.3765,0.4730
linear_ratio,360,360,360,360,0,0,10.283,10.305,20.587,0.4845,0.0000,0.5155,0.4500
linear_ratio,360,360,360,420,0,-60,9.816,10.294,20.110,0.4370,0.0000,0.5630,0.4485
linear_ratio,360,360,420,180,-60,180,13.739,11.000,24.739,0.8165,0.0000,0.1835,0.5865
linear_ratio,360,360,420,240,-60,120,12.447,11.270,23.716,0.6605,0.0000,0.3395,0.4610
linear_ratio,360,360,420,300,-60,60,11.377,11.133,22.510,0.5295,0.0000,0.4705,0.4415
linear_ratio,360,360,420,360,-60,0,10.323,11.115,21.438,0.3805,0.0000,0.6195,0.4535
linear_ratio,360,360,420,420,-60,-60,9.754,11.114,20.867,0.3125,0.0000,0.6875,0.4635
linear_ratio,360,420,180,180,180,240,13.470,6.080,19.550,0.9965,0.0000,0.0035,0.9580
linear_ratio,360,420,180,240,180,180,11.982,5.966,17.949,0.9810,0.0000,0.0190,0.8900
linear_ratio,360,420,180,300,180,120,11.023,6.048,17.071,0.9530,0.0000,0.0470,0.8005
linear_ratio,360,420,180,360,180,60,10.139,6.101,16.241,0.9180,0.0000,0.0820,0.7120
linear_ratio,360,420,180,420,180,0,9.475,6.111,15.585,0.8685,0.0000,0.1315,0.6490
linear_ratio,360,420,240,180,120,240,13.443,7.363,20.806,0.9800,0.0000,0.0200,0.8845
linear_ratio,360,420,240,240,120,180,12.059,7.497,19.556,0.9385,0.0000,0.0615,0.7685
linear_ratio,360,420,240,300,120,120,11.193,7.548,18.741,0.8845,0.0000,0.1155,0.6765
linear_ratio,360,420,240,360,120,60,10.281,7.640,17.921,0.8060,0.0000,0.1940,0.5820
linear_ratio,360,420,240,420,120,0,9.735,7.569,17.303,0.7600,0.0000,0.2400,0.5180
linear_ratio,360,420,300,180,60,240,13.451,8.482,21.934,0.9515,0.0000,0.0485,0.7925
linear_ratio,360,420,300,240,60,180,12.134,8.539,20.673,0.8895,0.0000,0.1105,0.6730
linear_ratio,360,420,300,300,60,120,11.240,8.587,19.827,0.8090,0.0000,0.1910,0.5610
linear_ratio,360,420,300,360,60,60,10.299,8.601,18.900,0.7075,0.0000,0.2925,0.4920
linear_ratio,360,420,300,420,60,0,9.649,8.722,18.371,0.6170,0.0000,0.3830,0.4610
linear_ratio,360,420,360,180,0,240,13.606,9.480,23.087,0.9170,0.0000,0.0830,0.7260
linear_ratio,360,420,360,240,0,180,12.239,9.692,21.931,0.8075,0.0000,0.1925,0.5825
linear_ratio,360,420,360,300,0,120,11.294,9.659,20.953,0.6945,0.0000,0.3055,0.5080
linear_ratio,360,420,360,360,0,60,10.307,9.751,20.058,0.5670,0.0000,0.4330,0.4580
linear_ratio,360,420,360,420,0,0,9.681,9.607,19.288,0.5150,0.0000,0.4850,0.4685
linear_ratio,360,420,420,180,-60,240,13.572,10.143,23.715,0.8745,0.0000,0.1255,0.6595
linear_ratio,360,420,420,240,-60,180,12.347,10.319,22.665,0.7500,0.0000,0.2500,0.5260
linear_ratio,360,420,420,300,-60,120,11.305,10.274,21.579,0.6355,0.0000,0.3645,0.4545
linear_ratio,360,420,420,360,-60,60,10.338,10.402,20.741,0.4890,0.0000,0.5110,0.4505
linear_ratio,360,420,420,420,-60,0,9.706,10.272,19.978,0.4210,0.0000,0.5790,0.4480
linear_ratio,420,180,180,180,240,0,14.273,10.096,24.369,0.9220,0.0000,0.0780,0.7230
linear_ratio,420,180,180,240,240,-60,13.113,10.153,23.266,0.8405,0.0000,0.1595,0.6135
linear_ratio,420,180,180,300,240,-120,12.155,10.223,22.379,0.7220,0.0000,0.2780,0.5350
linear_ratio,420,180,180,360,240,-180,11.101,10.367,21.468,0.5920,0.0000,0.4080,0.4575
linear_ratio,420,180,180,420,240,-240,10.310,10.254,20.564,0.5075,0.0000,0.4925,0.4460
linear_ratio,420,180,240,180,180,0,14.425,11.916,26.340,0.8030,0.0000,0.1970,0.5520
linear_ratio,420,180,240,240,180,-60,13.180,11.950,25.130,0.6665,0.0000,0.3335,0.4610
linear_ratio,420,180,240,300,180,-120,12.237,12.031,24.268,0.5330,0.0000,0.4670,0.4515
linear_ratio,420,180,240,360,180,-180,11.100,11.995,23.095,0.3870,0.0000,0.6130,0.4670
linear_ratio,420,180,240,420,180,-240,10.309,11.915,22.224,0.2935,0.0000,0.7065,0.4790
linear_ratio,420,180,300,180,120,0,14.515,13.060,27.576,0.6870,0.0000,0.3130,0.4815
linear_ratio,420,180,300,240,120,-60,13.207,13.091,26.298,0.5045,0.0000,0.4955,0.4465
linear_ratio,420,180,300,300,120,-120,12.115,12.998,25.113,0.3840,0.0000,0.6160,0.4635
linear_ratio,420,180,300,360,120,-180,11.035,12.964,23.999,0.2670,0.0000,0.7330,0.5125
linear_ratio,420,180,300,420,120,-240,10.274,12.835,23.109,0.2040,0.0000,0.7960,0.5730
linear_ratio,420,180,360,180,60,0,14.477,13.861,28.339,0.5900,0.0000,0.4100,0.4155
linear_ratio,420,180,360,240,60,-60,13.152,13.912,27.063,0.3960,0.0000,0.6040,0.4450
linear_ratio,420,180,360,300,60,-120,12.145,13.778,25.922,0.2935,0.0000,0.7065,0.4920
linear_ratio,420,180,360,360,60,-180,10.979,13.730,24.709,0.1785,0.0000,0.8215,0.5825
linear_ratio,420,180,360,420,60,-240,10.140,13.578,23.718,0.1235,0.0000,0.8765,0.6660
linear_ratio,420,180,420,180,0,0,14.499,14.532,29.031,0.5025,0.0000,0.4975,0.3885
linear_ratio,420,180,420,240,0,-60,13.211,14.427,27.638,0.3290,0.0000,0.6710,0.4365
linear_ratio,420,180,420,300,0,-120,12.138,14.380,26.518,0.2065,0.0000,0.7935,0.5325
linear_ratio,420,180,420,360,0,-180,11.027,14.326,25.353,0.1230,0.0000,0.8770,0.6390
linear_ratio,420,180,420,420,0,-240,10.127,14.111,24.238,0.0895,0.0000,0.9105,0.7020
linear_ratio,420,240,180,180,240,60,14.036,8.748,22.784,0.9640,0.0000,0.0360,0.8345
linear_ratio,420,240,180,240,240,0,12.999,8.671,21.671,0.9230,0.0000,0.0770,0.7445
linear_ratio,420,240,180,300,240,-60,12.136,8.814,20.950,0.8605,0.0000,0.1395,0.6325
linear_ratio,420,240,180,360,240,-120,11.086,8.813,19.900,0.7735,0.0000,0.2265,0.5360
linear_ratio,420,240,180,420,240,-180,10.352,8.877,19.230,0.6905,0.0000,0.3095,0.4735
linear_ratio,420,240,240,180,180,60,14.155,10.126,24.280,0.9145,0.0000,0.0855,0.7115
linear_ratio,420,240,240,240,180,0,13.121,10.248,23.370,0.8380,0.0000,0.1620,0.5970
linear_ratio,420,240,240,300,180,-60,12.123,10.354,22.477,0.7150,0.0000,0.2850,0.5080
linear_ratio,420,240,240,360,180,-120,11.154,10.352,21.506,0.6080,0.0000,0.3920,0.4555
linear_ratio,420,240,240,420,180,-180,10.288,10.293,20.581,0.4990,0.0000,0.5010,0.4270
linear_ratio,420,240,300,180,120,60,14.335,11.573,25.908,0.8195,0.0000,0.1805,0.5925
linear_ratio,420,240,300,240,120,0,13.258,11.483,24.741,0.7225,0.0000,0.2775,0.4965
linear_ratio,420,240,300,300,120,-60,12.163,11.598,23.761,0.5765,0.0000,0.4235,0.4240
linear_ratio,420,240,300,360,120,-120,11.188,11.532,22.720,0.4630,0.0000,0.5370,0.4625
linear_ratio,420,240,300,420,120,-180,10.354,11.495,21.849,0.3525,0.0000,0.6475,0.4720
linear_ratio,420,240,360,180,60,60,14.343,12.397,26.740,0.7500,0.0000,0.2500,0.4960
linear_ratio,420,240,360,240,60,0,13.183,12.251,25.434,0.6250,0.0000,0.3750,0.4465
linear_ratio,420,240,360,300,60,-60,12.239,12.453,24.691,0.4775,0.0000,0.5225,0.4280
linear_ratio,420,240,360,360,60,-120,11.065,12.358,23.423,0.3400,0.0000,0.6600,0.4830
linear_ratio,420,240,360,420,60,-180,10.348,12.452,22.800,0.2465,0.0000,0.7535,0.5190
linear_ratio,420,240,420,180,0,60,14.389,13.111,27.500,0.6660,0.0000,0.3340,0.4445
linear_ratio,420,240,420,240,0,0,13.244,13.239,26.483,0.5035,0.0000,0.4965,0.4395
linear_ratio,420,240,420,300,0,-60,12.085,13.235,25.320,0.3485,0.0000,0.6515,0.4615
linear_ratio,420,240,420,360,0,-120,11.071,13.185,24.256,0.2335,0.0000,0.7665,0.5125
linear_ratio,420,240,420,420,0,-180,10.175,13.104,23.279,0.1700,0.0000,0.8300,0.6005
linear_ratio,420,300,180,180,240,120,14.102,7.584,21.686,0.9880,0.0000,0.0120,0.9105
linear_ratio,420,300,180,240,240,60,12.900,7.692,20.593,0.9615,0.0000,0.0385,0.8295
linear_ratio,420,300,180,300,240,0,11.950,7.669,19.619,0.9250,0.0000,0.0750,0.7390
linear_ratio,420,300,180,360,240,-60,10.978,7.766,18.744,0.8585,0.0000,0.1415,0.6455
linear_ratio,420,300,180,420,240,-120,10.198,7.801,17.998,0.7810,0.0000,0.2190,0.5535
linear_ratio,420,300,240,180,180,120,14.117,9.058,23.175,0.9555,0.0000,0.0445,0.8095
linear_ratio,420,300,240,240,180,60,13.046,9.133,22.178,0.9070,0.0000,0.0930,0.7090
linear_ratio,420,300,240,300,180,0,12.030,9.230,21.261,0.8220,0.0000,0.1780,0.5890
linear_ratio,420,300,240,360,180,-60,11.117,9.313,20.430,0.7125,0.0000,0.2875,0.5030
linear_ratio,420,300,240,420,180,-120,10.270,9.254,19.523,0.6200,0.0000,0.3800,0.4475
linear_ratio,420,300,300,180,120,120,14.158,10.104,24.261,0.9280,0.0000,0.0720,0.7230
linear_ratio,420,300,300,240,120,60,12.970,10.289,23.258,0.8170,0.0000,0.1830,0.5945
linear_ratio,420,300,300,300,120,0,12.175,10.330,22.505,0.7365,0.0000,0.2635,0.5100
linear_ratio,420,300,300,360,120,-60,11.139,10.415,21.554,0.5945,0.0000,0.4055,0.4585
linear_ratio,420,300,300,420,120,-120,10.333,10.296,20.629,0.5075,0.0000,0.4925,0.4425
linear_ratio,420,300,360,180,60,120,14.289,11.184,25.473,0.8510,0.0000,0.1490,0.6225
linear_ratio,420,300,360,240,60,60,13.133,11.320,24.453,0.7315,0.0000,0.2685,0.5045
linear_ratio,420,300,360,300,60,0,12.161,11.361,23.521,0.5990,0.0000,0.4010,0.4745
linear_ratio,420,300,360,360,60,-60,11.093,11.290,22.383,0.4765,0.0000,0.5235,0.4500
linear_ratio,420,300,360,420,60,-120,10.363,11.389,21.752,0.3675,0.0000,0.6325,0.4595
linear_ratio,420,300,420,180,0,120,14.451,12.134,26.585,0.7875,0.0000,0.2125,0.5380
linear_ratio,420,300,420,240,0,60,13.231,12.284,25.515,0.6220,0.0000,0.3780,0.4400
linear_ratio,420,300,420,300,0,0,12.228,12.140,24.368,0.5180,0.0000,0.4820,0.4440
linear_ratio,420,300,420,360,0,-60,11.143,12.139,23.283,0.3575,0.0000,0.6425,0.4400
linear_ratio,420,300,420,420,0,-120,10.245,12.130,22.375,0.2755,0.0000,0.7245,0.5215
linear_ratio,420,360,180,180,240,180,14.063,6.769,20.833,0.9950,0.0000,0.0050,0.9450
linear_ratio,420,360,180,240,240,120,12.866,6.902,19.768,0.9800,0.0000,0.0200,0.8785
linear_ratio,420,360,180,300,240,60,11.889,6.872,18.761,0.9560,0.0000,0.0440,0.7995
linear_ratio,420,360,180,360,240,0,10.938,6.843,17.781,0.9205,0.0000,0.0795,0.7200
linear_ratio,420,360,180,420,240,-60,10.226,7.059,17.285,0.8640,0.0000,0.1360,0.6315
linear_ratio,420,360,240,180,180,180,14.062,8.123,22.184,0.9745,0.0000,0.0255,0.8760
linear_ratio,420,360,240,240,180,120,12.823,8.130,20.953,0.9390,0.0000,0.0610,0.7820
linear_ratio,420,360,240,300,180,60,12.014,8.212,20.227,0.8960,0.0000,0.1040,0.7000
linear_ratio,420,360,240,360,180,0,10.989,8.165,19.154,0.8240,0.0000,0.1760,0.6015
linear_ratio,420,360,240,420,180,-60,10.203,8.231,18.434,0.7380,0.0000,0.2620,0.5125
linear_ratio,420,360,300,180,120,180,14.184,9.280,23.464,0.9555,0.0000,0.0445,0.8040
linear_ratio,420,360,300,240,120,120,13.007,9.248,22.255,0.8955,0.0000,0.1045,0.6835
linear_ratio,420,360,300,300,120,60,12.132,9.392,21.524,0.8095,0.0000,0.1905,0.5945
linear_ratio,420,360,300,360,120,0,11.155,9.451,20.606,0.7145,0.0000,0.2855,0.5130
linear_ratio,420,360,300,420,120,-60,10.358,9.484,19.842,0.6115,0.0000,0.3885,0.4535
linear_ratio,420,360,360,180,60,180,14.248,10.139,24.386,0.9180,0.0000,0.0820,0.7075
linear_ratio,420,360,360,240,60,120,13.060,10.263,23.323,0.8225,0.0000,0.1775,0.5965
linear_ratio,420,360,360,300,60,60,11.977,10.257,22.233,0.7065,0.0000,0.2935,0.5365
linear_ratio,420,360,360,360,60,0,11.036,10.284,21.320,0.6010,0.0000,0.3990,0.4575
linear_ratio,420,360,360,420,60,-60,10.296,10.339,20.635,0.4875,0.0000,0.5125,0.4620
linear_ratio,420,360,420,180,0,180,14.316,11.019,25.334,0.8635,0.0000,0.1365,0.6410
linear_ratio,420,360,420,240,0,120,13.161,11.168,24.329,0.7480,0.0000,0.2520,0.5335
linear_ratio,420,360,420,300,0,60,12.205,11.137,23.342,0.6280,0.0000,0.3720,0.4565
linear_ratio,420,360,420,360,0,0,11.089,11.060,22.150,0.4975,0.0000,0.5025,0.4425
linear_ratio,420,360,420,420,0,-60,10.361,11.101,21.462,0.3935,0.0000,0.6065,0.4550
linear_ratio,420,420,180,180,240,240,14.024,6.027,20.051,0.9950,0.0000,0.0050,0.9660
linear_ratio,420,420,180,240,240,180,12.847,6.016,18.863,0.9885,0.0000,0.0115,0.9305
linear_ratio,420,420,180,300,240,120,11.885,5.986,17.871,0.9780,0.0000,0.0220,0.8840
linear_ratio,420,420,180,360,240,60,10.956,5.929,16.885,0.9570,0.0000,0.0430,0.8040
linear_ratio,420,420,180,420,240,0,10.098,6.005,16.103,0.9215,0.0000,0.0785,0.7330
linear_ratio,420,420,240,180,180,240,13.969,7.396,21.364,0.9885,0.0000,0.0115,0.9050
linear_ratio,420,420,240,240,180,180,12.918,7.324,20.241,0.9755,0.0000,0.0245,0.8485
linear_ratio,420,420,240,300,180,120,11.825,7.503,19.328,0.9260,0.0000,0.0740,0.7480
linear_ratio,420,420,240,360,180,60,10.968,7.545,18.512,0.8690,0.0000,0.1310,0.6440
linear_ratio,420,420,240,420,180,0,10.168,7.521,17.688,0.8065,0.0000,0.1935,0.5805
linear_ratio,420,420,300,180,120,240,14.114,8.434,22.547,0.9755,0.0000,0.0245,0.8620
linear_ratio,420,420,300,240,120,180,12.938,8.521,21.459,0.9310,0.0000,0.0690,0.7405
linear_ratio,420,420,300,300,120,120,12.057,8.522,20.579,0.8855,0.0000,0.1145,0.6600
linear_ratio,420,420,300,360,120,60,11.027,8.558,19.585,0.7965,0.0000,0.2035,0.5645
linear_ratio,420,420,300,420,120,0,10.271,8.648,18.919,0.7050,0.0000,0.2950,0.4840
linear_ratio,420,420,360,180,60,240,14.209,9.462,23.671,0.9465,0.0000,0.0535,0.7890
linear_ratio,420,420,360,240,60,180,13.104,9.678,22.782,0.8750,0.0000,0.1250,0.6630
linear_ratio,420,420,360,300,60,120,12.088,9.537,21.625,0.8155,0.0000,0.1845,0.5535
linear_ratio,420,420,360,360,60,60,11.107,9.782,20.889,0.6790,0.0000,0.3210,0.4865
linear_ratio,420,420,360,420,60,0,10.322,9.694,20.016,0.5875,0.0000,0.4125,0.4425
linear_ratio,420,420,420,180,0,240,14.183,10.065,24.248,0.9165,0.0000,0.0835,0.7185
linear_ratio,420,420,420,240,0,180,13.086,10.307,23.393,0.8145,0.0000,0.1855,0.6025
linear_ratio,420,420,420,300,0,120,12.114,10.300,22.415,0.7195,0.0000,0.2805,0.5055
linear_ratio,420,420,420,360,0,60,11.179,10.345,21.523,0.6030,0.0000,0.3970,0.4735
linear_ratio,420,420,420,420,0,0,10.352,10.351,20.703,0.5015,0.0000,0.4985,0.4390
quadratic_ratio,180,180,180,180,0,0,10.289,10.371,20.660,0.4820,0.0000,0.5180,0.4380
quadratic_ratio,180,180,180,240,0,-60,7.418,10.287,17.706,0.1630,0.0000,0.8370,0.6015
quadratic_ratio,180,180,180,300,0,-120,5.444,10.076,15.520,0.0580,0.0000,0.9420,0.7675
quadratic_ratio,180,180,180,360,0,-180,4.006,10.071,14.078,0.0115,0.0000,0.9885,0.8835
quadratic_ratio,180,180,180,420,0,-240,3.280,9.944,13.224,0.0050,0.0000,0.9950,0.9385
quadratic_ratio,180,180,240,180,-60,0,10.184,13.116,23.300,0.1750,0.0000,0.8250,0.6060
quadratic_ratio,180,180,240,240,-60,-60,7.284,12.911,20.195,0.0260,0.0000,0.9740,0.8510
quadratic_ratio,180,180,240,300,-60,-120,5.376,12.805,18.181,0.0025,0.0000,0.9975,0.9525
quadratic_ratio,180,180,240,360,-60,-180,3.993,12.799,16.792,0.0005,0.0000,0.9995,0.9865
quadratic_ratio,180,180,240,420,-60,-240,3.272,12.757,16.029,0.0005,0.0000,0.9995,0.9930
quadratic_ratio,180,180,300,180,-120,0,10.230,14.996,25.226,0.0445,0.0000,0.9555,0.7965
quadratic_ratio,180,180,300,240,-120,-60,7.196,14.816,22.012,0.0040,0.0000,0.9960,0.9565
quadratic_ratio,180,180,300,300,-120,-120,5.362,14.732,20.095,0.0000,0.0000,1.0000,0.9915
quadratic_ratio,180,180,300,360,-120,-180,3.938,14.835,18.772,0.0000,0.0000,1.0000,0.9970
quadratic_ratio,180,180,300,420,-120,-240,3.246,14.835,18.081,0.0000,0.0000,1.0000,1.0000
quadratic_ratio,180,180,360,180,-180,0,10.034,16.067,26.101,0.0155,0.0000,0.9845,0.8940
quadratic_ratio,180,180,360,240,-180,-60,7.246,16.014,23.260,0.0015,0.0000,0.9985,0.9880
quadratic_ratio,180,180,360,300,-180,-120,5.346,15.967,21.314,0.0000,0.0000,1.0000,0.9990
quadratic_ratio,180,180,360,360,-180,-180,3.986,15.950,19.935,0.0000,0.0000,1.0000,1.0000
quadratic_ratio,180,180,360,420,-180,-240,3.159,16.043,19.201,0.0000,0.0000,1.0000,1.0000
quadratic_ratio,180,180,420,180,-240,0,10.058,17.064,27.122,0.0030,0.0000,0.9970,0.9465
quadratic_ratio,180,180,420,240,-240,-60,7.264,16.980,24.245,0.0000,0.0000,1.0000,0.9940
quadratic_ratio,180,180,420,300,-240,-120,5.429,17.047,22.476,0.0000,0.0000,1.0000,0.9990
quadratic_ratio,180,180,420,360,-240,-180,3.990,16.994,20.983,0.0000,0.0000,1.0000,1.0000
quadratic_ratio,180,180,420,420,-240,-240,3.179,16.966,20.145,0.0000,0.0000,1.0000,1.0000
quadratic_ratio,180,240,180,180,0,60,10.258,7.334,17.593,0.8385,0.0000,0.1615,0.6000
quadratic_ratio,180,240,180,240,0,0,7.519,7.455,14.974,0.5065,0.0000,0.4935,0.4260
quadratic_ratio,180,240,180,300,0,-60,5.568,7.431,12.999,0.2595,0.0000,0.7405,0.4780
quadratic_ratio,180,240,180,360,0,-120,4.068,7.338,11.405,0.1075,0.0000,0.8925,0.6365
quadratic_ratio,180,240,180,420,0,-180,3.182,7.344,10.526,0.0570,0.0000,0.9430,0.7370
quadratic_ratio,180,240,240,180,-60,60,10.470,10.403,20.873,0.5110,0.0000,0.4890,0.4445
quadratic_ratio,180,240,240,240,-60,0,7.412,10.207,17.619,0.1805,0.0000,0.8195,0.5910
quadratic_ratio,180,240,240,300,-60,-60,5.548,10.092,15.640,0.0640,0.0000,0.9360,0.7690
quadratic_ratio,180,240,240,360,-60,-120,3.994,9.918,13.912,0.0195,0.0000,0.9805,0.8850
quadratic_ratio,180,240,240,420,-60,-180,3.314,9.985,13.299,0.0065,0.0000,0.9935,0.9330
quadratic_ratio,180,240,300,180,-120,60,10.338,12.587,22.925,0.2240,0.0000,0.7760,0.5400
quadratic_ratio,180,240,300,240,-120,0,7.291,12.296,19.587,0.0445,0.0000,0.9555,0.8060
quadratic_ratio,180,240,300,300,-120,-60,5.451,12.152,17.603,0.0075,0.0000,0.9925,0.9265
quadratic_ratio,180,240,300,360,-120,-120,3.986,12.188,16.175,0.0030,0.0000,0.9970,0.9750
quadratic_ratio,180,240,300,420,-120,-180,3.147,12.313,15.460,0.0020,0.0000,0.9980,0.9935
quadratic_ratio,180,240,360,180,-180,60,10.205,14.230,24.435,0.0860,0.0000,0.9140,0.7125
quadratic_ratio,180,240,360,240,-180,0,7.204,14.043,21.246,0.0095,0.0000,0.9905,0.9410
quadratic_ratio,180,240,360,300,-180,-60,5.421,13.919,19.340,0.0015,0.0000,0.9985,0.9745
quadratic_ratio,180,240,360,360,-180,-120,4.006,13.964,17.971,0.0000,0.0000,1.0000,0.9940
quadratic_ratio,180,240,360,420,-180,-180,3.181,14.074,17.255,0.0000,0.0000,1.0000,0.9985
quadratic_ratio,180,240,420,180,-240,60,9.984,15.348,25.332,0.0295,0.0000,0.9705,0.8505
quadratic_ratio,180,240,420,240,-240,0,7.222,15.197,22.419,0.0035,0.0000,0.9965,0.9735
quadratic_ratio,180,240,420,300,-240,-60,5.415,15.118,20.532,0.0005,0.0000,0.9995,0.9960
quadratic_ratio,180,240,420,360,-240,-120,3.949,15.199,19.148,0.0000,0.0000,1.0000,0.9990
quadratic_ratio,180,240,420,420,-240,-180,3.185,15.201,18.386,0.0000,0.0000,1.0000,1.0000
quadratic_ratio,180,300,180,180,0,120,10.098,5.487,15.585,0.9375,0.0000,0.0625,0.7950
quadratic_ratio,180,300,180,240,0,60,7.432,5.515,12.947,0.7535,0.0000,0.2465,0.5025
quadratic_ratio,180,300,180,300,0,0,5.676,5.638,11.314,0.4970,0.0000,0.5030,0.3905
quadratic_ratio,180,300,180,360,0,-60,4.123,5.709,9.832,0.2785,0.0000,0.7215,0.4415
quadratic_ratio,180,300,180,420,0,-120,3.278,5.548,8.826,0.1715,0.0000,0.8285,0.4940
quadratic_ratio,180,300,240,180,-60,120,10.210,8.190,18.401,0.7555,0.0000,0.2445,0.5290
quadratic_ratio,180,300,240,240,-60,60,7.462,8.333,15.794,0.3845,0.0000,0.6155,0.4395
quadratic_ratio,180,300,240,300,-60,0,5.471,8.146,13.617,0.1825,0.0000,0.8175,0.5615
quadratic_ratio,180,300,240,360,-60,-60,4.070,8.102,12.172,0.0675,0.0000,0.9325,0.7345
quadratic_ratio,180,300,240,420,-60,-120,3.219,8.053,11.272,0.0335,0.0000,0.9665,0.8140
quadratic_ratio,180,300,300,180,-120,120,10.352,10.355,20.708,0.4975,0.0000,0.5025,0.4525
quadratic_ratio,180,300,300,240,-120,60,7.258,10.207,17.465,0.1625,0.0000,0.8375,0.6055
quadratic_ratio,180,300,300,300,-120,0,5.537,10.132,15.669,0.0530,0.0000,0.9470,0.7740
quadratic_ratio,180,300,300,360,-120,-60,4.024,10.099,14.123,0.0180,0.0000,0.9820,0.8975
quadratic_ratio,180,300,300,420,-120,-120,3.191,10.015,13.206,0.0030,0.0000,0.9970,0.9420
quadratic_ratio,180,300,360,180,-180,120,10.243,12.255,22.498,0.2545,0.0000,0.7455,0.5370
quadratic_ratio,180,300,360,240,-180,60,7.246,12.178,19.424,0.0535,0.0000,0.9465,0.7995
quadratic_ratio,180,300,360,300,-180,0,5.394,12.067,17.461,0.0150,0.0000,0.9850,0.9195
quadratic_ratio,180,300,360,360,-180,-60,3.998,11.966,15.964,0.0035,0.0000,0.9965,0.9765
quadratic_ratio,180,300,360,420,-180,-120,3.173,11.985,15.158,0.0005,0.0000,0.9995,0.9840
quadratic_ratio,180,300,420,180,-240,120,10.189,13.647,23.836,0.1265,0.0000,0.8735,0.6555
quadratic_ratio,180,300,420,240,-240,60,7.271,13.379,20.650,0.0175,0.0000,0.9825,0.8870
quadratic_ratio,180,300,420,300,-240,0,5.391,13.413,18.805,0.0030,0.0000,0.9970,0.9690
quadratic_ratio,180,300,420,360,-240,-60,4.016,13.473,17.489,0.0000,0.0000,1.0000,0.9940
quadratic_ratio,180,300,420,420,-240,-120,3.192,13.376,16.568,0.0000,0.0000,1.0000,0.9960
quadratic_ratio,180,360,180,180,0,180,10.006,4.016,14.021,0.9865,0.0000,0.0135,0.8965
quadratic_ratio,180,360,180,240,0,120,7.428,4.101,11.529,0.8980,0.0000,0.1020,0.6350
quadratic_ratio,180,360,180,300,0,60,5.595,4.166,9.761,0.7195,0.0000,0.2805,0.4155
quadratic_ratio,180,360,180,360,0,0,4.193,4.213,8.406,0.5005,0.0000,0.4995,0.3255
quadratic_ratio,180,360,180,420,0,-60,3.346,4.104,7.451,0.3650,0.0000,0.6350,0.3110
quadratic_ratio,180,360,240,180,-60,180,10.130,6.263,16.393,0.9010,0.0000,0.0990,0.7035
quadratic_ratio,180,360,240,240,-60,120,7.390,6.401,13.791,0.6210,0.0000,0.3790,0.4580
quadratic_ratio,180,360,240,300,-60,60,5.703,6.431,12.134,0.3925,0.0000,0.6075,0.4045
quadratic_ratio,180,360,240,360,-60,0,4.097,6.332,10.430,0.2025,0.0000,0.7975,0.5070
quadratic_ratio,180,360,240,420,-60,-60,3.192,6.314,9.506,0.1100,0.0000,0.8900,0.6140
quadratic_ratio,180,360,300,180,-120,180,10.261,8.409,18.669,0.7210,0.0000,0.2790,0.5290
quadratic_ratio,180,360,300,240,-120,120,7.427,8.456,15.883,0.3600,0.0000,0.6400,0.4350
quadratic_ratio,180,360,300,300,-120,60,5.497,8.370,13.867,0.1585,0.0000,0.8415,0.5860
quadratic_ratio,180,360,300,360,-120,0,4.050,8.332,12.381,0.0570,0.0000,0.9430,0.7445
quadratic_ratio,180,360,300,420,-120,-60,3.219,8.248,11.466,0.0275,0.0000,0.9725,0.8225
quadratic_ratio,180,360,360,180,-180,180,10.428,10.344,20.772,0.5045,0.0000,0.4955,0.4385
quadratic_ratio,180,360,360,240,-180,120,7.284,10.091,17.375,0.1660,0.0000,0.8340,0.5855
quadratic_ratio,180,360,360,300,-180,60,5.457,10.068,15.524,0.0515,0.0000,0.9485,0.7710
quadratic_ratio,180,360,360,360,-180,0,4.025,10.020,14.045,0.0155,0.0000,0.9845,0.8825
quadratic_ratio,180,360,360,420,-180,-60,3.164,10.052,13.216,0.0040,0.0000,0.9960,0.9470
quadratic_ratio,180,360,420,180,-240,180,10.342,11.925,22.267,0.3100,0.0000,0.6900,0.4940
quadratic_ratio,180,360,420,240,-240,120,7.268,11.729,18.996,0.0710,0.0000,0.9290,0.7660
quadratic_ratio,180,360,420,300,-240,60,5.355,11.681,17.036,0.0110,0.0000,0.9890,0.9060
quadratic_ratio,180,360,420,360,-240,0,3.979,11.604,15.584,0.0020,0.0000,0.9980,0.9685
quadratic_ratio,180,360,420,420,-240,-60,3.162,11.585,14.747,0.0000,0.0000,1.0000,0.9815
quadratic_ratio,180,420,180,180,0,240,10.095,3.278,13.373,0.9960,0.0000,0.0040,0.9375
quadratic_ratio,180,420,180,240,0,180,7.317,3.191,10.508,0.9485,0.0000,0.0515,0.7225
quadratic_ratio,180,420,180,300,0,120,5.697,3.317,9.015,0.8285,0.0000,0.1715,0.5100
quadratic_ratio,180,420,180,360,0,60,4.222,3.373,7.596,0.6460,0.0000,0.3540,0.3175
quadratic_ratio,180,420,180,420,0,0,3.357,3.368,6.725,0.4985,0.0000,0.5015,0.2745
quadratic_ratio,180,420,240,180,-60,240,10.085,5.055,15.140,0.9615,0.0000,0.0385,0.8110
quadratic_ratio,180,420,240,240,-60,180,7.357,5.146,12.503,0.7805,0.0000,0.2195,0.5230
quadratic_ratio,180,420,240,300,-60,120,5.520,5.171,10.691,0.5555,0.0000,0.4445,0.3700
quadratic_ratio,180,420,240,360,-60,60,4.149,5.269,9.418,0.3230,0.0000,0.6770,0.3820
quadratic_ratio,180,420,240,420,-60,0,3.287,5.135,8.421,0.2340,0.0000,0.7660,0.4285
quadratic_ratio,180,420,300,180,-120,240,10.116,6.958,17.075,0.8565,0.0000,0.1435,0.6315
quadratic_ratio,180,420,300,240,-120,180,7.475,7.047,14.522,0.5595,0.0000,0.4405,0.4100
quadratic_ratio,180,420,300,300,-120,120,5.569,7.016,12.585,0.3075,0.0000,0.6925,0.4375
quadratic_ratio,180,420,300,360,-120,60,4.093,6.910,11.003,0.1510,0.0000,0.8490,0.5780
quadratic_ratio,180,420,300,420,-120,0,3.236,6.890,10.125,0.0715,0.0000,0.9285,0.6810
quadratic_ratio,180,420,360,180,-180,240,10.263,8.902,19.165,0.6670,0.0000,0.3330,0.4655
quadratic_ratio,180,420,360,240,-180,180,7.308,8.875,16.183,0.3015,0.0000,0.6985,0.4895
quadratic_ratio,180,420,360,300,-180,120,5.455,8.717,14.172,0.1370,0.0000,0.8630,0.6325
quadratic_ratio,180,420,360,360,-180,60,4.100,8.845,12.944,0.0460,0.0000,0.9540,0.8030
quadratic_ratio,180,420,360,420,-180,0,3.252,8.612,11.864,0.0295,0.0000,0.9705,0.8620
quadratic_ratio,180,420,420,180,-240,240,10.293,10.350,20.642,0.4995,0.0000,0.5005,0.4310
quadratic_ratio,180,420,420,240,-240,180,7.269,10.192,17.460,0.1705,0.0000,0.8295,0.6300
quadratic_ratio,180,420,420,300,-240,120,5.532,10.094,15.626,0.0565,0.0000,0.9435,0.7635
quadratic_ratio,180,420,420,360,-240,60,3.978,10.030,14.008,0.0105,0.0000,0.9895,0.8920
quadratic_ratio,180,420,420,420,-240,0,3.225,10.030,13.256,0.0050,0.0000,0.9950,0.9380
quadratic_ratio,240,180,180,180,60,0,13.130,10.287,23.417,0.8280,0.0000,0.1720,0.6075
quadratic_ratio,240,180,180,240,60,-60,10.335,10.302,20.636,0.5035,0.0000,0.4965,0.4300
quadratic_ratio,240,180,180,300,60,-120,8.245,10.251,18.495,0.2530,0.0000,0.7470,0.5060
quadratic_ratio,240,180,180,360,60,-180,6.298,10.145,16.442,0.0980,0.0000,0.9020,0.7200
quadratic_ratio,240,180,180,420,60,-240,5.101,10.111,15.212,0.0475,0.0000,0.9525,0.8100
quadratic_ratio,240,180,240,180,0,0,13.216,13.289,26.505,0.4855,0.0000,0.5145,0.4205
quadratic_ratio,240,180,240,240,0,-60,10.225,13.050,23.274,0.1835,0.0000,0.8165,0.5965
quadratic_ratio,240,180,240,300,0,-120,8.043,12.864,20.908,0.0505,0.0000,0.9495,0.7870
quadratic_ratio,240,180,240,360,0,-180,6.216,12.866,19.082,0.0150,0.0000,0.9850,0.9100
quadratic_ratio,240,180,240,420,0,-240,5.050,12.796,17.846,0.0035,0.0000,0.9965,0.9545
quadratic_ratio,240,180,300,180,-60,0,13.098,15.202,28.300,0.2350,0.0000,0.7650,0.4925
quadratic_ratio,240,180,300,240,-60,-60,10.004,14.947,24.951,0.0460,0.0000,0.9540,0.7950
quadratic_ratio,240,180,300,300,-60,-120,8.018,14.781,22.800,0.0080,0.0000,0.9920,0.9340
quadratic_ratio,240,180,300,360,-60,-180,6.202,14.739,20.941,0.0010,0.0000,0.9990,0.9825
quadratic_ratio,240,180,300,420,-60,-240,5.074,14.755,19.829,0.0000,0.0000,1.0000,0.9955
quadratic_ratio,240,180,360,180,-120,0,13.011,16.308,29.319,0.1105,0.0000,0.8895,0.6285
quadratic_ratio,240,180,360,240,-120,-60,10.114,16.085,26.200,0.0140,0.0000,0.9860,0.8885
quadratic_ratio,240,180,360,300,-120,-120,7.990,16.013,24.003,0.0025,0.0000,0.9975,0.9705
quadratic_ratio,240,180,360,360,-120,-180,6.199,16.006,22.206,0.0000,0.0000,1.0000,0.9965
quadratic_ratio,240,180,360,420,-120,-240,5.024,16.023,21.047,0.0000,0.0000,1.0000,0.9970
quadratic_ratio,240,180,420,180,-180,0,12.954,17.215,30.169,0.0495,0.0000,0.9505,0.7590
quadratic_ratio,240,180,420,240,-180,-60,9.956,17.023,26.979,0.0040,0.0000,0.9960,0.9510
quadratic_ratio,240,180,420,300,-180,-120,7.971,17.019,24.990,0.0005,0.0000,0.9995,0.9925
quadratic_ratio,240,180,420,360,-180,-180,6.157,17.006,23.162,0.0010,0.0000,0.9990,0.9980
quadratic_ratio,240,180,420,420,-180,-240,5.024,17.040,22.064,0.0000,0.0000,1.0000,0.9995
quadratic_ratio,240,240,180,180,60,60,12.874,7.253,20.128,0.9685,0.0000,0.0315,0.8585
quadratic_ratio,240,240,180,240,60,0,10.197,7.304,17.501,0.8305,0.0000,0.1695,0.5930
quadratic_ratio,240,240,180,300,60,-60,8.248,7.480,15.728,0.6000,0.0000,0.4000,0.4550
quadratic_ratio,240,240,180,360,60,-120,6.470,7.386,13.856,0.3770,0.0000,0.6230,0.4365
quadratic_ratio,240,240,180,420,60,-180,5.194,7.375,12.569,0.2170,0.0000,0.7830,0.5150
quadratic_ratio,240,240,240,180,0,60,13.123,10.248,23.370,0.8215,0.0000,0.1785,0.5995
quadratic_ratio,240,240,240,240,0,0,10.308,10.360,20.668,0.4945,0.0000,0.5055,0.4615
quadratic_ratio,240,240,240,300,0,-60,8.185,10.295,18.480,0.2470,0.0000,0.7530,0.5390
quadratic_ratio,240,240,240,360,0,-120,6.213,10.182,16.395,0.0805,0.0000,0.9195,0.7130
quadratic_ratio,240,240,240,420,0,-180,4.992,10.152,15.145,0.0370,0.0000,0.9630,0.8295
quadratic_ratio,240,240,300,180,-60,60,13.164,12.560,25.724,0.5740,0.0000,0.4260,0.4520
quadratic_ratio,240,240,300,240,-60,0,10.267,12.509,22.776,0.2275,0.0000,0.7725,0.5380
quadratic_ratio,240,240,300,300,-60,-60,8.081,12.287,20.368,0.0810,0.0000,0.9190,0.7255
quadratic_ratio,240,240,300,360,-60,-120,6.239,12.329,18.569,0.0130,0.0000,0.9870,0.8835
quadratic_ratio,240,240,300,420,-60,-180,5.002,12.276,17.278,0.0065,0.0000,0.9935,0.9435
quadratic_ratio,240,240,360,180,-120,60,13.256,14.447,27.703,0.3285,0.0000,0.6715,0.4300
quadratic_ratio,240,240,360,240,-120,0,10.133,14.261,24.394,0.0820,0.0000,0.9180,0.7310
quadratic_ratio,240,240,360,300,-120,-60,8.006,14.068,22.074,0.0150,0.0000,0.9850,0.8830
quadratic_ratio,240,240,360,360,-120,-120,6.221,13.960,20.181,0.0030,0.0000,0.9970,0.9670
quadratic_ratio,240,240,360,420,-120,-180,4.975,13.934,18.909,0.0020,0.0000,0.9980,0.9905
quadratic_ratio,240,240,420,180,-180,60,13.200,15.614,28.815,0.1875,0.0000,0.8125,0.5250
quadratic_ratio,240,240,420,240,-180,0,10.092,15.404,25.496,0.0295,0.0000,0.9705,0.8330
quadratic_ratio,240,240,420,300,-180,-60,7.972,15.223,23.195,0.0045,0.0000,0.9955,0.9460
quadratic_ratio,240,240,420,360,-180,-120,6.241,15.126,21.367,0.0015,0.0000,0.9985,0.9855
quadratic_ratio,240,240,420,420,-180,-180,4.981,15.200,20.181,0.0000,0.0000,1.0000,0.9965
quadratic_ratio,240,300,180,180,60,120,12.821,5.413,18.234,0.9940,0.0000,0.0060,0.9595
quadratic_ratio,240,300,180,240,60,60,10.071,5.496,15.567,0.9455,0.0000,0.0545,0.7685
quadratic_ratio,240,300,180,300,60,0,8.188,5.487,13.675,0.8230,0.0000,0.1770,0.5810
quadratic_ratio,240,300,180,360,60,-60,6.459,5.625,12.084,0.6185,0.0000,0.3815,0.4065
quadratic_ratio,240,300,180,420,60,-120,5.233,5.646,10.878,0.4325,0.0000,0.5675,0.3855
quadratic_ratio,240,300,240,180,0,120,12.973,8.088,21.061,0.9490,0.0000,0.0510,0.7970
quadratic_ratio,240,300,240,240,0,60,10.197,8.194,18.391,0.7500,0.0000,0.2500,0.5200
quadratic_ratio,240,300,240,300,0,0,8.262,8.298,16.560,0.5130,0.0000,0.4870,0.4275
quadratic_ratio,240,300,240,360,0,-60,6.399,8.296,14.694,0.2565,0.0000,0.7435,0.4985
quadratic_ratio,240,300,240,420,0,-120,5.130,8.076,13.206,0.1470,0.0000,0.8530,0.5870
quadratic_ratio,240,300,300,180,-60,120,13.075,10.139,23.213,0.8340,0.0000,0.1660,0.5930
quadratic_ratio,240,300,300,240,-60,60,10.298,10.201,20.499,0.5140,0.0000,0.4860,0.4410
quadratic_ratio,240,300,300,300,-60,0,8.213,10.241,18.453,0.2370,0.0000,0.7630,0.5245
quadratic_ratio,240,300,300,360,-60,-60,6.309,10.191,16.500,0.0905,0.0000,0.9095,0.7005
quadratic_ratio,240,300,300,420,-60,-120,5.097,10.070,15.167,0.0420,0.0000,0.9580,0.8135
quadratic_ratio,240,300,360,180,-120,120,13.169,12.409,25.578,0.6100,0.0000,0.3900,0.4315
quadratic_ratio,240,300,360,240,-120,60,10.367,12.238,22.605,0.2640,0.0000,0.7360,0.5060
quadratic_ratio,240,300,360,300,-120,0,8.164,12.219,20.383,0.0900,0.0000,0.9100,0.7170
quadratic_ratio,240,300,360,360,-120,-60,6.353,12.043,18.396,0.0345,0.0000,0.9655,0.8605
quadratic_ratio,240,300,360,420,-120,-120,5.036,11.968,17.004,0.0065,0.0000,0.9935,0.9435
quadratic_ratio,240,300,420,180,-180,120,13.353,13.870,27.223,0.4285,0.0000,0.5715,0.4185
quadratic_ratio,240,300,420,240,-180,60,10.201,13.612,23.813,0.1305,0.0000,0.8695,0.6475
quadratic_ratio,240,300,420,300,-180,0,8.059,13.476,21.535,0.0395,0.0000,0.9605,0.8455
quadratic_ratio,240,300,420,360,-180,-60,6.189,13.436,19.625,0.0075,0.0000,0.9925,0.9515
quadratic_ratio,240,300,420,420,-180,-120,5.018,13.486,18.505,0.0005,0.0000,0.9995,0.9835
quadratic_ratio,240,360,180,180,60,180,12.864,3.979,16.843,0.9995,0.0000,0.0005,0.9885
quadratic_ratio,240,360,180,240,60,120,10.038,4.028,14.066,0.9840,0.0000,0.0160,0.8900
quadratic_ratio,240,360,180,300,60,60,8.075,4.086,12.162,0.9345,0.0000,0.0655,0.7145
quadratic_ratio,240,360,180,360,60,0,6.388,4.136,10.523,0.8030,0.0000,0.1970,0.5170
quadratic_ratio,240,360,180,420,60,-60,5.221,4.267,9.489,0.6475,0.0000,0.3525,0.3730
quadratic_ratio,240,360,240,180,0,180,12.932,6.333,19.265,0.9925,0.0000,0.0075,0.9185
quadratic_ratio,240,360,240,240,0,120,10.209,6.256,16.465,0.9060,0.0000,0.0940,0.7015
quadratic_ratio,240,360,240,300,0,60,8.379,6.329,14.707,0.7570,0.0000,0.2430,0.5180
quadratic_ratio,240,360,240,360,0,0,6.399,6.355,12.754,0.5045,0.0000,0.4955,0.3945
quadratic_ratio,240,360,240,420,0,-60,5.186,6.310,11.496,0.3465,0.0000,0.6535,0.4260
quadratic_ratio,240,360,300,180,-60,180,12.921,8.264,21.185,0.9385,0.0000,0.0615,0.7760
quadratic_ratio,240,360,300,240,-60,120,10.278,8.467,18.745,0.7230,0.0000,0.2770,0.5190
quadratic_ratio,240,360,300,300,-60,60,8.245,8.433,16.678,0.4690,0.0000,0.5310,0.4330
quadratic_ratio,240,360,300,360,-60,0,6.291,8.370,14.662,0.2320,0.0000,0.7680,0.5200
quadratic_ratio,240,360,300,420,-60,-60,5.077,8.403,13.480,0.1150,0.0000,0.8850,0.6330
quadratic_ratio,240,360,360,180,-120,180,13.021,10.092,23.113,0.8350,0.0000,0.1650,0.6095
quadratic_ratio,240,360,360,240,-120,120,10.335,10.265,20.601,0.4965,0.0000,0.5035,0.4580
quadratic_ratio,240,360,360,300,-120,60,8.220,10.319,18.538,0.2440,0.0000,0.7560,0.5325
quadratic_ratio,240,360,360,360,-120,0,6.188,10.186,16.373,0.0865,0.0000,0.9135,0.7235
quadratic_ratio,240,360,360,420,-120,-60,5.003,10.109,15.111,0.0425,0.0000,0.9575,0.8085
quadratic_ratio,240,360,420,180,-180,180,13.198,12.014,25.212,0.6505,0.0000,0.3495,0.4495
quadratic_ratio,240,360,420,240,-180,120,10.371,11.912,22.284,0.3105,0.0000,0.6895,0.4990
quadratic_ratio,240,360,420,300,-180,60,8.153,11.724,19.877,0.1220,0.0000,0.8780,0.6700
quadratic_ratio,240,360,420,360,-180,0,6.274,11.652,17.926,0.0355,0.0000,0.9645,0.8280
quadratic_ratio,240,360,420,420,-180,-60,4.989,11.595,16.584,0.0115,0.0000,0.9885,0.9240
quadratic_ratio,240,420,180,180,60,240,12.825,3.224,16.049,0.9995,0.0000,0.0005,0.9955
quadratic_ratio,240,420,180,240,60,180,9.936,3.180,13.117,0.9940,0.0000,0.0060,0.9475
quadratic_ratio,240,420,180,300,60,120,8.146,3.236,11.382,0.9730,0.0000,0.0270,0.8030
quadratic_ratio,240,420,180,360,60,60,6.386,3.289,9.675,0.8895,0.0000,0.1105,0.6010
quadratic_ratio,240,420,180,420,60,0,5.189,3.372,8.561,0.7640,0.0000,0.2360,0.4310
quadratic_ratio,240,420,240,180,0,240,12.713,4.965,17.677,0.9970,0.0000,0.0030,0.9715
quadratic_ratio,240,420,240,240,0,180,10.007,5.005,15.012,0.9580,0.0000,0.0420,0.8160
quadratic_ratio,240,420,240,300,0,120,8.188,5.085,13.273,0.8640,0.0000,0.1360,0.6140
quadratic_ratio,240,420,240,360,0,60,6.346,5.216,11.563,0.6525,0.0000,0.3475,0.4310
quadratic_ratio,240,420,240,420,0,0,5.197,5.207,10.404,0.4925,0.0000,0.5075,0.3620
quadratic_ratio,240,420,300,180,-60,240,12.884,6.856,19.740,0.9770,0.0000,0.0230,0.8760
quadratic_ratio,240,420,300,240,-60,180,10.178,6.866,17.044,0.8680,0.0000,0.1320,0.6330
quadratic_ratio,240,420,300,300,-60,120,8.149,7.013,15.162,0.6400,0.0000,0.3600,0.4655
quadratic_ratio,240,420,300,360,-60,60,6.521,7.058,13.579,0.4275,0.0000,0.5725,0.4105
quadratic_ratio,240,420,300,420,-60,0,5.202,7.056,12.258,0.2525,0.0000,0.7475,0.4795
quadratic_ratio,240,420,360,180,-120,240,12.914,8.607,21.520,0.9205,0.0000,0.0795,0.7420
quadratic_ratio,240,420,360,240,-120,180,10.291,8.944,19.236,0.6680,0.0000,0.3320,0.4880
quadratic_ratio,240,420,360,300,-120,120,8.348,8.846,17.194,0.4360,0.0000,0.5640,0.4290
quadratic_ratio,240,420,360,360,-120,60,6.410,8.808,15.218,0.2075,0.0000,0.7925,0.5505
quadratic_ratio,240,420,360,420,-120,0,5.112,8.699,13.811,0.1045,0.0000,0.8955,0.6850
quadratic_ratio,240,420,420,180,-180,240,13.047,10.130,23.177,0.8275,0.0000,0.1725,0.6025
quadratic_ratio,240,420,420,240,-180,180,10.299,10.313,20.612,0.4965,0.0000,0.5035,0.4345
quadratic_ratio,240,420,420,300,-180,120,8.031,10.293,18.324,0.2340,0.0000,0.7660,0.5415
quadratic_ratio,240,420,420,360,-180,60,6.258,10.070,16.329,0.0965,0.0000,0.9035,0.6990
quadratic_ratio,240,420,420,420,-180,0,5.087,10.085,15.172,0.0370,0.0000,0.9630,0.8105
quadratic_ratio,300,180,180,180,120,0,14.902,10.052,24.953,0.9570,0.0000,0.0430,0.8040
quadratic_ratio,300,180,180,240,120,-60,12.403,10.258,22.662,0.7550,0.0000,0.2450,0.5290
quadratic_ratio,300,180,180,300,120,-120,10.351,10.389,20.740,0.5005,0.0000,0.4995,0.4425
quadratic_ratio,300,180,180,360,120,-180,8.492,10.248,18.741,0.2900,0.0000,0.7100,0.4970
quadratic_ratio,300,180,180,420,120,-240,6.917,10.252,17.169,0.1220,0.0000,0.8780,0.6405
quadratic_ratio,300,180,240,180,60,0,15.262,13.129,28.391,0.7915,0.0000,0.2085,0.5135
quadratic_ratio,300,180,240,240,60,-60,12.610,13.219,25.828,0.4155,0.0000,0.5845,0.4420
quadratic_ratio,300,180,240,300,60,-120,10.159,13.111,23.270,0.1625,0.0000,0.8375,0.6145
quadratic_ratio,300,180,240,360,60,-180,8.286,12.943,21.229,0.0555,0.0000,0.9445,0.7630
quadratic_ratio,300,180,240,420,60,-240,6.875,12.812,19.686,0.0210,0.0000,0.9790,0.8720
quadratic_ratio,300,180,300,180,0,0,15.190,15.264,30.454,0.4895,0.0000,0.5105,0.3630
quadratic_ratio,300,180,300,240,0,-60,12.475,15.136,27.611,0.1745,0.0000,0.8255,0.5765
quadratic_ratio,300,180,300,300,0,-120,10.113,14.968,25.081,0.0435,0.0000,0.9565,0.8065
quadratic_ratio,300,180,300,360,0,-180,8.244,14.814,23.058,0.0140,0.0000,0.9860,0.9115
quadratic_ratio,300,180,300,420,0,-240,6.810,14.836,21.646,0.0015,0.0000,0.9985,0.9740
quadratic_ratio,300,180,360,180,-60,0,15.329,16.558,31.887,0.3150,0.0000,0.6850,0.4020
quadratic_ratio,300,180,360,240,-60,-60,12.377,16.275,28.651,0.0755,0.0000,0.9245,0.7095
quadratic_ratio,300,180,360,300,-60,-120,10.004,16.036,26.040,0.0135,0.0000,0.9865,0.9030
quadratic_ratio,300,180,360,360,-60,-180,8.155,15.949,24.104,0.0040,0.0000,0.9960,0.9700
quadratic_ratio,300,180,360,420,-60,-240,6.755,15.993,22.748,0.0000,0.0000,1.0000,0.9915
quadratic_ratio,300,180,420,180,-120,0,15.213,17.474,32.688,0.1740,0.0000,0.8260,0.4810
quadratic_ratio,300,180,420,240,-120,-60,12.201,17.119,29.320,0.0285,0.0000,0.9715,0.8170
quadratic_ratio,300,180,420,300,-120,-120,10.091,17.014,27.104,0.0055,0.0000,0.9945,0.9480
quadratic_ratio,300,180,420,360,-120,-180,8.254,17.006,25.260,0.0005,0.0000,0.9995,0.9900
quadratic_ratio,300,180,420,420,-120,-240,6.855,16.997,23.852,0.0000,0.0000,1.0000,0.9970
quadratic_ratio,300,240,180,180,120,60,14.804,7.178,21.982,0.9955,0.0000,0.0045,0.9650
quadratic_ratio,300,240,180,240,120,0,12.392,7.248,19.640,0.9525,0.0000,0.0475,0.8100
quadratic_ratio,300,240,180,300,120,-60,10.263,7.369,17.631,0.8315,0.0000,0.1685,0.5950
quadratic_ratio,300,240,180,360,120,-120,8.547,7.381,15.928,0.6555,0.0000,0.3445,0.4705
quadratic_ratio,300,240,180,420,120,-180,7.063,7.377,14.439,0.4630,0.0000,0.5370,0.4185
quadratic_ratio,300,240,240,180,60,60,14.816,10.155,24.971,0.9480,0.0000,0.0520,0.7855
quadratic_ratio,300,240,240,240,60,0,12.431,10.175,22.606,0.7710,0.0000,0.2290,0.5450
quadratic_ratio,300,240,240,300,60,-60,10.326,10.402,20.729,0.4895,0.0000,0.5105,0.4545
quadratic_ratio,300,240,240,360,60,-120,8.424,10.269,18.693,0.2775,0.0000,0.7225,0.5110
quadratic_ratio,300,240,240,420,60,-180,6.925,10.084,17.009,0.1425,0.0000,0.8575,0.6195
quadratic_ratio,300,240,300,180,0,60,15.145,12.492,27.636,0.8205,0.0000,0.1795,0.5575
quadratic_ratio,300,240,300,240,0,0,12.732,12.681,25.413,0.5070,0.0000,0.4930,0.4400
quadratic_ratio,300,240,300,300,0,-60,10.246,12.508,22.755,0.2350,0.0000,0.7650,0.5555
quadratic_ratio,300,240,300,360,0,-120,8.294,12.383,20.677,0.0795,0.0000,0.9205,0.7225
quadratic_ratio,300,240,300,420,0,-180,6.834,12.332,19.166,0.0360,0.0000,0.9640,0.8575
quadratic_ratio,300,240,360,180,-60,60,15.206,14.444,29.650,0.6055,0.0000,0.3945,0.4095
quadratic_ratio,300,240,360,240,-60,0,12.528,14.370,26.898,0.2630,0.0000,0.7370,0.4970
quadratic_ratio,300,240,360,300,-60,-60,10.143,14.271,24.414,0.0840,0.0000,0.9160,0.7325
quadratic_ratio,300,240,360,360,-60,-120,8.238,14.094,22.332,0.0230,0.0000,0.9770,0.8665
quadratic_ratio,300,240,360,420,-60,-180,6.726,14.043,20.770,0.0040,0.0000,0.9960,0.9485
quadratic_ratio,300,240,420,180,-120,60,15.360,15.773,31.133,0.4380,0.0000,0.5620,0.3865
quadratic_ratio,300,240,420,240,-120,0,12.402,15.432,27.835,0.1455,0.0000,0.8545,0.6110
quadratic_ratio,300,240,420,300,-120,-60,10.105,15.370,25.475,0.0335,0.0000,0.9665,0.8360
quadratic_ratio,300,240,420,360,-120,-120,8.208,15.146,23.354,0.0100,0.0000,0.9900,0.9315
quadratic_ratio,300,240,420,420,-120,-180,6.790,15.244,22.035,0.0015,0.0000,0.9985,0.9780
quadratic_ratio,300,300,180,180,120,120,14.832,5.372,20.203,0.9995,0.0000,0.0005,0.9900
quadratic_ratio,300,300,180,240,120,60,12.239,5.456,17.695,0.9930,0.0000,0.0070,0.9225
quadratic_ratio,300,300,180,300,120,0,10.113,5.479,15.592,0.9555,0.0000,0.0445,0.7750
quadratic_ratio,300,300,180,360,120,-60,8.374,5.508,13.882,0.8305,0.0000,0.1695,0.6050
quadratic_ratio,300,300,180,420,120,-120,7.075,5.574,12.649,0.7035,0.0000,0.2965,0.4595
quadratic_ratio,300,300,240,180,60,120,14.806,8.065,22.871,0.9905,0.0000,0.0095,0.9270
quadratic_ratio,300,300,240,240,60,60,12.451,8.039,20.490,0.9340,0.0000,0.0660,0.7500
quadratic_ratio,300,300,240,300,60,0,10.303,8.224,18.526,0.7590,0.0000,0.2410,0.5125
quadratic_ratio,300,300,240,360,60,-60,8.416,8.308,16.724,0.5180,0.0000,0.4820,0.4375
quadratic_ratio,300,300,240,420,60,-120,7.045,8.216,15.261,0.3415,0.0000,0.6585,0.4510
quadratic_ratio,300,300,300,180,0,120,14.948,10.111,25.060,0.9495,0.0000,0.0505,0.7925
quadratic_ratio,300,300,300,240,0,60,12.557,10.329,22.886,0.7845,0.0000,0.2155,0.5315
quadratic_ratio,300,300,300,300,0,0,10.290,10.380,20.669,0.4925,0.0000,0.5075,0.4470
quadratic_ratio,300,300,300,360,0,-60,8.560,10.262,18.822,0.2910,0.0000,0.7090,0.4930
quadratic_ratio,300,300,300,420,0,-120,6.948,10.215,17.163,0.1335,0.0000,0.8665,0.6400
quadratic_ratio,300,300,360,180,-60,120,15.143,12.219,27.362,0.8460,0.0000,0.1540,0.5980
quadratic_ratio,300,300,360,240,-60,60,12.511,12.457,24.968,0.5025,0.0000,0.4975,0.4360
quadratic_ratio,300,300,360,300,-60,0,10.274,12.402,22.675,0.2425,0.0000,0.7575,0.5295
quadratic_ratio,300,300,360,360,-60,-60,8.353,12.188,20.541,0.1005,0.0000,0.8995,0.7035
quadratic_ratio,300,300,360,420,-60,-120,6.862,12.091,18.952,0.0350,0.0000,0.9650,0.8225
quadratic_ratio,300,300,420,180,-120,120,15.341,13.956,29.297,0.6895,0.0000,0.3105,0.4595
quadratic_ratio,300,300,420,240,-120,60,12.585,13.950,26.534,0.3145,0.0000,0.6855,0.4485
quadratic_ratio,300,300,420,300,-120,0,10.129,13.629,23.758,0.1170,0.0000,0.8830,0.6515
quadratic_ratio,300,300,420,360,-120,-60,8.277,13.540,21.817,0.0425,0.0000,0.9575,0.8355
quadratic_ratio,300,300,420,420,-120,-120,6.836,13.409,20.245,0.0195,0.0000,0.9805,0.9025
quadratic_ratio,300,360,180,180,120,180,14.868,3.973,18.841,1.0000,0.0000,0.0000,0.9990
quadratic_ratio,300,360,180,240,120,120,12.226,3.990,16.215,0.9975,0.0000,0.0025,0.9775
quadratic_ratio,300,360,180,300,120,60,10.044,4.007,14.051,0.9835,0.0000,0.0165,0.8915
quadratic_ratio,300,360,180,360,120,0,8.350,3.950,12.300,0.9460,0.0000,0.0540,0.7690
quadratic_ratio,300,360,180,420,120,-60,6.949,4.119,11.068,0.8485,0.0000,0.1515,0.5760
quadratic_ratio,300,360,240,180,60,180,14.870,6.123,20.994,1.0000,0.0000,0.0000,0.9820
quadratic_ratio,300,360,240,240,60,120,12.237,6.287,18.523,0.9755,0.0000,0.0245,0.8840
quadratic_ratio,300,360,240,300,60,60,10.167,6.372,16.538,0.8965,0.0000,0.1035,0.7005
quadratic_ratio,300,360,240,360,60,0,8.343,6.274,14.617,0.7620,0.0000,0.2380,0.5330
quadratic_ratio,300,360,240,420,60,-60,7.044,6.449,13.492,0.5760,0.0000,0.4240,0.4095
quadratic_ratio,300,360,300,180,0,180,14.877,8.267,23.144,0.9865,0.0000,0.0135,0.9235
quadratic_ratio,300,360,300,240,0,120,12.405,8.300,20.705,0.9080,0.0000,0.0920,0.7245
quadratic_ratio,300,360,300,300,0,60,10.211,8.395,18.605,0.7390,0.0000,0.2610,0.5010
quadratic_ratio,300,360,300,360,0,0,8.487,8.463,16.950,0.4990,0.0000,0.5010,0.4335
quadratic_ratio,300,360,300,420,0,-60,7.031,8.495,15.526,0.3135,0.0000,0.6865,0.4810
quadratic_ratio,300,360,360,180,-60,180,14.924,10.094,25.017,0.9580,0.0000,0.0420,0.7835
quadratic_ratio,300,360,360,240,-60,120,12.604,10.322,22.926,0.7790,0.0000,0.2210,0.5440
quadratic_ratio,300,360,360,300,-60,60,10.267,10.357,20.624,0.4915,0.0000,0.5085,0.4525
quadratic_ratio,300,360,360,360,-60,0,8.421,10.240,18.661,0.2820,0.0000,0.7180,0.5140
quadratic_ratio,300,360,360,420,-60,-60,6.835,10.141,16.976,0.1290,0.0000,0.8710,0.6460
quadratic_ratio,300,360,420,180,-120,180,15.055,11.889,26.943,0.8720,0.0000,0.1280,0.6115
quadratic_ratio,300,360,420,240,-120,120,12.563,12.021,24.584,0.5745,0.0000,0.4255,0.4295
quadratic_ratio,300,360,420,300,-120,60,10.245,11.835,22.080,0.3025,0.0000,0.6975,0.5075
quadratic_ratio,300,360,420,360,-120,0,8.331,11.810,20.142,0.1250,0.0000,0.8750,0.6670
quadratic_ratio,300,360,420,420,-120,-60,6.801,11.784,18.585,0.0455,0.0000,0.9545,0.8015
quadratic_ratio,300,420,180,180,120,240,14.850,3.173,18.023,1.0000,0.0000,0.0000,0.9995
quadratic_ratio,300,420,180,240,120,180,12.193,3.214,15.407,0.9995,0.0000,0.0005,0.9880
quadratic_ratio,300,420,180,300,120,120,10.032,3.228,13.260,0.9945,0.0000,0.0055,0.9330
quadratic_ratio,300,420,180,360,120,60,8.219,3.145,11.364,0.9715,0.0000,0.0285,0.8275
quadratic_ratio,300,420,180,420,120,0,6.891,3.249,10.140,0.9315,0.0000,0.0685,0.6750
quadratic_ratio,300,420,240,180,60,240,14.783,5.068,19.851,1.0000,0.0000,0.0000,0.9960
quadratic_ratio,300,420,240,240,60,180,12.221,4.977,17.198,0.9920,0.0000,0.0080,0.9525
quadratic_ratio,300,420,240,300,60,120,10.223,5.013,15.236,0.9685,0.0000,0.0315,0.8230
quadratic_ratio,300,420,240,360,60,60,8.363,5.090,13.453,0.8775,0.0000,0.1225,0.6430
quadratic_ratio,300,420,240,420,60,0,6.997,5.138,12.134,0.7515,0.0000,0.2485,0.4725
quadratic_ratio,300,420,300,180,0,240,14.903,6.850,21.753,0.9965,0.0000,0.0035,0.9705
quadratic_ratio,300,420,300,240,0,180,12.306,6.804,19.110,0.9770,0.0000,0.0230,0.8355
quadratic_ratio,300,420,300,300,0,120,10.142,6.899,17.041,0.8635,0.0000,0.1365,0.6280
quadratic_ratio,300,420,300,360,0,60,8.453,7.048,15.502,0.6855,0.0000,0.3145,0.4585
quadratic_ratio,300,420,300,420,0,0,7.045,7.046,14.091,0.5050,0.0000,0.4950,0.4340
quadratic_ratio,300,420,360,180,-60,240,14.803,8.610,23.412,0.9860,0.0000,0.0140,0.8980
quadratic_ratio,300,420,360,240,-60,180,12.328,8.687,21.014,0.8865,0.0000,0.1135,0.6730
quadratic_ratio,300,420,360,300,-60,120,10.239,8.818,19.056,0.6865,0.0000,0.3135,0.4730
quadratic_ratio,300,420,360,360,-60,60,8.458,8.944,17.402,0.4360,0.0000,0.5640,0.4525
quadratic_ratio,300,420,360,420,-60,0,7.024,8.870,15.894,0.2730,0.0000,0.7270,0.5055
quadratic_ratio,300,420,420,180,-120,240,14.908,10.090,24.998,0.9465,0.0000,0.0535,0.8015
quadratic_ratio,300,420,420,240,-120,180,12.540,10.266,22.806,0.7725,0.0000,0.2275,0.5465
quadratic_ratio,300,420,420,300,-120,120,10.177,10.295,20.471,0.4795,0.0000,0.5205,0.4615
quadratic_ratio,300,420,420,360,-120,60,8.482,10.311,18.793,0.2710,0.0000,0.7290,0.5145
quadratic_ratio,300,420,420,420,-120,0,6.955,10.162,17.116,0.1335,0.0000,0.8665,0.6325
quadratic_ratio,360,180,180,180,180,0,16.034,10.035,26.069,0.9885,0.0000,0.0115,0.8910
quadratic_ratio,360,180,180,240,180,-60,14.192,10.075,24.267,0.9215,0.0000,0.0785,0.7195
quadratic_ratio,360,180,180,300,180,-120,12.358,10.182,22.541,0.7675,0.0000,0.2325,0.5365
quadratic_ratio,360,180,180,360,180,-180,10.326,10.271,20.598,0.5005,0.0000,0.4995,0.4570
quadratic_ratio,360,180,180,420,180,-240,8.947,10.325,19.272,0.3300,0.0000,0.6700,0.4805
quadratic_ratio,360,180,240,180,120,0,16.323,13.059,29.383,0.8880,0.0000,0.1120,0.6320
quadratic_ratio,360,180,240,240,120,-60,14.557,13.299,27.855,0.6615,0.0000,0.3385,0.4450
quadratic_ratio,360,180,240,300,120,-120,12.493,13.262,25.755,0.3900,0.0000,0.6100,0.4255
quadratic_ratio,360,180,240,360,120,-180,10.142,12.961,23.102,0.1810,0.0000,0.8190,0.6045
quadratic_ratio,360,180,240,420,120,-240,8.750,12.938,21.688,0.0840,0.0000,0.9160,0.7305
quadratic_ratio,360,180,300,180,60,0,16.522,15.312,31.834,0.6805,0.0000,0.3195,0.3960
quadratic_ratio,360,180,300,240,60,-60,14.359,15.288,29.647,0.3700,0.0000,0.6300,0.4025
quadratic_ratio,360,180,300,300,60,-120,12.248,15.116,27.364,0.1555,0.0000,0.8445,0.5830
quadratic_ratio,360,180,300,360,60,-180,10.161,14.936,25.097,0.0545,0.0000,0.9455,0.7995
quadratic_ratio,360,180,300,420,60,-240,8.652,14.898,23.549,0.0140,0.0000,0.9860,0.9025
quadratic_ratio,360,180,360,180,0,0,16.517,16.665,33.181,0.4620,0.0000,0.5380,0.3290
quadratic_ratio,360,180,360,240,0,-60,14.350,16.466,30.816,0.2150,0.0000,0.7850,0.4925
quadratic_ratio,360,180,360,300,0,-120,12.146,16.192,28.338,0.0705,0.0000,0.9295,0.7235
quadratic_ratio,360,180,360,360,0,-180,10.088,16.071,26.159,0.0130,0.0000,0.9870,0.8870
quadratic_ratio,360,180,360,420,0,-240,8.700,15.988,24.688,0.0085,0.0000,0.9915,0.9480
quadratic_ratio,360,180,420,180,-60,0,16.651,17.696,34.347,0.3270,0.0000,0.6730,0.3320
quadratic_ratio,360,180,420,240,-60,-60,14.379,17.364,31.742,0.1055,0.0000,0.8945,0.5800
quadratic_ratio,360,180,420,300,-60,-120,12.046,17.141,29.186,0.0260,0.0000,0.9740,0.8305
quadratic_ratio,360,180,420,360,-60,-180,9.983,16.962,26.945,0.0035,0.0000,0.9965,0.9505
quadratic_ratio,360,180,420,420,-60,-240,8.573,17.059,25.632,0.0005,0.0000,0.9995,0.9870
quadratic_ratio,360,240,180,180,180,60,15.970,7.122,23.093,0.9975,0.0000,0.0025,0.9830
quadratic_ratio,360,240,180,240,180,0,14.046,7.165,21.211,0.9930,0.0000,0.0070,0.9370
quadratic_ratio,360,240,180,300,180,-60,12.117,7.231,19.348,0.9525,0.0000,0.0475,0.8020
quadratic_ratio,360,240,180,360,180,-120,10.209,7.422,17.631,0.8245,0.0000,0.1755,0.6080
quadratic_ratio,360,240,180,420,180,-180,8.841,7.400,16.241,0.6820,0.0000,0.3180,0.4815
quadratic_ratio,360,240,240,180,120,60,16.029,10.030,26.059,0.9850,0.0000,0.0150,0.8930
quadratic_ratio,360,240,240,240,120,0,14.132,10.200,24.331,0.9095,0.0000,0.0905,0.7215
quadratic_ratio,360,240,240,300,120,-60,12.309,10.252,22.561,0.7455,0.0000,0.2545,0.5210
quadratic_ratio,360,240,240,360,120,-120,10.284,10.386,20.669,0.4855,0.0000,0.5145,0.4445
quadratic_ratio,360,240,240,420,120,-180,8.954,10.305,19.259,0.3345,0.0000,0.6655,0.4975
quadratic_ratio,360,240,300,180,60,60,16.291,12.387,28.678,0.9185,0.0000,0.0815,0.7010
quadratic_ratio,360,240,300,240,60,0,14.388,12.621,27.009,0.7260,0.0000,0.2740,0.4980
quadratic_ratio,360,240,300,300,60,-60,12.333,12.710,25.044,0.4470,0.0000,0.5530,0.4355
quadratic_ratio,360,240,300,360,60,-120,10.300,12.584,22.883,0.2455,0.0000,0.7545,0.5620
quadratic_ratio,360,240,300,420,60,-180,8.720,12.365,21.085,0.1135,0.0000,0.8865,0.6825
quadratic_ratio,360,240,360,180,0,60,16.473,14.468,30.941,0.7715,0.0000,0.2285,0.4720
quadratic_ratio,360,240,360,240,0,0,14.530,14.557,29.087,0.4865,0.0000,0.5135,0.3725
quadratic_ratio,360,240,360,300,0,-60,12.402,14.400,26.802,0.2405,0.0000,0.7595,0.5005
quadratic_ratio,360,240,360,360,0,-120,10.098,14.165,24.263,0.0880,0.0000,0.9120,0.7325
quadratic_ratio,360,240,360,420,0,-180,8.719,14.085,22.803,0.0335,0.0000,0.9665,0.8350
quadratic_ratio,360,240,420,180,-60,60,16.634,15.813,32.447,0.6265,0.0000,0.3735,0.3670
quadratic_ratio,360,240,420,240,-60,0,14.434,15.785,30.220,0.3125,0.0000,0.6875,0.4260
quadratic_ratio,360,240,420,300,-60,-60,12.326,15.513,27.839,0.1205,0.0000,0.8795,0.6240
quadratic_ratio,360,240,420,360,-60,-120,9.907,15.332,25.239,0.0260,0.0000,0.9740,0.8540
quadratic_ratio,360,240,420,420,-60,-180,8.649,15.191,23.840,0.0100,0.0000,0.9900,0.9110
quadratic_ratio,360,300,180,180,180,120,16.045,5.298,21.343,0.9990,0.0000,0.0010,0.9965
quadratic_ratio,360,300,180,240,180,60,13.980,5.458,19.438,0.9985,0.0000,0.0015,0.9840
quadratic_ratio,360,300,180,300,180,0,12.053,5.462,17.515,0.9890,0.0000,0.0110,0.9180
quadratic_ratio,360,300,180,360,180,-60,10.079,5.434,15.513,0.9510,0.0000,0.0490,0.7680
quadratic_ratio,360,300,180,420,180,-120,8.757,5.498,14.255,0.8810,0.0000,0.1190,0.6390
quadratic_ratio,360,300,240,180,120,120,16.024,8.078,24.102,0.9980,0.0000,0.0020,0.9770
quadratic_ratio,360,300,240,240,120,60,14.073,8.066,22.139,0.9775,0.0000,0.0225,0.8820
quadratic_ratio,360,300,240,300,120,0,12.151,8.116,20.267,0.9140,0.0000,0.0860,0.7210
quadratic_ratio,360,300,240,360,120,-60,10.297,8.214,18.511,0.7375,0.0000,0.2625,0.5400
quadratic_ratio,360,300,240,420,120,-120,8.824,8.338,17.162,0.5645,0.0000,0.4355,0.4305
quadratic_ratio,360,300,300,180,60,120,16.079,10.135,26.215,0.9850,0.0000,0.0150,0.8850
quadratic_ratio,360,300,300,240,60,60,14.150,10.062,24.212,0.9150,0.0000,0.0850,0.7220
quadratic_ratio,360,300,300,300,60,0,12.361,10.310,22.671,0.7455,0.0000,0.2545,0.5310
quadratic_ratio,360,300,300,360,60,-60,10.326,10.355,20.681,0.4970,0.0000,0.5030,0.4450
quadratic_ratio,360,300,300,420,60,-120,8.787,10.226,19.012,0.3200,0.0000,0.6800,0.4690
quadratic_ratio,360,300,360,180,0,120,16.186,12.190,28.376,0.9355,0.0000,0.0645,0.7145
quadratic_ratio,360,300,360,240,0,60,14.312,12.299,26.611,0.7475,0.0000,0.2525,0.5205
quadratic_ratio,360,300,360,300,0,0,12.410,12.398,24.808,0.5010,0.0000,0.4990,0.4375
quadratic_ratio,360,300,360,360,0,-60,10.251,12.293,22.543,0.2505,0.0000,0.7495,0.5130
quadratic_ratio,360,300,360,420,0,-120,8.742,12.239,20.981,0.1230,0.0000,0.8770,0.6470
quadratic_ratio,360,300,420,180,-60,120,16.395,13.773,30.168,0.8340,0.0000,0.1660,0.5465
quadratic_ratio,360,300,420,240,-60,60,14.492,13.850,28.342,0.5850,0.0000,0.4150,0.4140
quadratic_ratio,360,300,420,300,-60,0,12.342,13.886,26.228,0.2965,0.0000,0.7035,0.4780
quadratic_ratio,360,300,420,360,-60,-60,10.050,13.602,23.652,0.1140,0.0000,0.8860,0.6580
quadratic_ratio,360,300,420,420,-60,-120,8.663,13.553,22.216,0.0450,0.0000,0.9550,0.7930
quadratic_ratio,360,360,180,180,180,180,16.061,3.994,20.055,1.0000,0.0000,0.0000,0.9985
quadratic_ratio,360,360,180,240,180,120,13.888,3.991,17.880,1.0000,0.0000,0.0000,0.9935
quadratic_ratio,360,360,180,300,180,60,11.944,3.995,15.939,0.9985,0.0000,0.0015,0.9720
quadratic_ratio,360,360,180,360,180,0,10.054,3.970,14.024,0.9885,0.0000,0.0115,0.9015
quadratic_ratio,360,360,180,420,180,-60,8.713,4.014,12.727,0.9560,0.0000,0.0440,0.7930
quadratic_ratio,360,360,240,180,120,180,16.025,6.122,22.147,1.0000,0.0000,0.0000,0.9985
quadratic_ratio,360,360,240,240,120,120,14.022,6.189,20.212,0.9980,0.0000,0.0020,0.9650
quadratic_ratio,360,360,240,300,120,60,12.021,6.228,18.249,0.9725,0.0000,0.0275,0.8685
quadratic_ratio,360,360,240,360,120,0,10.214,6.393,16.607,0.8920,0.0000,0.1080,0.7005
quadratic_ratio,360,360,240,420,120,-60,8.806,6.375,15.181,0.7905,0.0000,0.2095,0.5520
quadratic_ratio,360,360,300,180,60,180,16.003,8.309,24.312,0.9965,0.0000,0.0035,0.9680
quadratic_ratio,360,360,300,240,60,120,14.165,8.270,22.435,0.9785,0.0000,0.0215,0.8700
quadratic_ratio,360,360,300,300,60,60,12.159,8.300,20.459,0.8935,0.0000,0.1065,0.7090
quadratic_ratio,360,360,300,360,60,0,10.271,8.456,18.727,0.7290,0.0000,0.2710,0.5140
quadratic_ratio,360,360,300,420,60,-60,8.848,8.491,17.338,0.5290,0.0000,0.4710,0.4510
quadratic_ratio,360,360,360,180,0,180,16.090,10.059,26.149,0.9885,0.0000,0.0115,0.8910
quadratic_ratio,360,360,360,240,0,120,14.196,10.110,24.306,0.9135,0.0000,0.0865,0.7215
quadratic_ratio,360,360,360,300,0,60,12.293,10.190,22.483,0.7610,0.0000,0.2390,0.5390
quadratic_ratio,360,360,360,360,0,0,10.306,10.318,20.623,0.5030,0.0000,0.4970,0.4495
quadratic_ratio,360,360,360,420,0,-60,8.787,10.246,19.034,0.3255,0.0000,0.6745,0.4920
quadratic_ratio,360,360,420,180,-60,180,16.122,11.661,27.782,0.9440,0.0000,0.0560,0.7620
quadratic_ratio,360,360,420,240,-60,120,14.398,11.949,26.347,0.8015,0.0000,0.1985,0.5395
quadratic_ratio,360,360,420,300,-60,60,12.350,11.951,24.301,0.5545,0.0000,0.4455,0.4410
quadratic_ratio,360,360,420,360,-60,0,10.308,11.995,22.303,0.2785,0.0000,0.7215,0.4830
quadratic_ratio,360,360,420,420,-60,-60,8.755,11.868,20.623,0.1445,0.0000,0.8555,0.6175
quadratic_ratio,360,420,180,180,180,240,16.023,3.221,19.244,1.0000,0.0000,0.0000,1.0000
quadratic_ratio,360,420,180,240,180,180,13.996,3.189,17.186,1.0000,0.0000,0.0000,0.9975
quadratic_ratio,360,420,180,300,180,120,11.999,3.180,15.179,0.9995,0.0000,0.0005,0.9900
quadratic_ratio,360,420,180,360,180,60,9.983,3.231,13.214,0.9925,0.0000,0.0075,0.9375
quadratic_ratio,360,420,180,420,180,0,8.688,3.276,11.963,0.9805,0.0000,0.0195,0.8575
quadratic_ratio,360,420,240,180,120,240,15.996,5.040,21.037,1.0000,0.0000,0.0000,0.9970
quadratic_ratio,360,420,240,240,120,180,13.996,4.979,18.975,0.9985,0.0000,0.0015,0.9875
quadratic_ratio,360,420,240,300,120,120,12.018,4.942,16.960,0.9925,0.0000,0.0075,0.9490
quadratic_ratio,360,420,240,360,120,60,10.098,4.958,15.057,0.9650,0.0000,0.0350,0.8135
quadratic_ratio,360,420,240,420,120,0,8.769,5.019,13.788,0.9100,0.0000,0.0900,0.6855
quadratic_ratio,360,420,300,180,60,240,15.998,6.840,22.837,1.0000,0.0000,0.0000,0.9925
quadratic_ratio,360,420,300,240,60,180,14.036,6.832,20.868,0.9965,0.0000,0.0035,0.9425
quadratic_ratio,360,420,300,300,60,120,12.079,6.888,18.966,0.9650,0.0000,0.0350,0.8140
quadratic_ratio,360,420,300,360,60,60,10.164,6.920,17.084,0.8660,0.0000,0.1340,0.6425
quadratic_ratio,360,420,300,420,60,0,8.878,6.997,15.875,0.7285,0.0000,0.2715,0.4995
quadratic_ratio,360,420,360,180,0,240,15.986,8.614,24.599,0.9950,0.0000,0.0050,0.9535
quadratic_ratio,360,420,360,240,0,180,14.014,8.614,22.628,0.9660,0.0000,0.0340,0.8505
quadratic_ratio,360,420,360,300,0,120,12.318,8.688,21.005,0.8970,0.0000,0.1030,0.6695
quadratic_ratio,360,420,360,360,0,60,10.348,8.858,19.206,0.6970,0.0000,0.3030,0.4805
quadratic_ratio,360,420,360,420,0,0,8.841,8.863,17.704,0.4995,0.0000,0.5005,0.4295
quadratic_ratio,360,420,420,180,-60,240,16.041,10.124,26.165,0.9900,0.0000,0.0100,0.8980
quadratic_ratio,360,420,420,240,-60,180,14.245,10.222,24.467,0.9185,0.0000,0.0815,0.7205
quadratic_ratio,360,420,420,300,-60,120,12.185,10.228,22.413,0.7310,0.0000,0.2690,0.5365
quadratic_ratio,360,420,420,360,-60,60,10.289,10.235,20.523,0.5195,0.0000,0.4805,0.4495
quadratic_ratio,360,420,420,420,-60,0,8.856,10.277,19.133,0.3260,0.0000,0.6740,0.4820
quadratic_ratio,420,180,180,180,240,0,17.060,10.033,27.093,0.9965,0.0000,0.0035,0.9560
quadratic_ratio,420,180,180,240,240,-60,15.264,10.095,25.358,0.9685,0.0000,0.0315,0.8195
quadratic_ratio,420,180,180,300,240,-120,13.699,10.108,23.807,0.8820,0.0000,0.1180,0.6675
quadratic_ratio,420,180,180,360,240,-180,11.925,10.303,22.227,0.6915,0.0000,0.3085,0.4900
quadratic_ratio,420,180,180,420,240,-240,10.213,10.322,20.535,0.4920,0.0000,0.5080,0.4595
quadratic_ratio,420,180,240,180,180,0,17.171,12.820,29.991,0.9485,0.0000,0.0515,0.7585
quadratic_ratio,420,180,240,240,180,-60,15.648,13.077,28.724,0.8285,0.0000,0.1715,0.5555
quadratic_ratio,420,180,240,300,180,-120,13.878,13.211,27.089,0.5980,0.0000,0.4020,0.4070
quadratic_ratio,420,180,240,360,180,-180,11.982,13.182,25.164,0.3505,0.0000,0.6495,0.4600
quadratic_ratio,420,180,240,420,180,-240,10.184,13.072,23.257,0.1630,0.0000,0.8370,0.5975
quadratic_ratio,420,180,300,180,120,0,17.518,15.328,32.846,0.8065,0.0000,0.1935,0.4800
quadratic_ratio,420,180,300,240,120,-60,15.797,15.396,31.193,0.5610,0.0000,0.4390,0.3840
quadratic_ratio,420,180,300,300,120,-120,13.826,15.290,29.117,0.2905,0.0000,0.7095,0.4440
quadratic_ratio,420,180,300,360,120,-180,11.851,15.080,26.931,0.1280,0.0000,0.8720,0.6255
quadratic_ratio,420,180,300,420,120,-240,10.084,14.895,24.979,0.0475,0.0000,0.9525,0.7915
quadratic_ratio,420,180,360,180,60,0,17.627,16.628,34.255,0.6740,0.0000,0.3260,0.3430
quadratic_ratio,420,180,360,240,60,-60,15.800,16.640,32.441,0.3710,0.0000,0.6290,0.3640
quadratic_ratio,420,180,360,300,60,-120,13.754,16.438,30.191,0.1605,0.0000,0.8395,0.5770
quadratic_ratio,420,180,360,360,60,-180,11.645,16.143,27.788,0.0515,0.0000,0.9485,0.7600
quadratic_ratio,420,180,360,420,60,-240,10.110,16.041,26.151,0.0180,0.0000,0.9820,0.8800
quadratic_ratio,420,180,420,180,0,0,17.762,17.837,35.598,0.4940,0.0000,0.5060,0.2705
quadratic_ratio,420,180,420,240,0,-60,15.732,17.585,33.317,0.2145,0.0000,0.7855,0.4395
quadratic_ratio,420,180,420,300,0,-120,13.546,17.215,30.761,0.0720,0.0000,0.9280,0.6865
quadratic_ratio,420,180,420,360,0,-180,11.603,17.113,28.716,0.0170,0.0000,0.9830,0.8645
quadratic_ratio,420,180,420,420,0,-240,10.029,17.056,27.085,0.0030,0.0000,0.9970,0.9510
quadratic_ratio,420,240,180,180,240,60,16.997,7.167,24.164,1.0000,0.0000,0.0000,0.9960
quadratic_ratio,420,240,180,240,240,0,15.167,7.229,22.395,0.9985,0.0000,0.0015,0.9745
quadratic_ratio,420,240,180,300,240,-60,13.445,7.226,20.672,0.9800,0.0000,0.0200,0.8910
quadratic_ratio,420,240,180,360,240,-120,11.732,7.223,18.955,0.9320,0.0000,0.0680,0.7520
quadratic_ratio,420,240,180,420,240,-180,10.293,7.455,17.748,0.8270,0.0000,0.1730,0.5805
quadratic_ratio,420,240,240,180,180,60,17.033,10.014,27.047,0.9970,0.0000,0.0030,0.9490
quadratic_ratio,420,240,240,240,180,0,15.248,10.091,25.340,0.9670,0.0000,0.0330,0.8235
quadratic_ratio,420,240,240,300,180,-60,13.671,10.145,23.816,0.8790,0.0000,0.1210,0.6555
quadratic_ratio,420,240,240,360,180,-120,11.895,10.254,22.149,0.6985,0.0000,0.3015,0.5080
quadratic_ratio,420,240,240,420,180,-180,10.347,10.220,20.566,0.5225,0.0000,0.4775,0.4420
quadratic_ratio,420,240,300,180,120,60,17.087,12.232,29.318,0.9695,0.0000,0.0305,0.8170
quadratic_ratio,420,240,300,240,120,0,15.531,12.421,27.952,0.8670,0.0000,0.1330,0.6185
quadratic_ratio,420,240,300,300,120,-60,13.818,12.616,26.433,0.6540,0.0000,0.3460,0.4565
quadratic_ratio,420,240,300,360,120,-120,11.903,12.568,24.471,0.4065,0.0000,0.5935,0.4320
quadratic_ratio,420,240,300,420,120,-180,10.220,12.541,22.761,0.2135,0.0000,0.7865,0.5255
quadratic_ratio,420,240,360,180,60,60,17.341,14.231,31.572,0.8920,0.0000,0.1080,0.6110
quadratic_ratio,420,240,360,240,60,0,15.727,14.486,30.212,0.6795,0.0000,0.3205,0.4145
quadratic_ratio,420,240,360,300,60,-60,13.854,14.469,28.322,0.4145,0.0000,0.5855,0.4230
quadratic_ratio,420,240,360,360,60,-120,11.965,14.275,26.240,0.2165,0.0000,0.7835,0.5355
quadratic_ratio,420,240,360,420,60,-180,10.115,14.137,24.252,0.0925,0.0000,0.9075,0.7320
quadratic_ratio,420,240,420,180,0,60,17.515,15.652,33.168,0.7835,0.0000,0.2165,0.4350
quadratic_ratio,420,240,420,240,0,0,15.802,15.744,31.546,0.5055,0.0000,0.4945,0.3375
quadratic_ratio,420,240,420,300,0,-60,13.804,15.662,29.466,0.2585,0.0000,0.7415,0.4775
quadratic_ratio,420,240,420,360,0,-120,11.777,15.431,27.209,0.0960,0.0000,0.9040,0.6705
quadratic_ratio,420,240,420,420,0,-180,10.055,15.297,25.352,0.0325,0.0000,0.9675,0.8255
quadratic_ratio,420,300,180,180,240,120,16.999,5.411,22.410,1.0000,0.0000,0.0000,0.9990
quadratic_ratio,420,300,180,240,240,60,15.165,5.441,20.607,0.9990,0.0000,0.0010,0.9930
quadratic_ratio,420,300,180,300,240,0,13.426,5.349,18.776,0.9985,0.0000,0.0015,0.9670
quadratic_ratio,420,300,180,360,240,-60,11.658,5.353,17.011,0.9825,0.0000,0.0175,0.9120
quadratic_ratio,420,300,180,420,240,-120,10.136,5.444,15.581,0.9410,0.0000,0.0590,0.7865
quadratic_ratio,420,300,240,180,180,120,16.954,7.934,24.889,0.9990,0.0000,0.0010,0.9860
quadratic_ratio,420,300,240,240,180,60,15.271,8.066,23.337,0.9945,0.0000,0.0055,0.9515
quadratic_ratio,420,300,240,300,180,0,13.508,8.062,21.570,0.9740,0.0000,0.0260,0.8380
quadratic_ratio,420,300,240,360,180,-60,11.854,8.199,20.053,0.8785,0.0000,0.1215,0.6710
quadratic_ratio,420,300,240,420,180,-120,10.255,8.323,18.578,0.7355,0.0000,0.2645,0.5285
quadratic_ratio,420,300,300,180,120,120,17.067,9.980,27.047,0.9980,0.0000,0.0020,0.9505
quadratic_ratio,420,300,300,240,120,60,15.316,10.081,25.396,0.9635,0.0000,0.0365,0.8345
quadratic_ratio,420,300,300,300,120,0,13.680,10.165,23.845,0.8930,0.0000,0.1070,0.6605
quadratic_ratio,420,300,300,360,120,-60,11.907,10.281,22.188,0.7030,0.0000,0.2970,0.5110
quadratic_ratio,420,300,300,420,120,-120,10.273,10.293,20.565,0.4955,0.0000,0.5045,0.4615
quadratic_ratio,420,300,360,180,60,120,17.172,12.018,29.191,0.9765,0.0000,0.0235,0.8440
quadratic_ratio,420,300,360,240,60,60,15.463,12.255,27.718,0.8655,0.0000,0.1345,0.6340
quadratic_ratio,420,300,360,300,60,0,13.822,12.347,26.168,0.6920,0.0000,0.3080,0.4670
quadratic_ratio,420,300,360,360,60,-60,11.941,12.370,24.310,0.4475,0.0000,0.5525,0.4390
quadratic_ratio,420,300,360,420,60,-120,10.323,12.365,22.688,0.2545,0.0000,0.7455,0.5145
quadratic_ratio,420,300,420,180,0,120,17.171,13.592,30.763,0.9230,0.0000,0.0770,0.6690
quadratic_ratio,420,300,420,240,0,60,15.681,13.797,29.478,0.7595,0.0000,0.2405,0.4780
quadratic_ratio,420,300,420,300,0,0,13.899,13.905,27.804,0.4955,0.0000,0.5045,0.4025
quadratic_ratio,420,300,420,360,0,-60,11.948,13.786,25.733,0.2550,0.0000,0.7450,0.4960
quadratic_ratio,420,300,420,420,0,-120,10.158,13.693,23.850,0.1220,0.0000,0.8780,0.6515
quadratic_ratio,420,360,180,180,240,180,17.032,3.994,21.025,1.0000,0.0000,0.0000,0.9995
quadratic_ratio,420,360,180,240,240,120,15.205,3.972,19.177,1.0000,0.0000,0.0000,0.9995
quadratic_ratio,420,360,180,300,240,60,13.409,4.034,17.443,0.9995,0.0000,0.0005,0.9895
quadratic_ratio,420,360,180,360,240,0,11.540,4.019,15.559,0.9980,0.0000,0.0020,0.9620
quadratic_ratio,420,360,180,420,240,-60,10.076,3.984,14.060,0.9860,0.0000,0.0140,0.8960
quadratic_ratio,420,360,240,180,180,180,17.030,6.198,23.229,1.0000,0.0000,0.0000,0.9985
quadratic_ratio,420,360,240,240,180,120,15.227,6.298,21.525,1.0000,0.0000,0.0000,0.9870
quadratic_ratio,420,360,240,300,180,60,13.450,6.128,19.577,0.9950,0.0000,0.0050,0.9575
quadratic_ratio,420,360,240,360,180,0,11.717,6.184,17.901,0.9690,0.0000,0.0310,0.8550
quadratic_ratio,420,360,240,420,180,-60,10.197,6.410,16.608,0.8960,0.0000,0.1040,0.6765
quadratic_ratio,420,360,300,180,120,180,17.002,8.232,25.234,1.0000,0.0000,0.0000,0.9900
quadratic_ratio,420,360,300,240,120,120,15.258,8.130,23.389,0.9940,0.0000,0.0060,0.9480
quadratic_ratio,420,360,300,300,120,60,13.565,8.205,21.770,0.9635,0.0000,0.0365,0.8330
quadratic_ratio,420,360,300,360,120,0,11.845,8.286,20.130,0.8845,0.0000,0.1155,0.6550
quadratic_ratio,420,360,300,420,120,-60,10.231,8.380,18.611,0.7360,0.0000,0.2640,0.5075
quadratic_ratio,420,360,360,180,60,180,17.018,10.024,27.043,0.9940,0.0000,0.0060,0.9405
quadratic_ratio,420,360,360,240,60,120,15.299,10.035,25.334,0.9700,0.0000,0.0300,0.8390
quadratic_ratio,420,360,360,300,60,60,13.627,10.222,23.849,0.8760,0.0000,0.1240,0.6560
quadratic_ratio,420,360,360,360,60,0,11.950,10.234,22.184,0.7105,0.0000,0.2895,0.4870
quadratic_ratio,420,360,360,420,60,-60,10.368,10.227,20.595,0.5240,0.0000,0.4760,0.4460
quadratic_ratio,420,360,420,180,0,180,17.090,11.575,28.664,0.9820,0.0000,0.0180,0.8660
quadratic_ratio,420,360,420,240,0,120,15.460,11.736,27.196,0.9180,0.0000,0.0820,0.6785
quadratic_ratio,420,360,420,300,0,60,13.780,11.968,25.748,0.7355,0.0000,0.2645,0.4965
quadratic_ratio,420,360,420,360,0,0,12.039,11.998,24.036,0.5020,0.0000,0.4980,0.4275
quadratic_ratio,420,360,420,420,0,-60,10.398,11.964,22.361,0.3020,0.0000,0.6980,0.4710
quadratic_ratio,420,420,180,180,240,240,16.987,3.212,20.199,1.0000,0.0000,0.0000,1.0000
quadratic_ratio,420,420,180,240,240,180,15.133,3.197,18.331,1.0000,0.0000,0.0000,0.9990
quadratic_ratio,420,420,180,300,240,120,13.341,3.186,16.526,1.0000,0.0000,0.0000,0.9985
quadratic_ratio,420,420,180,360,240,60,11.626,3.183,14.808,0.9995,0.0000,0.0005,0.9810
quadratic_ratio,420,420,180,420,240,0,10.098,3.198,13.296,0.9905,0.0000,0.0095,0.9465
quadratic_ratio,420,420,240,180,180,240,17.021,5.025,22.046,1.0000,0.0000,0.0000,0.9985
quadratic_ratio,420,420,240,240,180,180,15.214,5.141,20.355,1.0000,0.0000,0.0000,0.9990
quadratic_ratio,420,420,240,300,180,120,13.396,5.033,18.428,0.9990,0.0000,0.0010,0.9780
quadratic_ratio,420,420,240,360,180,60,11.666,5.035,16.701,0.9895,0.0000,0.0105,0.9215
quadratic_ratio,420,420,240,420,180,0,10.108,5.065,15.173,0.9650,0.0000,0.0350,0.8160
quadratic_ratio,420,420,300,180,120,240,16.989,6.770,23.759,1.0000,0.0000,0.0000,0.9970
quadratic_ratio,420,420,300,240,120,180,15.247,6.768,22.014,1.0000,0.0000,0.0000,0.9850
quadratic_ratio,420,420,300,300,120,120,13.403,6.814,20.217,0.9830,0.0000,0.0170,0.9220
quadratic_ratio,420,420,300,360,120,60,11.736,6.886,18.623,0.9405,0.0000,0.0595,0.8020
quadratic_ratio,420,420,300,420,120,0,10.164,6.876,17.040,0.8690,0.0000,0.1310,0.6285
quadratic_ratio,420,420,360,180,60,240,16.945,8.519,25.464,0.9985,0.0000,0.0015,0.9865
quadratic_ratio,420,420,360,240,60,180,15.222,8.641,23.863,0.9870,0.0000,0.0130,0.9270
quadratic_ratio,420,420,360,300,60,120,13.573,8.626,22.199,0.9525,0.0000,0.0475,0.7860
quadratic_ratio,420,420,360,360,60,60,11.822,8.844,20.666,0.8460,0.0000,0.1540,0.5985
quadratic_ratio,420,420,360,420,60,0,10.396,8.827,19.224,0.6975,0.0000,0.3025,0.4860
quadratic_ratio,420,420,420,180,0,240,16.997,10.075,27.073,0.9930,0.0000,0.0070,0.9480
quadratic_ratio,420,420,420,240,0,180,15.252,10.060,25.313,0.9650,0.0000,0.0350,0.8340
quadratic_ratio,420,420,420,300,0,120,13.606,10.200,23.806,0.8775,0.0000,0.1225,0.6565
quadratic_ratio,420,420,420,360,0,60,11.951,10.377,22.328,0.6950,0.0000,0.3050,0.4920
quadratic_ratio,420,420,420,420,0,0,10.310,10.315,20.625,0.5000,0.0000,0.5000,0.4370
blended_22_78,180,180,180,180,0,0,10.216,10.319,20.535,0.4940,0.0000,0.5060,0.4545
blended_22_78,180,180,180,240,0,-60,9.027,10.280,19.306,0.3465,0.0000,0.6535,0.4655
blended_22_78,180,180,180,300,0,-120,8.399,10.266,18.666,0.2745,0.0000,0.7255,0.5045
blended_22_78,180,180,180,360,0,-180,7.744,10.211,17.955,0.2120,0.0000,0.7880,0.5725
blended_22_78,180,180,180,420,0,-240,7.335,10.268,17.602,0.1580,0.0000,0.8420,0.5980
blended_22_78,180,180,240,180,-60,0,10.363,11.051,21.414,0.3995,0.0000,0.6005,0.4420
blended_22_78,180,180,240,240,-60,-60,9.127,11.113,20.240,0.2650,0.0000,0.7350,0.5145
blended_22_78,180,180,240,300,-60,-120,8.422,11.083,19.505,0.1750,0.0000,0.8250,0.5830
blended_22_78,180,180,240,360,-60,-180,7.745,11.068,18.813,0.1310,0.0000,0.8690,0.6510
blended_22_78,180,180,240,420,-60,-240,7.218,10.942,18.160,0.1045,0.0000,0.8955,0.6875
blended_22_78,180,180,300,180,-120,0,10.299,11.698,21.997,0.3320,0.0000,0.6680,0.4930
blended_22_78,180,180,300,240,-120,-60,9.047,11.642,20.689,0.2105,0.0000,0.7895,0.5740
blended_22_78,180,180,300,300,-120,-120,8.343,11.642,19.985,0.1410,0.0000,0.8590,0.6445
blended_22_78,180,180,300,360,-120,-180,7.800,11.569,19.369,0.1035,0.0000,0.8965,0.6925
blended_22_78,180,180,300,420,-120,-240,7.218,11.540,18.757,0.0645,0.0000,0.9355,0.7475
blended_22_78,180,180,360,180,-180,0,10.239,12.410,22.649,0.2325,0.0000,0.7675,0.5370
blended_22_78,180,180,360,240,-180,-60,8.978,12.293,21.271,0.1355,0.0000,0.8645,0.6510
blended_22_78,180,180,360,300,-180,-120,8.367,12.214,20.581,0.1130,0.0000,0.8870,0.7035
blended_22_78,180,180,360,360,-180,-180,7.723,12.213,19.936,0.0695,0.0000,0.9305,0.7535
blended_22_78,180,180,360,420,-180,-240,7.328,12.162,19.489,0.0535,0.0000,0.9465,0.7810
blended_22_78,180,180,420,180,-240,0,10.342,12.702,23.044,0.2230,0.0000,0.7770,0.5590
blended_22_78,180,180,420,240,-240,-60,8.989,12.668,21.658,0.1125,0.0000,0.8875,0.6850
blended_22_78,180,180,420,300,-240,-120,8.380,12.526,20.906,0.0760,0.0000,0.9240,0.7360
blended_22_78,180,180,420,360,-240,-180,7.612,12.502,20.114,0.0490,0.0000,0.9510,0.7950
blended_22_78,180,180,420,420,-240,-240,7.338,12.488,19.826,0.0470,0.0000,0.9530,0.8200
blended_22_78,180,240,180,180,0,60,10.342,9.066,19.408,0.6600,0.0000,0.3400,0.4805
blended_22_78,180,240,180,240,0,0,9.083,9.098,18.181,0.5060,0.0000,0.4940,0.4335
blended_22_78,180,240,180,300,0,-60,8.400,9.034,17.434,0.4205,0.0000,0.5795,0.4695
blended_22_78,180,240,180,360,0,-120,7.876,9.140,17.016,0.3425,0.0000,0.6575,0.4885
blended_22_78,180,240,180,420,0,-180,7.463,9.117,16.580,0.2925,0.0000,0.7075,0.4955
blended_22_78,180,240,240,180,-60,60,10.307,10.389,20.697,0.4855,0.0000,0.5145,0.4360
blended_22_78,180,240,240,240,-60,0,9.128,10.226,19.354,0.3575,0.0000,0.6425,0.4615
blended_22_78,180,240,240,300,-60,-60,8.435,10.379,18.814,0.2545,0.0000,0.7455,0.5205
blended_22_78,180,240,240,360,-60,-120,7.837,10.216,18.053,0.2090,0.0000,0.7910,0.5420
blended_22_78,180,240,240,420,-60,-180,7.388,10.228,17.616,0.1780,0.0000,0.8220,0.6050
blended_22_78,180,240,300,180,-120,60,10.279,10.950,21.230,0.4125,0.0000,0.5875,0.4625
blended_22_78,180,240,300,240,-120,0,8.943,10.909,19.852,0.2620,0.0000,0.7380,0.5090
blended_22_78,180,240,300,300,-120,-60,8.466,10.970,19.436,0.2175,0.0000,0.7825,0.5525
blended_22_78,180,240,300,360,-120,-120,7.758,10.839,18.598,0.1485,0.0000,0.8515,0.6090
blended_22_78,180,240,300,420,-120,-180,7.304,10.791,18.096,0.1125,0.0000,0.8875,0.6585
blended_22_78,180,240,360,180,-180,60,10.267,11.584,21.850,0.3335,0.0000,0.6665,0.4595
blended_22_78,180,240,360,240,-180,0,9.011,11.389,20.399,0.2205,0.0000,0.7795,0.5560
blended_22_78,180,240,360,300,-180,-60,8.382,11.475,19.857,0.1485,0.0000,0.8515,0.6195
blended_22_78,180,240,360,360,-180,-120,7.702,11.322,19.024,0.1190,0.0000,0.8810,0.6790
blended_22_78,180,240,360,420,-180,-180,7.363,11.463,18.826,0.0775,0.0000,0.9225,0.7410
blended_22_78,180,240,420,180,-240,60,10.309,12.018,22.328,0.2715,0.0000,0.7285,0.4945
blended_22_78,180,240,420,240,-240,0,8.901,11.841,20.742,0.1700,0.0000,0.8300,0.6155
blended_22_78,180,240,420,300,-240,-60,8.299,11.732,20.030,0.1310,0.0000,0.8690,0.6570
blended_22_78,180,240,420,360,-240,-120,7.699,11.740,19.439,0.0975,0.0000,0.9025,0.7290
blended_22_78,180,240,420,420,-240,-180,7.285,11.721,19.006,0.0720,0.0000,0.9280,0.7420
blended_22_78,180,300,180,180,0,120,10.316,8.452,18.768,0.7365,0.0000,0.2635,0.4995
blended_22_78,180,300,180,240,0,60,9.101,8.401,17.502,0.5860,0.0000,0.4140,0.4380
blended_22_78,180,300,180,300,0,0,8.444,8.540,16.984,0.4845,0.0000,0.5155,0.4420
blended_22_78,180,300,180,360,0,-60,7.929,8.351,16.280,0.4365,0.0000,0.5635,0.4235
blended_22_78,180,300,180,420,0,-120,7.476,8.523,15.999,0.3595,0.0000,0.6405,0.4620
blended_22_78,180,300,240,180,-60,120,10.320,9.290,19.610,0.6270,0.0000,0.3730,0.4460
blended_22_78,180,300,240,240,-60,60,9.125,9.315,18.440,0.4665,0.0000,0.5335,0.4320
blended_22_78,180,300,240,300,-60,0,8.469,9.307,17.776,0.3800,0.0000,0.6200,0.4685
blended_22_78,180,300,240,360,-60,-60,7.816,9.255,17.072,0.3100,0.0000,0.6900,0.4830
blended_22_78,180,300,240,420,-60,-120,7.382,9.318,16.700,0.2515,0.0000,0.7485,0.5155
blended_22_78,180,300,300,180,-120,120,10.360,10.350,20.709,0.4990,0.0000,0.5010,0.4175
blended_22_78,180,300,300,240,-120,60,9.100,10.346,19.446,0.3475,0.0000,0.6525,0.4740
blended_22_78,180,300,300,300,-120,0,8.308,10.291,18.599,0.2585,0.0000,0.7415,0.5110
blended_22_78,180,300,300,360,-120,-60,7.796,10.200,17.997,0.2170,0.0000,0.7830,0.5485
blended_22_78,180,300,300,420,-120,-120,7.367,10.249,17.616,0.1740,0.0000,0.8260,0.5930
blended_22_78,180,300,360,180,-180,120,10.305,10.632,20.937,0.4610,0.0000,0.5390,0.4675
blended_22_78,180,300,360,240,-180,60,9.022,10.722,19.744,0.2840,0.0000,0.7160,0.4975
blended_22_78,180,300,360,300,-180,0,8.431,10.590,19.021,0.2385,0.0000,0.7615,0.5275
blended_22_78,180,300,360,360,-180,-60,7.734,10.527,18.261,0.1805,0.0000,0.8195,0.5935
blended_22_78,180,300,360,420,-180,-120,7.351,10.621,17.971,0.1415,0.0000,0.8585,0.6375
blended_22_78,180,300,420,180,-240,120,10.267,11.315,21.581,0.3600,0.0000,0.6400,0.4765
blended_22_78,180,300,420,240,-240,60,8.989,11.246,20.236,0.2325,0.0000,0.7675,0.5605
blended_22_78,180,300,420,300,-240,0,8.405,11.321,19.727,0.1620,0.0000,0.8380,0.6165
blended_22_78,180,300,420,360,-240,-60,7.724,11.125,18.849,0.1230,0.0000,0.8770,0.6465
blended_22_78,180,300,420,420,-240,-120,7.260,11.018,18.278,0.1170,0.0000,0.8830,0.6910
blended_22_78,180,360,180,180,0,180,10.284,7.809,18.093,0.7865,0.0000,0.2135,0.5615
blended_22_78,180,360,180,240,0,120,9.048,7.734,16.782,0.6700,0.0000,0.3300,0.4775
blended_22_78,180,360,180,300,0,60,8.519,7.880,16.399,0.5850,0.0000,0.4150,0.4395
blended_22_78,180,360,180,360,0,0,7.835,7.821,15.656,0.5015,0.0000,0.4985,0.4325
blended_22_78,180,360,180,420,0,-60,7.495,7.790,15.286,0.4625,0.0000,0.5375,0.4035
blended_22_78,180,360,240,180,-60,180,10.310,8.565,18.875,0.7180,0.0000,0.2820,0.5060
blended_22_78,180,360,240,240,-60,120,9.092,8.741,17.833,0.5470,0.0000,0.4530,0.4260
blended_22_78,180,360,240,300,-60,60,8.563,8.621,17.184,0.4935,0.0000,0.5065,0.4270
blended_22_78,180,360,240,360,-60,0,7.795,8.719,16.514,0.3730,0.0000,0.6270,0.4525
blended_22_78,180,360,240,420,-60,-60,7.306,8.701,16.007,0.3145,0.0000,0.6855,0.4645
blended_22_78,180,360,300,180,-120,180,10.360,9.456,19.816,0.6155,0.0000,0.3845,0.4470
blended_22_78,180,360,300,240,-120,120,9.152,9.544,18.696,0.4580,0.0000,0.5420,0.4355
blended_22_78,180,360,300,300,-120,60,8.495,9.489,17.984,0.3690,0.0000,0.6310,0.4695
blended_22_78,180,360,300,360,-120,0,7.894,9.499,17.393,0.3090,0.0000,0.6910,0.5050
blended_22_78,180,360,300,420,-120,-60,7.427,9.443,16.870,0.2490,0.0000,0.7510,0.5230
blended_22_78,180,360,360,180,-180,180,10.328,10.434,20.762,0.4820,0.0000,0.5180,0.4520
blended_22_78,180,360,360,240,-180,120,9.111,10.388,19.498,0.3365,0.0000,0.6635,0.4820
blended_22_78,180,360,360,300,-180,60,8.525,10.360,18.886,0.2760,0.0000,0.7240,0.5135
blended_22_78,180,360,360,360,-180,0,7.812,10.307,18.119,0.2035,0.0000,0.7965,0.5675
blended_22_78,180,360,360,420,-180,-60,7.373,10.199,17.572,0.1725,0.0000,0.8275,0.5955
blended_22_78,180,360,420,180,-240,180,10.302,10.810,21.112,0.4330,0.0000,0.5670,0.4465
blended_22_78,180,360,420,240,-240,120,9.031,10.658,19.689,0.3045,0.0000,0.6955,0.5010
blended_22_78,180,360,420,300,-240,60,8.374,10.643,19.017,0.2320,0.0000,0.7680,0.5725
blended_22_78,180,360,420,360,-240,0,7.843,10.663,18.506,0.1755,0.0000,0.8245,0.5850
blended_22_78,180,360,420,420,-240,-60,7.311,10.670,17.980,0.1200,0.0000,0.8800,0.6425
blended_22_78,180,420,180,180,0,240,10.167,7.385,17.552,0.8265,0.0000,0.1735,0.5945
blended_22_78,180,420,180,240,0,180,9.082,7.431,16.514,0.6990,0.0000,0.3010,0.4860
blended_22_78,180,420,180,300,0,120,8.418,7.437,15.855,0.6260,0.0000,0.3740,0.4505
blended_22_78,180,420,180,360,0,60,7.841,7.378,15.220,0.5755,0.0000,0.4245,0.4355
blended_22_78,180,420,180,420,0,0,7.462,7.457,14.919,0.4995,0.0000,0.5005,0.4280
blended_22_78,180,420,240,180,-60,240,10.341,8.309,18.651,0.7440,0.0000,0.2560,0.5210
blended_22_78,180,420,240,240,-60,180,9.021,8.279,17.300,0.6000,0.0000,0.4000,0.4575
blended_22_78,180,420,240,300,-60,120,8.461,8.267,16.728,0.5270,0.0000,0.4730,0.4470
blended_22_78,180,420,240,360,-60,60,7.851,8.270,16.120,0.4315,0.0000,0.5685,0.4210
blended_22_78,180,420,240,420,-60,0,7.486,8.338,15.823,0.3850,0.0000,0.6150,0.4425
blended_22_78,180,420,300,180,-120,240,10.291,8.802,19.093,0.6935,0.0000,0.3065,0.4895
blended_22_78,180,420,300,240,-120,180,9.043,8.877,17.920,0.5200,0.0000,0.4800,0.4395
blended_22_78,180,420,300,300,-120,120,8.527,8.930,17.456,0.4590,0.0000,0.5410,0.4195
blended_22_78,180,420,300,360,-120,60,7.704,8.955,16.659,0.3410,0.0000,0.6590,0.4630
blended_22_78,180,420,300,420,-120,0,7.399,8.931,16.330,0.3065,0.0000,0.6935,0.4815
blended_22_78,180,420,360,180,-180,240,10.322,9.754,20.075,0.5750,0.0000,0.4250,0.4575
blended_22_78,180,420,360,240,-180,180,9.104,9.749,18.852,0.4140,0.0000,0.5860,0.4420
blended_22_78,180,420,360,300,-180,120,8.506,9.720,18.226,0.3375,0.0000,0.6625,0.4775
blended_22_78,180,420,360,360,-180,60,7.778,9.670,17.448,0.2800,0.0000,0.7200,0.5370
blended_22_78,180,420,360,420,-180,0,7.430,9.666,17.096,0.2165,0.0000,0.7835,0.5170
blended_22_78,180,420,420,180,-240,240,10.322,10.289,20.611,0.5130,0.0000,0.4870,0.4505
blended_22_78,180,420,420,240,-240,180,9.017,10.320,19.337,0.3295,0.0000,0.6705,0.4815
blended_22_78,180,420,420,300,-240,120,8.501,10.248,18.749,0.2835,0.0000,0.7165,0.4975
blended_22_78,180,420,420,360,-240,60,7.783,10.223,18.006,0.2100,0.0000,0.7900,0.5625
blended_22_78,180,420,420,420,-240,0,7.364,10.267,17.631,0.1700,0.0000,0.8300,0.6065
blended_22_78,240,180,180,180,60,0,11.072,10.201,21.273,0.6055,0.0000,0.3945,0.4650
blended_22_78,240,180,180,240,60,-60,10.379,10.427,20.806,0.4880,0.0000,0.5120,0.4400
blended_22_78,240,180,180,300,60,-120,9.305,10.257,19.562,0.3835,0.0000,0.6165,0.4710
blended_22_78,240,180,180,360,60,-180,8.575,10.294,18.870,0.2890,0.0000,0.7110,0.5045
blended_22_78,240,180,180,420,60,-240,8.293,10.293,18.585,0.2550,0.0000,0.7450,0.5055
blended_22_78,240,180,240,180,0,0,11.082,11.074,22.155,0.5010,0.0000,0.4990,0.4425
blended_22_78,240,180,240,240,0,-60,10.276,11.107,21.383,0.3880,0.0000,0.6120,0.4515
blended_22_78,240,180,240,300,0,-120,9.239,11.149,20.388,0.2785,0.0000,0.7215,0.5040
blended_22_78,240,180,240,360,0,-180,8.496,10.969,19.465,0.2030,0.0000,0.7970,0.5625
blended_22_78,240,180,240,420,0,-240,8.127,11.021,19.147,0.1770,0.0000,0.8230,0.6165
blended_22_78,240,180,300,180,-60,0,11.171,11.754,22.925,0.4170,0.0000,0.5830,0.4260
blended_22_78,240,180,300,240,-60,-60,10.282,11.756,22.038,0.3180,0.0000,0.6820,0.4960
blended_22_78,240,180,300,300,-60,-120,9.185,11.748,20.934,0.1920,0.0000,0.8080,0.5665
blended_22_78,240,180,300,360,-60,-180,8.595,11.659,20.254,0.1580,0.0000,0.8420,0.6205
blended_22_78,240,180,300,420,-60,-240,8.145,11.668,19.813,0.1185,0.0000,0.8815,0.6480
blended_22_78,240,180,360,180,-120,0,11.246,12.441,23.687,0.3440,0.0000,0.6560,0.4545
blended_22_78,240,180,360,240,-120,-60,10.280,12.284,22.563,0.2690,0.0000,0.7310,0.5335
blended_22_78,240,180,360,300,-120,-120,9.141,12.211,21.352,0.1535,0.0000,0.8465,0.6115
blended_22_78,240,180,360,360,-120,-180,8.585,12.273,20.858,0.1180,0.0000,0.8820,0.6950
blended_22_78,240,180,360,420,-120,-240,8.138,12.177,20.315,0.0815,0.0000,0.9185,0.7320
blended_22_78,240,180,420,180,-180,0,11.075,12.711,23.786,0.2965,0.0000,0.7035,0.4880
blended_22_78,240,180,420,240,-180,-60,10.259,12.605,22.864,0.2195,0.0000,0.7805,0.5515
blended_22_78,240,180,420,300,-180,-120,9.142,12.655,21.797,0.1155,0.0000,0.8845,0.6550
blended_22_78,240,180,420,360,-180,-180,8.508,12.595,21.103,0.0840,0.0000,0.9160,0.7180
blended_22_78,240,180,420,420,-180,-240,8.083,12.570,20.653,0.0630,0.0000,0.9370,0.7465
blended_22_78,240,240,180,180,60,60,11.110,8.979,20.088,0.7635,0.0000,0.2365,0.5325
blended_22_78,240,240,180,240,60,0,10.235,8.975,19.209,0.6650,0.0000,0.3350,0.4765
blended_22_78,240,240,180,300,60,-60,9.303,9.130,18.434,0.5340,0.0000,0.4660,0.4275
blended_22_78,240,240,180,360,60,-120,8.783,9.090,17.873,0.4610,0.0000,0.5390,0.4505
blended_22_78,240,240,180,420,60,-180,8.284,9.133,17.417,0.3760,0.0000,0.6240,0.4530
blended_22_78,240,240,240,180,0,60,11.152,10.296,21.448,0.6120,0.0000,0.3880,0.4675
blended_22_78,240,240,240,240,0,0,10.301,10.263,20.564,0.5065,0.0000,0.4935,0.4420
blended_22_78,240,240,240,300,0,-60,9.248,10.296,19.544,0.3695,0.0000,0.6305,0.4570
blended_22_78,240,240,240,360,0,-120,8.628,10.315,18.943,0.2950,0.0000,0.7050,0.5020
blended_22_78,240,240,240,420,0,-180,8.235,10.326,18.561,0.2545,0.0000,0.7455,0.5540
blended_22_78,240,240,300,180,-60,60,11.165,11.012,22.177,0.5165,0.0000,0.4835,0.4530
blended_22_78,240,240,300,240,-60,0,10.311,10.925,21.236,0.4200,0.0000,0.5800,0.4435
blended_22_78,240,240,300,300,-60,-60,9.248,10.956,20.203,0.3000,0.0000,0.7000,0.5015
blended_22_78,240,240,300,360,-60,-120,8.614,10.950,19.564,0.2205,0.0000,0.7795,0.5380
blended_22_78,240,240,300,420,-60,-180,8.225,10.826,19.050,0.1975,0.0000,0.8025,0.5855
blended_22_78,240,240,360,180,-120,60,11.216,11.588,22.803,0.4365,0.0000,0.5635,0.4560
blended_22_78,240,240,360,240,-120,0,10.284,11.511,21.795,0.3535,0.0000,0.6465,0.4605
blended_22_78,240,240,360,300,-120,-60,9.190,11.504,20.694,0.2210,0.0000,0.7790,0.5525
blended_22_78,240,240,360,360,-120,-120,8.547,11.498,20.046,0.1645,0.0000,0.8355,0.6045
blended_22_78,240,240,360,420,-120,-180,8.197,11.383,19.579,0.1390,0.0000,0.8610,0.6365
blended_22_78,240,240,420,180,-180,60,11.161,12.020,23.181,0.3770,0.0000,0.6230,0.4420
blended_22_78,240,240,420,240,-180,0,10.216,11.978,22.194,0.2755,0.0000,0.7245,0.4820
blended_22_78,240,240,420,300,-180,-60,9.130,11.886,21.016,0.1900,0.0000,0.8100,0.5875
blended_22_78,240,240,420,360,-180,-120,8.598,11.754,20.352,0.1430,0.0000,0.8570,0.6360
blended_22_78,240,240,420,420,-180,-180,8.142,11.751,19.893,0.1145,0.0000,0.8855,0.6605
blended_22_78,240,300,180,180,60,120,11.028,8.392,19.420,0.8070,0.0000,0.1930,0.5805
blended_22_78,240,300,180,240,60,60,10.317,8.397,18.714,0.7420,0.0000,0.2580,0.4945
blended_22_78,240,300,180,300,60,0,9.242,8.382,17.624,0.6200,0.0000,0.3800,0.4650
blended_22_78,240,300,180,360,60,-60,8.598,8.401,16.998,0.5245,0.0000,0.4755,0.4390
blended_22_78,240,300,180,420,60,-120,8.303,8.504,16.806,0.4795,0.0000,0.5205,0.4295
blended_22_78,240,300,240,180,0,120,11.178,9.304,20.482,0.7300,0.0000,0.2700,0.5180
blended_22_78,240,300,240,240,0,60,10.325,9.251,19.575,0.6385,0.0000,0.3615,0.4690
blended_22_78,240,300,240,300,0,0,9.229,9.252,18.481,0.4915,0.0000,0.5085,0.4465
blended_22_78,240,300,240,360,0,-60,8.649,9.325,17.973,0.4115,0.0000,0.5885,0.4345
blended_22_78,240,300,240,420,0,-120,8.230,9.349,17.579,0.3565,0.0000,0.6435,0.4775
blended_22_78,240,300,300,180,-60,120,11.113,10.332,21.444,0.5900,0.0000,0.4100,0.4645
blended_22_78,240,300,300,240,-60,60,10.239,10.307,20.546,0.4940,0.0000,0.5060,0.4360
blended_22_78,240,300,300,300,-60,0,9.300,10.232,19.532,0.3870,0.0000,0.6130,0.4565
blended_22_78,240,300,300,360,-60,-60,8.664,10.191,18.855,0.3105,0.0000,0.6895,0.4880
blended_22_78,240,300,300,420,-60,-120,8.248,10.367,18.615,0.2390,0.0000,0.7610,0.5145
blended_22_78,240,300,360,180,-120,120,11.188,10.724,21.913,0.5625,0.0000,0.4375,0.4385
blended_22_78,240,300,360,240,-120,60,10.289,10.723,21.011,0.4380,0.0000,0.5620,0.4450
blended_22_78,240,300,360,300,-120,0,9.232,10.631,19.863,0.3315,0.0000,0.6685,0.5035
blended_22_78,240,300,360,360,-120,-60,8.617,10.766,19.383,0.2410,0.0000,0.7590,0.5140
blended_22_78,240,300,360,420,-120,-120,8.188,10.625,18.813,0.2200,0.0000,0.7800,0.5630
blended_22_78,240,300,420,180,-180,120,11.236,11.403,22.640,0.4695,0.0000,0.5305,0.4425
blended_22_78,240,300,420,240,-180,60,10.223,11.268,21.490,0.3650,0.0000,0.6350,0.4560
blended_22_78,240,300,420,300,-180,0,9.195,11.241,20.436,0.2540,0.0000,0.7460,0.5250
blended_22_78,240,300,420,360,-180,-60,8.614,11.242,19.855,0.2030,0.0000,0.7970,0.5930
blended_22_78,240,300,420,420,-180,-120,8.152,11.276,19.428,0.1595,0.0000,0.8405,0.6145
blended_22_78,240,360,180,180,60,180,11.022,7.758,18.780,0.8695,0.0000,0.1305,0.6275
blended_22_78,240,360,180,240,60,120,10.249,7.721,17.971,0.7935,0.0000,0.2065,0.5780
blended_22_78,240,360,180,300,60,60,9.328,7.822,17.149,0.6985,0.0000,0.3015,0.4755
blended_22_78,240,360,180,360,60,0,8.672,7.758,16.431,0.6030,0.0000,0.3970,0.4865
blended_22_78,240,360,180,420,60,-60,8.274,7.912,16.186,0.5530,0.0000,0.4470,0.4280
blended_22_78,240,360,240,180,0,180,11.007,8.665,19.672,0.7815,0.0000,0.2185,0.5590
blended_22_78,240,360,240,240,0,120,10.274,8.582,18.855,0.6970,0.0000,0.3030,0.4915
blended_22_78,240,360,240,300,0,60,9.277,8.614,17.890,0.5830,0.0000,0.4170,0.4640
blended_22_78,240,360,240,360,0,0,8.639,8.602,17.241,0.5075,0.0000,0.4925,0.4430
blended_22_78,240,360,240,420,0,-60,8.303,8.695,16.999,0.4540,0.0000,0.5460,0.4430
blended_22_78,240,360,300,180,-60,180,11.116,9.549,20.665,0.6960,0.0000,0.3040,0.4890
blended_22_78,240,360,300,240,-60,120,10.309,9.498,19.806,0.5985,0.0000,0.4015,0.4445
blended_22_78,240,360,300,300,-60,60,9.241,9.509,18.750,0.4610,0.0000,0.5390,0.4420
blended_22_78,240,360,300,360,-60,0,8.684,9.479,18.162,0.3860,0.0000,0.6140,0.4570
blended_22_78,240,360,300,420,-60,-60,8.239,9.627,17.867,0.3125,0.0000,0.6875,0.4660
blended_22_78,240,360,360,180,-120,180,11.178,10.402,21.581,0.5990,0.0000,0.4010,0.4520
blended_22_78,240,360,360,240,-120,120,10.278,10.325,20.604,0.5020,0.0000,0.4980,0.4375
blended_22_78,240,360,360,300,-120,60,9.316,10.282,19.599,0.3845,0.0000,0.6155,0.4615
blended_22_78,240,360,360,360,-120,0,8.604,10.356,18.960,0.2770,0.0000,0.7230,0.5030
blended_22_78,240,360,360,420,-120,-60,8.171,10.291,18.462,0.2380,0.0000,0.7620,0.5455
blended_22_78,240,360,420,180,-180,180,11.156,10.730,21.886,0.5585,0.0000,0.4415,0.4340
blended_22_78,240,360,420,240,-180,120,10.254,10.675,20.928,0.4420,0.0000,0.5580,0.4385
blended_22_78,240,360,420,300,-180,60,9.309,10.706,20.014,0.3190,0.0000,0.6810,0.4860
blended_22_78,240,360,420,360,-180,0,8.601,10.691,19.292,0.2505,0.0000,0.7495,0.5415
blended_22_78,240,360,420,420,-180,-60,8.236,10.684,18.921,0.2145,0.0000,0.7855,0.5715
blended_22_78,240,420,180,180,60,240,10.956,7.356,18.313,0.8930,0.0000,0.1070,0.6670
blended_22_78,240,420,180,240,60,180,10.221,7.428,17.649,0.8340,0.0000,0.1660,0.5795
blended_22_78,240,420,180,300,60,120,9.274,7.476,16.749,0.7320,0.0000,0.2680,0.4850
blended_22_78,240,420,180,360,60,60,8.741,7.402,16.142,0.6810,0.0000,0.3190,0.4700
blended_22_78,240,420,180,420,60,0,8.266,7.420,15.686,0.6150,0.0000,0.3850,0.4355
blended_22_78,240,420,240,180,0,240,10.989,8.204,19.194,0.8155,0.0000,0.1845,0.5990
blended_22_78,240,420,240,240,0,180,10.325,8.206,18.531,0.7605,0.0000,0.2395,0.5385
blended_22_78,240,420,240,300,0,120,9.310,8.293,17.604,0.6310,0.0000,0.3690,0.4445
blended_22_78,240,420,240,360,0,60,8.671,8.247,16.918,0.5595,0.0000,0.4405,0.4365
blended_22_78,240,420,240,420,0,0,8.270,8.329,16.598,0.4885,0.0000,0.5115,0.4290
blended_22_78,240,420,300,180,-60,240,11.069,8.787,19.855,0.7725,0.0000,0.2275,0.5500
blended_22_78,240,420,300,240,-60,180,10.254,8.805,19.059,0.6730,0.0000,0.3270,0.5000
blended_22_78,240,420,300,300,-60,120,9.402,8.919,18.321,0.5560,0.0000,0.4440,0.4320
blended_22_78,240,420,300,360,-60,60,8.691,8.902,17.593,0.4845,0.0000,0.5155,0.4340
blended_22_78,240,420,300,420,-60,0,8.257,8.912,17.169,0.4055,0.0000,0.5945,0.4270
blended_22_78,240,420,360,180,-120,240,11.283,9.712,20.995,0.6940,0.0000,0.3060,0.4860
blended_22_78,240,420,360,240,-120,180,10.302,9.742,20.044,0.5690,0.0000,0.4310,0.4590
blended_22_78,240,420,360,300,-120,120,9.271,9.691,18.962,0.4520,0.0000,0.5480,0.4480
blended_22_78,240,420,360,360,-120,60,8.659,9.648,18.307,0.3890,0.0000,0.6110,0.4655
blended_22_78,240,420,360,420,-120,0,8.345,9.605,17.950,0.3495,0.0000,0.6505,0.4685
blended_22_78,240,420,420,180,-180,240,11.203,10.286,21.489,0.6045,0.0000,0.3955,0.4765
blended_22_78,240,420,420,240,-180,180,10.345,10.377,20.722,0.4905,0.0000,0.5095,0.4405
blended_22_78,240,420,420,300,-180,120,9.247,10.366,19.613,0.3575,0.0000,0.6425,0.4830
blended_22_78,240,420,420,360,-180,60,8.567,10.201,18.768,0.2965,0.0000,0.7035,0.4910
blended_22_78,240,420,420,420,-180,0,8.252,10.286,18.538,0.2515,0.0000,0.7485,0.5285
blended_22_78,300,180,180,180,120,0,11.793,10.361,22.154,0.6875,0.0000,0.3125,0.4850
blended_22_78,300,180,180,240,120,-60,10.962,10.394,21.356,0.5760,0.0000,0.4240,0.4645
blended_22_78,300,180,180,300,120,-120,10.258,10.319,20.578,0.4850,0.0000,0.5150,0.4420
blended_22_78,300,180,180,360,120,-180,9.479,10.274,19.752,0.3975,0.0000,0.6025,0.4655
blended_22_78,300,180,180,420,120,-240,8.809,10.351,19.160,0.3045,0.0000,0.6955,0.4785
blended_22_78,300,180,240,180,60,0,11.711,11.107,22.818,0.5740,0.0000,0.4260,0.4475
blended_22_78,300,180,240,240,60,-60,10.969,11.154,22.123,0.4705,0.0000,0.5295,0.4375
blended_22_78,300,180,240,300,60,-120,10.329,11.108,21.437,0.3880,0.0000,0.6120,0.4665
blended_22_78,300,180,240,360,60,-180,9.427,11.120,20.547,0.2920,0.0000,0.7080,0.4990
blended_22_78,300,180,240,420,60,-240,8.923,11.129,20.052,0.2415,0.0000,0.7585,0.5455
blended_22_78,300,180,300,180,0,0,11.791,11.711,23.503,0.5180,0.0000,0.4820,0.4390
blended_22_78,300,180,300,240,0,-60,10.938,11.746,22.684,0.3980,0.0000,0.6020,0.4710
blended_22_78,300,180,300,300,0,-120,10.441,11.735,22.175,0.3380,0.0000,0.6620,0.4680
blended_22_78,300,180,300,360,0,-180,9.360,11.628,20.988,0.2280,0.0000,0.7720,0.5525
blended_22_78,300,180,300,420,0,-240,8.748,11.744,20.492,0.1600,0.0000,0.8400,0.6010
blended_22_78,300,180,360,180,-60,0,11.805,12.296,24.101,0.4410,0.0000,0.5590,0.4600
blended_22_78,300,180,360,240,-60,-60,10.936,12.419,23.355,0.3160,0.0000,0.6840,0.4790
blended_22_78,300,180,360,300,-60,-120,10.310,12.284,22.594,0.2470,0.0000,0.7530,0.4990
blended_22_78,300,180,360,360,-60,-180,9.431,12.261,21.692,0.1725,0.0000,0.8275,0.5900
blended_22_78,300,180,360,420,-60,-240,8.691,12.255,20.947,0.1230,0.0000,0.8770,0.6625
blended_22_78,300,180,420,180,-120,0,11.795,12.746,24.541,0.3740,0.0000,0.6260,0.4760
blended_22_78,300,180,420,240,-120,-60,10.934,12.721,23.654,0.2670,0.0000,0.7330,0.4905
blended_22_78,300,180,420,300,-120,-120,10.229,12.712,22.941,0.2080,0.0000,0.7920,0.5880
blended_22_78,300,180,420,360,-120,-180,9.335,12.677,22.011,0.1320,0.0000,0.8680,0.6505
blended_22_78,300,180,420,420,-120,-240,8.673,12.681,21.354,0.0815,0.0000,0.9185,0.7110
blended_22_78,300,240,180,180,120,60,11.718,8.915,20.633,0.8205,0.0000,0.1795,0.5915
blended_22_78,300,240,180,240,120,0,10.799,9.018,19.817,0.7215,0.0000,0.2785,0.5075
blended_22_78,300,240,180,300,120,-60,10.271,9.068,19.339,0.6560,0.0000,0.3440,0.4675
blended_22_78,300,240,180,360,120,-120,9.512,9.130,18.642,0.5410,0.0000,0.4590,0.4665
blended_22_78,300,240,180,420,120,-180,8.975,9.146,18.120,0.4730,0.0000,0.5270,0.4400
blended_22_78,300,240,240,180,60,60,11.761,10.273,22.033,0.6960,0.0000,0.3040,0.4795
blended_22_78,300,240,240,240,60,0,10.905,10.325,21.229,0.5690,0.0000,0.4310,0.4410
blended_22_78,300,240,240,300,60,-60,10.333,10.305,20.638,0.5110,0.0000,0.4890,0.4375
blended_22_78,300,240,240,360,60,-120,9.652,10.303,19.954,0.4170,0.0000,0.5830,0.4395
blended_22_78,300,240,240,420,60,-180,8.816,10.291,19.107,0.3140,0.0000,0.6860,0.4640
blended_22_78,300,240,300,180,0,60,11.769,10.998,22.767,0.5960,0.0000,0.4040,0.4570
blended_22_78,300,240,300,240,0,0,10.915,10.916,21.831,0.5085,0.0000,0.4915,0.4490
blended_22_78,300,240,300,300,0,-60,10.146,10.845,20.991,0.4140,0.0000,0.5860,0.4530
blended_22_78,300,240,300,360,0,-120,9.364,10.890,20.255,0.3130,0.0000,0.6870,0.4945
blended_22_78,300,240,300,420,0,-180,8.889,10.871,19.760,0.2635,0.0000,0.7365,0.5205
blended_22_78,300,240,360,180,-60,60,11.755,11.549,23.303,0.5265,0.0000,0.4735,0.4415
blended_22_78,300,240,360,240,-60,0,10.875,11.625,22.500,0.3995,0.0000,0.6005,0.4620
blended_22_78,300,240,360,300,-60,-60,10.344,11.483,21.828,0.3445,0.0000,0.6555,0.4610
blended_22_78,300,240,360,360,-60,-120,9.437,11.550,20.987,0.2435,0.0000,0.7565,0.5415
blended_22_78,300,240,360,420,-60,-180,8.893,11.501,20.393,0.1875,0.0000,0.8125,0.5550
blended_22_78,300,240,420,180,-120,60,11.822,12.008,23.830,0.4600,0.0000,0.5400,0.4290
blended_22_78,300,240,420,240,-120,0,10.987,11.924,22.910,0.3750,0.0000,0.6250,0.4715
blended_22_78,300,240,420,300,-120,-60,10.223,11.972,22.195,0.2860,0.0000,0.7140,0.4995
blended_22_78,300,240,420,360,-120,-120,9.463,11.891,21.354,0.2165,0.0000,0.7835,0.5675
blended_22_78,300,240,420,420,-120,-180,8.877,11.772,20.648,0.1780,0.0000,0.8220,0.5995
blended_22_78,300,300,180,180,120,120,11.618,8.367,19.985,0.8565,0.0000,0.1435,0.6395
blended_22_78,300,300,180,240,120,60,10.893,8.345,19.238,0.8025,0.0000,0.1975,0.5760
blended_22_78,300,300,180,300,120,0,10.271,8.416,18.688,0.7215,0.0000,0.2785,0.5115
blended_22_78,300,300,180,360,120,-60,9.459,8.447,17.905,0.6300,0.0000,0.3700,0.4580
blended_22_78,300,300,180,420,120,-120,8.884,8.438,17.322,0.5710,0.0000,0.4290,0.4455
blended_22_78,300,300,240,180,60,120,11.622,9.216,20.838,0.7870,0.0000,0.2130,0.5770
blended_22_78,300,300,240,240,60,60,10.875,9.288,20.163,0.6770,0.0000,0.3230,0.5105
blended_22_78,300,300,240,300,60,0,10.290,9.247,19.538,0.6345,0.0000,0.3655,0.4560
blended_22_78,300,300,240,360,60,-60,9.540,9.132,18.672,0.5485,0.0000,0.4515,0.4650
blended_22_78,300,300,240,420,60,-120,8.915,9.337,18.252,0.4490,0.0000,0.5510,0.4475
blended_22_78,300,300,300,180,0,120,11.739,10.191,21.930,0.6930,0.0000,0.3070,0.4870
blended_22_78,300,300,300,240,0,60,10.934,10.369,21.303,0.5745,0.0000,0.4255,0.4465
blended_22_78,300,300,300,300,0,0,10.284,10.356,20.639,0.4875,0.0000,0.5125,0.4440
blended_22_78,300,300,300,360,0,-60,9.402,10.281,19.683,0.3820,0.0000,0.6180,0.4590
blended_22_78,300,300,300,420,0,-120,8.891,10.251,19.142,0.3320,0.0000,0.6680,0.4730
blended_22_78,300,300,360,180,-60,120,11.729,10.829,22.558,0.6070,0.0000,0.3930,0.4780
blended_22_78,300,300,360,240,-60,60,10.987,10.765,21.752,0.5320,0.0000,0.4680,0.4575
blended_22_78,300,300,360,300,-60,0,10.303,10.751,21.054,0.4355,0.0000,0.5645,0.4325
blended_22_78,300,300,360,360,-60,-60,9.488,10.848,20.335,0.3240,0.0000,0.6760,0.4785
blended_22_78,300,300,360,420,-60,-120,8.848,10.735,19.582,0.2700,0.0000,0.7300,0.5235
blended_22_78,300,300,420,180,-120,120,11.731,11.396,23.127,0.5505,0.0000,0.4495,0.4340
blended_22_78,300,300,420,240,-120,60,11.030,11.383,22.413,0.4505,0.0000,0.5495,0.4590
blended_22_78,300,300,420,300,-120,0,10.338,11.339,21.677,0.3615,0.0000,0.6385,0.4515
blended_22_78,300,300,420,360,-120,-60,9.471,11.371,20.842,0.2690,0.0000,0.7310,0.5040
blended_22_78,300,300,420,420,-120,-120,8.743,11.233,19.977,0.2065,0.0000,0.7935,0.5670
blended_22_78,300,360,180,180,120,180,11.575,7.691,19.267,0.9025,0.0000,0.0975,0.6995
blended_22_78,300,360,180,240,120,120,10.854,7.698,18.552,0.8535,0.0000,0.1465,0.6375
blended_22_78,300,360,180,300,120,60,10.277,7.703,17.980,0.8005,0.0000,0.1995,0.5665
blended_22_78,300,360,180,360,120,0,9.483,7.803,17.287,0.7100,0.0000,0.2900,0.5055
blended_22_78,300,360,180,420,120,-60,8.772,7.807,16.579,0.6310,0.0000,0.3690,0.4565
blended_22_78,300,360,240,180,60,180,11.663,8.569,20.232,0.8415,0.0000,0.1585,0.6310
blended_22_78,300,360,240,240,60,120,10.838,8.669,19.507,0.7735,0.0000,0.2265,0.5515
blended_22_78,300,360,240,300,60,60,10.284,8.547,18.831,0.6950,0.0000,0.3050,0.5020
blended_22_78,300,360,240,360,60,0,9.555,8.746,18.301,0.6095,0.0000,0.3905,0.4450
blended_22_78,300,360,240,420,60,-60,8.893,8.719,17.611,0.5345,0.0000,0.4655,0.4375
blended_22_78,300,360,300,180,0,180,11.681,9.421,21.102,0.7870,0.0000,0.2130,0.5285
blended_22_78,300,360,300,240,0,120,10.941,9.426,20.367,0.6910,0.0000,0.3090,0.4930
blended_22_78,300,360,300,300,0,60,10.265,9.496,19.761,0.5945,0.0000,0.4055,0.4720
blended_22_78,300,360,300,360,0,0,9.481,9.536,19.017,0.4980,0.0000,0.5020,0.4435
blended_22_78,300,360,300,420,0,-60,8.782,9.543,18.325,0.4005,0.0000,0.5995,0.4525
blended_22_78,300,360,360,180,-60,180,11.739,10.313,22.053,0.6810,0.0000,0.3190,0.5025
blended_22_78,300,360,360,240,-60,120,10.879,10.304,21.183,0.5695,0.0000,0.4305,0.4500
blended_22_78,300,360,360,300,-60,60,10.384,10.312,20.696,0.5130,0.0000,0.4870,0.4280
blended_22_78,300,360,360,360,-60,0,9.443,10.373,19.815,0.3765,0.0000,0.6235,0.4540
blended_22_78,300,360,360,420,-60,-60,8.895,10.319,19.214,0.3195,0.0000,0.6805,0.4690
blended_22_78,300,360,420,180,-120,180,11.700,10.687,22.387,0.6255,0.0000,0.3745,0.4650
blended_22_78,300,360,420,240,-120,120,10.922,10.774,21.696,0.5120,0.0000,0.4880,0.4405
blended_22_78,300,360,420,300,-120,60,10.305,10.636,20.941,0.4645,0.0000,0.5355,0.4365
blended_22_78,300,360,420,360,-120,0,9.479,10.726,20.205,0.3495,0.0000,0.6505,0.4765
blended_22_78,300,360,420,420,-120,-60,8.809,10.696,19.505,0.2595,0.0000,0.7405,0.5050
blended_22_78,300,420,180,180,120,240,11.620,7.349,18.970,0.9305,0.0000,0.0695,0.7340
blended_22_78,300,420,180,240,120,180,10.743,7.313,18.056,0.8740,0.0000,0.1260,0.6510
blended_22_78,300,420,180,300,120,120,10.221,7.350,17.571,0.8320,0.0000,0.1680,0.6135
blended_22_78,300,420,180,360,120,60,9.466,7.366,16.832,0.7565,0.0000,0.2435,0.5385
blended_22_78,300,420,180,420,120,0,8.937,7.446,16.383,0.6875,0.0000,0.3125,0.4765
blended_22_78,300,420,240,180,60,240,11.562,8.101,19.663,0.8750,0.0000,0.1250,0.6510
blended_22_78,300,420,240,240,60,180,10.869,8.214,19.084,0.8125,0.0000,0.1875,0.5680
blended_22_78,300,420,240,300,60,120,10.284,8.274,18.558,0.7435,0.0000,0.2565,0.5200
blended_22_78,300,420,240,360,60,60,9.553,8.261,17.813,0.6625,0.0000,0.3375,0.4695
blended_22_78,300,420,240,420,60,0,8.841,8.371,17.212,0.5645,0.0000,0.4355,0.4390
blended_22_78,300,420,300,180,0,240,11.540,8.825,20.365,0.8180,0.0000,0.1820,0.5940
blended_22_78,300,420,300,240,0,180,10.856,8.909,19.765,0.7315,0.0000,0.2685,0.5375
blended_22_78,300,420,300,300,0,120,10.342,8.916,19.259,0.6775,0.0000,0.3225,0.4715
blended_22_78,300,420,300,360,0,60,9.558,8.812,18.370,0.5930,0.0000,0.4070,0.4310
blended_22_78,300,420,300,420,0,0,8.864,8.919,17.783,0.5050,0.0000,0.4950,0.4575
blended_22_78,300,420,360,180,-60,240,11.621,9.610,21.231,0.7460,0.0000,0.2540,0.5235
blended_22_78,300,420,360,240,-60,180,10.983,9.761,20.745,0.6495,0.0000,0.3505,0.4770
blended_22_78,300,420,360,300,-60,120,10.295,9.764,20.059,0.5825,0.0000,0.4175,0.4405
blended_22_78,300,420,360,360,-60,60,9.470,9.762,19.232,0.4660,0.0000,0.5340,0.4715
blended_22_78,300,420,360,420,-60,0,8.828,9.831,18.658,0.3685,0.0000,0.6315,0.4505
blended_22_78,300,420,420,180,-120,240,11.710,10.291,22.002,0.6725,0.0000,0.3275,0.4865
blended_22_78,300,420,420,240,-120,180,10.986,10.389,21.374,0.5745,0.0000,0.4255,0.4570
blended_22_78,300,420,420,300,-120,120,10.349,10.411,20.760,0.4990,0.0000,0.5010,0.4620
blended_22_78,300,420,420,360,-120,60,9.702,10.338,20.040,0.4165,0.0000,0.5835,0.4205
blended_22_78,300,420,420,420,-120,0,8.822,10.295,19.117,0.3130,0.0000,0.6870,0.4780
blended_22_78,360,180,180,180,180,0,12.262,10.355,22.617,0.7375,0.0000,0.2625,0.5155
blended_22_78,360,180,180,240,180,-60,11.604,10.262,21.866,0.6720,0.0000,0.3280,0.4605
blended_22_78,360,180,180,300,180,-120,10.778,10.300,21.078,0.5560,0.0000,0.4440,0.4375
blended_22_78,360,180,180,360,180,-180,10.254,10.270,20.524,0.5065,0.0000,0.4935,0.4285
blended_22_78,360,180,180,420,180,-240,9.675,10.358,20.034,0.4175,0.0000,0.5825,0.4625
blended_22_78,360,180,240,180,120,0,12.345,11.152,23.497,0.6475,0.0000,0.3525,0.4470
blended_22_78,360,180,240,240,120,-60,11.479,11.168,22.647,0.5480,0.0000,0.4520,0.4385
blended_22_78,360,180,240,300,120,-120,10.745,11.185,21.930,0.4440,0.0000,0.5560,0.4300
blended_22_78,360,180,240,360,120,-180,10.232,11.062,21.294,0.3955,0.0000,0.6045,0.4760
blended_22_78,360,180,240,420,120,-240,9.655,11.036,20.691,0.3200,0.0000,0.6800,0.4755
blended_22_78,360,180,300,180,60,0,12.367,11.817,24.184,0.5740,0.0000,0.4260,0.4475
blended_22_78,360,180,300,240,60,-60,11.566,11.713,23.279,0.4940,0.0000,0.5060,0.4300
blended_22_78,360,180,300,300,60,-120,10.741,11.735,22.476,0.3695,0.0000,0.6305,0.4625
blended_22_78,360,180,300,360,60,-180,10.255,11.803,22.058,0.3025,0.0000,0.6975,0.4845
blended_22_78,360,180,300,420,60,-240,9.749,11.765,21.515,0.2480,0.0000,0.7520,0.5150
blended_22_78,360,180,360,180,0,0,12.351,12.342,24.693,0.5130,0.0000,0.4870,0.4375
blended_22_78,360,180,360,240,0,-60,11.597,12.329,23.926,0.4010,0.0000,0.5990,0.4535
blended_22_78,360,180,360,300,0,-120,10.701,12.281,22.983,0.3015,0.0000,0.6985,0.4970
blended_22_78,360,180,360,360,0,-180,10.270,12.322,22.592,0.2460,0.0000,0.7540,0.5200
blended_22_78,360,180,360,420,0,-240,9.546,12.300,21.846,0.1755,0.0000,0.8245,0.5945
blended_22_78,360,180,420,180,-60,0,12.489,12.835,25.323,0.4575,0.0000,0.5425,0.4555
blended_22_78,360,180,420,240,-60,-60,11.551,12.761,24.312,0.3545,0.0000,0.6455,0.4790
blended_22_78,360,180,420,300,-60,-120,10.669,12.771,23.441,0.2380,0.0000,0.7620,0.5360
blended_22_78,360,180,420,360,-60,-180,10.440,12.643,23.083,0.2260,0.0000,0.7740,0.5315
blended_22_78,360,180,420,420,-60,-240,9.651,12.749,22.401,0.1590,0.0000,0.8410,0.6290
blended_22_78,360,240,180,180,180,60,12.336,9.042,21.378,0.8710,0.0000,0.1290,0.6405
blended_22_78,360,240,180,240,180,0,11.492,9.004,20.495,0.8005,0.0000,0.1995,0.5495
blended_22_78,360,240,180,300,180,-60,10.685,9.146,19.831,0.6995,0.0000,0.3005,0.4975
blended_22_78,360,240,180,360,180,-120,10.326,9.068,19.394,0.6590,0.0000,0.3410,0.4815
blended_22_78,360,240,180,420,180,-180,9.711,9.074,18.785,0.5790,0.0000,0.4210,0.4585
blended_22_78,360,240,240,180,120,60,12.354,10.316,22.669,0.7550,0.0000,0.2450,0.5145
blended_22_78,360,240,240,240,120,0,11.584,10.339,21.923,0.6670,0.0000,0.3330,0.4700
blended_22_78,360,240,240,300,120,-60,10.765,10.281,21.047,0.5600,0.0000,0.4400,0.4475
blended_22_78,360,240,240,360,120,-120,10.395,10.334,20.729,0.5025,0.0000,0.4975,0.4415
blended_22_78,360,240,240,420,120,-180,9.704,10.284,19.989,0.4180,0.0000,0.5820,0.4480
blended_22_78,360,240,300,180,60,60,12.369,10.967,23.337,0.6845,0.0000,0.3155,0.4860
blended_22_78,360,240,300,240,60,0,11.570,10.906,22.477,0.5910,0.0000,0.4090,0.4505
blended_22_78,360,240,300,300,60,-60,10.801,10.824,21.625,0.5025,0.0000,0.4975,0.4470
blended_22_78,360,240,300,360,60,-120,10.252,10.892,21.145,0.4270,0.0000,0.5730,0.4575
blended_22_78,360,240,300,420,60,-180,9.752,10.931,20.683,0.3555,0.0000,0.6445,0.4755
blended_22_78,360,240,360,180,0,60,12.354,11.589,23.943,0.6095,0.0000,0.3905,0.4495
blended_22_78,360,240,360,240,0,0,11.480,11.492,22.972,0.5020,0.0000,0.4980,0.4570
blended_22_78,360,240,360,300,0,-60,10.770,11.556,22.326,0.4015,0.0000,0.5985,0.4465
blended_22_78,360,240,360,360,0,-120,10.194,11.500,21.694,0.3320,0.0000,0.6680,0.5000
blended_22_78,360,240,360,420,0,-180,9.639,11.565,21.203,0.2590,0.0000,0.7410,0.5005
blended_22_78,360,240,420,180,-60,60,12.288,11.848,24.136,0.5525,0.0000,0.4475,0.4370
blended_22_78,360,240,420,240,-60,0,11.475,11.873,23.348,0.4460,0.0000,0.5540,0.4540
blended_22_78,360,240,420,300,-60,-60,10.767,11.938,22.704,0.3535,0.0000,0.6465,0.4560
blended_22_78,360,240,420,360,-60,-120,10.274,11.921,22.194,0.3030,0.0000,0.6970,0.4935
blended_22_78,360,240,420,420,-60,-180,9.589,11.866,21.456,0.2155,0.0000,0.7845,0.5590
blended_22_78,360,300,180,180,180,120,12.196,8.327,20.523,0.9015,0.0000,0.0985,0.7005
blended_22_78,360,300,180,240,180,60,11.501,8.373,19.873,0.8500,0.0000,0.1500,0.6195
blended_22_78,360,300,180,300,180,0,10.534,8.370,18.904,0.7595,0.0000,0.2405,0.5485
blended_22_78,360,300,180,360,180,-60,10.194,8.416,18.610,0.7240,0.0000,0.2760,0.5130
blended_22_78,360,300,180,420,180,-120,9.729,8.452,18.181,0.6660,0.0000,0.3340,0.4600
blended_22_78,360,300,240,180,120,120,12.152,9.194,21.346,0.8360,0.0000,0.1640,0.6080
blended_22_78,360,300,240,240,120,60,11.496,9.217,20.713,0.7760,0.0000,0.2240,0.5640
blended_22_78,360,300,240,300,120,0,10.742,9.274,20.016,0.6935,0.0000,0.3065,0.4895
blended_22_78,360,300,240,360,120,-60,10.308,9.291,19.599,0.6180,0.0000,0.3820,0.4565
blended_22_78,360,300,240,420,120,-120,9.746,9.314,19.060,0.5570,0.0000,0.4430,0.4480
blended_22_78,360,300,300,180,60,120,12.379,10.153,22.532,0.7695,0.0000,0.2305,0.5320
blended_22_78,360,300,300,240,60,60,11.634,10.304,21.938,0.6705,0.0000,0.3295,0.4975
blended_22_78,360,300,300,300,60,0,10.736,10.403,21.139,0.5440,0.0000,0.4560,0.4640
blended_22_78,360,300,300,360,60,-60,10.348,10.383,20.731,0.4985,0.0000,0.5015,0.4225
blended_22_78,360,300,300,420,60,-120,9.731,10.258,19.989,0.4355,0.0000,0.5645,0.4550
blended_22_78,360,300,360,180,0,120,12.361,10.649,23.010,0.7075,0.0000,0.2925,0.5045
blended_22_78,360,300,360,240,0,60,11.541,10.626,22.167,0.6185,0.0000,0.3815,0.4410
blended_22_78,360,300,360,300,0,0,10.748,10.678,21.425,0.5240,0.0000,0.4760,0.4260
blended_22_78,360,300,360,360,0,-60,10.258,10.781,21.039,0.4305,0.0000,0.5695,0.4395
blended_22_78,360,300,360,420,0,-120,9.570,10.738,20.308,0.3545,0.0000,0.6455,0.4575
blended_22_78,360,300,420,180,-60,120,12.396,11.403,23.800,0.6285,0.0000,0.3715,0.4700
blended_22_78,360,300,420,240,-60,60,11.699,11.262,22.962,0.5525,0.0000,0.4475,0.4310
blended_22_78,360,300,420,300,-60,0,10.651,11.384,22.035,0.4075,0.0000,0.5925,0.4450
blended_22_78,360,300,420,360,-60,-60,10.305,11.180,21.484,0.3870,0.0000,0.6130,0.4850
blended_22_78,360,300,420,420,-60,-120,9.664,11.365,21.029,0.2900,0.0000,0.7100,0.4860
blended_22_78,360,360,180,180,180,180,12.080,7.731,19.811,0.9225,0.0000,0.0775,0.7450
blended_22_78,360,360,180,240,180,120,11.399,7.657,19.056,0.8970,0.0000,0.1030,0.6765
blended_22_78,360,360,180,300,180,60,10.639,7.782,18.421,0.8350,0.0000,0.1650,0.6080
blended_22_78,360,360,180,360,180,0,10.293,7.724,18.018,0.8050,0.0000,0.1950,0.5650
blended_22_78,360,360,180,420,180,-60,9.594,7.798,17.392,0.7275,0.0000,0.2725,0.5065
blended_22_78,360,360,240,180,120,180,12.220,8.586,20.806,0.8850,0.0000,0.1150,0.6865
blended_22_78,360,360,240,240,120,120,11.317,8.583,19.900,0.8270,0.0000,0.1730,0.5915
blended_22_78,360,360,240,300,120,60,10.648,8.626,19.274,0.7460,0.0000,0.2540,0.5250
blended_22_78,360,360,240,360,120,0,10.322,8.610,18.932,0.7110,0.0000,0.2890,0.5085
blended_22_78,360,360,240,420,120,-60,9.653,8.757,18.410,0.6240,0.0000,0.3760,0.4455
blended_22_78,360,360,300,180,60,180,12.273,9.460,21.733,0.8240,0.0000,0.1760,0.5835
blended_22_78,360,360,300,240,60,120,11.497,9.431,20.928,0.7545,0.0000,0.2455,0.5300
blended_22_78,360,360,300,300,60,60,10.722,9.446,20.168,0.6625,0.0000,0.3375,0.4780
blended_22_78,360,360,300,360,60,0,10.312,9.534,19.846,0.5955,0.0000,0.4045,0.4500
blended_22_78,360,360,300,420,60,-60,9.838,9.535,19.373,0.5425,0.0000,0.4575,0.4480
blended_22_78,360,360,360,180,0,180,12.336,10.251,22.587,0.7500,0.0000,0.2500,0.5320
blended_22_78,360,360,360,240,0,120,11.559,10.364,21.922,0.6580,0.0000,0.3420,0.4580
blended_22_78,360,360,360,300,0,60,10.766,10.358,21.124,0.5520,0.0000,0.4480,0.4690
blended_22_78,360,360,360,360,0,0,10.262,10.341,20.603,0.4885,0.0000,0.5115,0.4605
blended_22_78,360,360,360,420,0,-60,9.816,10.260,20.076,0.4470,0.0000,0.5530,0.4265
blended_22_78,360,360,420,180,-60,180,12.265,10.659,22.925,0.6970,0.0000,0.3030,0.5040
blended_22_78,360,360,420,240,-60,120,11.576,10.690,22.267,0.6115,0.0000,0.3885,0.4520
blended_22_78,360,360,420,300,-60,60,10.717,10.707,21.425,0.5075,0.0000,0.4925,0.4535
blended_22_78,360,360,420,360,-60,0,10.309,10.706,21.014,0.4405,0.0000,0.5595,0.4525
blended_22_78,360,360,420,420,-60,-60,9.656,10.719,20.375,0.3590,0.0000,0.6410,0.4660
blended_22_78,360,420,180,180,180,240,12.131,7.287,19.418,0.9460,0.0000,0.0540,0.7895
blended_22_78,360,420,180,240,180,180,11.325,7.285,18.610,0.9115,0.0000,0.0885,0.7010
blended_22_78,360,420,180,300,180,120,10.650,7.340,17.990,0.8660,0.0000,0.1340,0.6545
blended_22_78,360,420,180,360,180,60,10.274,7.277,17.552,0.8315,0.0000,0.1685,0.6235
blended_22_78,360,420,180,420,180,0,9.614,7.397,17.011,0.7765,0.0000,0.2235,0.5495
blended_22_78,360,420,240,180,120,240,12.188,8.197,20.385,0.9050,0.0000,0.0950,0.7075
blended_22_78,360,420,240,240,120,180,11.384,8.121,19.505,0.8560,0.0000,0.1440,0.6380
blended_22_78,360,420,240,300,120,120,10.728,8.197,18.925,0.8005,0.0000,0.1995,0.5745
blended_22_78,360,420,240,360,120,60,10.268,8.238,18.506,0.7540,0.0000,0.2460,0.5285
blended_22_78,360,420,240,420,120,0,9.649,8.268,17.916,0.6790,0.0000,0.3210,0.4770
blended_22_78,360,420,300,180,60,240,12.303,8.835,21.138,0.8765,0.0000,0.1235,0.6525
blended_22_78,360,420,300,240,60,180,11.483,8.721,20.204,0.8240,0.0000,0.1760,0.6015
blended_22_78,360,420,300,300,60,120,10.707,8.814,19.520,0.7375,0.0000,0.2625,0.5090
blended_22_78,360,420,300,360,60,60,10.284,8.922,19.206,0.6830,0.0000,0.3170,0.4760
blended_22_78,360,420,300,420,60,0,9.661,8.880,18.541,0.6110,0.0000,0.3890,0.4525
blended_22_78,360,420,360,180,0,240,12.370,9.671,22.041,0.8145,0.0000,0.1855,0.5895
blended_22_78,360,420,360,240,0,180,11.543,9.563,21.105,0.7525,0.0000,0.2475,0.5195
blended_22_78,360,420,360,300,0,120,10.712,9.773,20.485,0.6195,0.0000,0.3805,0.4480
blended_22_78,360,420,360,360,0,60,10.272,9.684,19.956,0.5730,0.0000,0.4270,0.4460
blended_22_78,360,420,360,420,0,0,9.626,9.620,19.246,0.5105,0.0000,0.4895,0.4315
blended_22_78,360,420,420,180,-60,240,12.325,10.243,22.568,0.7470,0.0000,0.2530,0.5440
blended_22_78,360,420,420,240,-60,180,11.525,10.243,21.768,0.6635,0.0000,0.3365,0.4910
blended_22_78,360,420,420,300,-60,120,10.723,10.293,21.016,0.5515,0.0000,0.4485,0.4565
blended_22_78,360,420,420,360,-60,60,10.239,10.345,20.584,0.4900,0.0000,0.5100,0.4510
blended_22_78,360,420,420,420,-60,0,9.694,10.376,20.069,0.4185,0.0000,0.5815,0.4605
blended_22_78,420,180,180,180,240,0,12.697,10.357,23.054,0.7925,0.0000,0.2075,0.5415
blended_22_78,420,180,180,240,240,-60,11.975,10.291,22.266,0.7155,0.0000,0.2845,0.4985
blended_22_78,420,180,180,300,240,-120,11.271,10.231,21.502,0.6320,0.0000,0.3680,0.4710
blended_22_78,420,180,180,360,240,-180,10.668,10.232,20.899,0.5580,0.0000,0.4420,0.4575
blended_22_78,420,180,180,420,240,-240,10.239,10.278,20.517,0.4925,0.0000,0.5075,0.4505
blended_22_78,420,180,240,180,180,0,12.741,11.127,23.867,0.7005,0.0000,0.2995,0.4825
blended_22_78,420,180,240,240,180,-60,12.031,11.242,23.273,0.6015,0.0000,0.3985,0.4470
blended_22_78,420,180,240,300,180,-120,11.416,11.213,22.630,0.5270,0.0000,0.4730,0.4405
blended_22_78,420,180,240,360,180,-180,10.711,11.114,21.825,0.4515,0.0000,0.5485,0.4300
blended_22_78,420,180,240,420,180,-240,10.370,11.167,21.538,0.3965,0.0000,0.6035,0.4600
blended_22_78,420,180,300,180,120,0,12.784,11.915,24.699,0.6010,0.0000,0.3990,0.4575
blended_22_78,420,180,300,240,120,-60,12.116,11.830,23.946,0.5485,0.0000,0.4515,0.4375
blended_22_78,420,180,300,300,120,-120,11.373,11.749,23.122,0.4495,0.0000,0.5505,0.4430
blended_22_78,420,180,300,360,120,-180,10.761,11.808,22.569,0.3565,0.0000,0.6435,0.4725
blended_22_78,420,180,300,420,120,-240,10.281,11.722,22.003,0.3130,0.0000,0.6870,0.4915
blended_22_78,420,180,360,180,60,0,12.774,12.337,25.111,0.5485,0.0000,0.4515,0.4360
blended_22_78,420,180,360,240,60,-60,11.975,12.418,24.392,0.4490,0.0000,0.5510,0.4290
blended_22_78,420,180,360,300,60,-120,11.296,12.474,23.770,0.3480,0.0000,0.6520,0.4685
blended_22_78,420,180,360,360,60,-180,10.753,12.377,23.130,0.3015,0.0000,0.6985,0.4825
blended_22_78,420,180,360,420,60,-240,10.265,12.307,22.572,0.2555,0.0000,0.7445,0.5380
blended_22_78,420,180,420,180,0,0,12.818,12.929,25.747,0.4825,0.0000,0.5175,0.3990
blended_22_78,420,180,420,240,0,-60,11.909,12.800,24.709,0.3725,0.0000,0.6275,0.4485
blended_22_78,420,180,420,300,0,-120,11.338,12.810,24.148,0.3010,0.0000,0.6990,0.4590
blended_22_78,420,180,420,360,0,-180,10.576,12.705,23.281,0.2365,0.0000,0.7635,0.5295
blended_22_78,420,180,420,420,0,-240,10.244,12.790,23.035,0.2040,0.0000,0.7960,0.5740
blended_22_78,420,240,180,180,240,60,12.687,8.932,21.619,0.8965,0.0000,0.1035,0.6760
blended_22_78,420,240,180,240,240,0,11.893,8.992,20.884,0.8315,0.0000,0.1685,0.6160
blended_22_78,420,240,180,300,240,-60,11.263,8.909,20.172,0.7740,0.0000,0.2260,0.5475
blended_22_78,420,240,180,360,240,-120,10.666,9.075,19.741,0.7040,0.0000,0.2960,0.4925
blended_22_78,420,240,180,420,240,-180,10.300,9.097,19.396,0.6505,0.0000,0.3495,0.4910
blended_22_78,420,240,240,180,180,60,12.714,10.280,22.994,0.7980,0.0000,0.2020,0.5415
blended_22_78,420,240,240,240,180,0,11.905,10.188,22.093,0.7170,0.0000,0.2830,0.4985
blended_22_78,420,240,240,300,180,-60,11.322,10.274,21.596,0.6325,0.0000,0.3675,0.4605
blended_22_78,420,240,240,360,180,-120,10.771,10.295,21.066,0.5715,0.0000,0.4285,0.4555
blended_22_78,420,240,240,420,180,-180,10.220,10.369,20.590,0.4720,0.0000,0.5280,0.4700
blended_22_78,420,240,300,180,120,60,12.685,10.876,23.561,0.7170,0.0000,0.2830,0.4985
blended_22_78,420,240,300,240,120,0,11.899,10.992,22.892,0.6065,0.0000,0.3935,0.4645
blended_22_78,420,240,300,300,120,-60,11.375,10.957,22.332,0.5560,0.0000,0.4440,0.4410
blended_22_78,420,240,300,360,120,-120,10.815,10.930,21.745,0.4870,0.0000,0.5130,0.4370
blended_22_78,420,240,300,420,120,-180,10.290,10.951,21.241,0.4200,0.0000,0.5800,0.4515
blended_22_78,420,240,360,180,60,60,12.784,11.618,24.403,0.6605,0.0000,0.3395,0.4500
blended_22_78,420,240,360,240,60,0,12.037,11.561,23.599,0.5605,0.0000,0.4395,0.4355
blended_22_78,420,240,360,300,60,-60,11.287,11.540,22.827,0.4625,0.0000,0.5375,0.4540
blended_22_78,420,240,360,360,60,-120,10.650,11.526,22.176,0.3875,0.0000,0.6125,0.4490
blended_22_78,420,240,360,420,60,-180,10.232,11.614,21.846,0.3400,0.0000,0.6600,0.5045
blended_22_78,420,240,420,180,0,60,12.855,11.977,24.832,0.6175,0.0000,0.3825,0.4545
blended_22_78,420,240,420,240,0,0,11.980,12.012,23.992,0.4925,0.0000,0.5075,0.4165
blended_22_78,420,240,420,300,0,-60,11.469,11.946,23.415,0.4330,0.0000,0.5670,0.4630
blended_22_78,420,240,420,360,0,-120,10.774,11.938,22.712,0.3455,0.0000,0.6545,0.4760
blended_22_78,420,240,420,420,0,-180,10.257,11.973,22.230,0.2860,0.0000,0.7140,0.5060
blended_22_78,420,300,180,180,240,120,12.503,8.302,20.805,0.9175,0.0000,0.0825,0.7490
blended_22_78,420,300,180,240,240,60,11.732,8.283,20.015,0.8875,0.0000,0.1125,0.6620
blended_22_78,420,300,180,300,240,0,11.235,8.276,19.511,0.8490,0.0000,0.1510,0.6030
blended_22_78,420,300,180,360,240,-60,10.665,8.379,19.044,0.7705,0.0000,0.2295,0.5330
blended_22_78,420,300,180,420,240,-120,10.264,8.502,18.767,0.7145,0.0000,0.2855,0.5015
blended_22_78,420,300,240,180,180,120,12.613,9.162,21.774,0.8735,0.0000,0.1265,0.6515
blended_22_78,420,300,240,240,180,60,11.833,9.151,20.984,0.8125,0.0000,0.1875,0.5755
blended_22_78,420,300,240,300,180,0,11.318,9.255,20.572,0.7535,0.0000,0.2465,0.5330
blended_22_78,420,300,240,360,180,-60,10.652,9.223,19.875,0.6755,0.0000,0.3245,0.4885
blended_22_78,420,300,240,420,180,-120,10.318,9.316,19.634,0.6245,0.0000,0.3755,0.4670
blended_22_78,420,300,300,180,120,120,12.760,10.244,23.004,0.7970,0.0000,0.2030,0.5675
blended_22_78,420,300,300,240,120,60,11.841,10.328,22.169,0.6765,0.0000,0.3235,0.4915
blended_22_78,420,300,300,300,120,0,11.311,10.254,21.565,0.6425,0.0000,0.3575,0.4600
blended_22_78,420,300,300,360,120,-60,10.710,10.145,20.854,0.5745,0.0000,0.4255,0.4485
blended_22_78,420,300,300,420,120,-120,10.409,10.265,20.674,0.5115,0.0000,0.4885,0.4405
blended_22_78,420,300,360,180,60,120,12.697,10.636,23.334,0.7490,0.0000,0.2510,0.5315
blended_22_78,420,300,360,240,60,60,11.886,10.699,22.585,0.6465,0.0000,0.3535,0.4870
blended_22_78,420,300,360,300,60,0,11.380,10.675,22.055,0.6005,0.0000,0.3995,0.4475
blended_22_78,420,300,360,360,60,-60,10.824,10.678,21.502,0.5195,0.0000,0.4805,0.4500
blended_22_78,420,300,360,420,60,-120,10.268,10.668,20.936,0.4380,0.0000,0.5620,0.4635
blended_22_78,420,300,420,180,0,120,12.848,11.377,24.226,0.6945,0.0000,0.3055,0.5000
blended_22_78,420,300,420,240,0,60,11.889,11.249,23.139,0.5885,0.0000,0.4115,0.4370
blended_22_78,420,300,420,300,0,0,11.413,11.393,22.806,0.5125,0.0000,0.4875,0.4265
blended_22_78,420,300,420,360,0,-60,10.680,11.380,22.059,0.4020,0.0000,0.5980,0.4775
blended_22_78,420,300,420,420,0,-120,10.280,11.342,21.622,0.3690,0.0000,0.6310,0.4915
blended_22_78,420,360,180,180,240,180,12.563,7.713,20.275,0.9495,0.0000,0.0505,0.8025
blended_22_78,420,360,180,240,240,120,11.723,7.691,19.414,0.9095,0.0000,0.0905,0.7065
blended_22_78,420,360,180,300,240,60,11.266,7.761,19.027,0.8770,0.0000,0.1230,0.6740
blended_22_78,420,360,180,360,240,0,10.628,7.774,18.402,0.8285,0.0000,0.1715,0.5945
blended_22_78,420,360,180,420,240,-60,10.295,7.766,18.061,0.7980,0.0000,0.2020,0.5760
blended_22_78,420,360,240,180,180,180,12.604,8.526,21.130,0.9110,0.0000,0.0890,0.7175
blended_22_78,420,360,240,240,180,120,11.829,8.566,20.395,0.8475,0.0000,0.1525,0.6560
blended_22_78,420,360,240,300,180,60,11.293,8.566,19.860,0.8210,0.0000,0.1790,0.5910
blended_22_78,420,360,240,360,180,0,10.646,8.681,19.327,0.7395,0.0000,0.2605,0.5240
blended_22_78,420,360,240,420,180,-60,10.319,8.569,18.888,0.7315,0.0000,0.2685,0.4820
blended_22_78,420,360,300,180,120,180,12.686,9.452,22.138,0.8630,0.0000,0.1370,0.6260
blended_22_78,420,360,300,240,120,120,11.886,9.408,21.294,0.7955,0.0000,0.2045,0.5545
blended_22_78,420,360,300,300,120,60,11.232,9.410,20.642,0.7280,0.0000,0.2720,0.5180
blended_22_78,420,360,300,360,120,0,10.712,9.478,20.190,0.6615,0.0000,0.3385,0.4595
blended_22_78,420,360,300,420,120,-60,10.381,9.599,19.980,0.5890,0.0000,0.4110,0.4530
blended_22_78,420,360,360,180,60,180,12.620,10.146,22.767,0.7920,0.0000,0.2080,0.5675
blended_22_78,420,360,360,240,60,120,11.924,10.289,22.212,0.7100,0.0000,0.2900,0.4985
blended_22_78,420,360,360,300,60,60,11.296,10.332,21.627,0.6190,0.0000,0.3810,0.4685
blended_22_78,420,360,360,360,60,0,10.691,10.366,21.057,0.5380,0.0000,0.4620,0.4485
blended_22_78,420,360,360,420,60,-60,10.307,10.287,20.594,0.5115,0.0000,0.4885,0.4540
blended_22_78,420,360,420,180,0,180,12.785,10.601,23.386,0.7620,0.0000,0.2380,0.5360
blended_22_78,420,360,420,240,0,120,11.975,10.691,22.665,0.6635,0.0000,0.3365,0.4715
blended_22_78,420,360,420,300,0,60,11.396,10.753,22.149,0.5830,0.0000,0.4170,0.4620
blended_22_78,420,360,420,360,0,0,10.716,10.677,21.392,0.5080,0.0000,0.4920,0.4450
blended_22_78,420,360,420,420,0,-60,10.298,10.710,21.008,0.4510,0.0000,0.5490,0.4445
blended_22_78,420,420,180,180,240,240,12.521,7.303,19.823,0.9665,0.0000,0.0335,0.8440
blended_22_78,420,420,180,240,240,180,11.755,7.266,19.021,0.9285,0.0000,0.0715,0.7715
blended_22_78,420,420,180,300,240,120,11.143,7.293,18.436,0.8970,0.0000,0.1030,0.7110
blended_22_78,420,420,180,360,240,60,10.578,7.351,17.929,0.8625,0.0000,0.1375,0.6185
blended_22_78,420,420,180,420,240,0,10.269,7.388,17.657,0.8325,0.0000,0.1675,0.5965
blended_22_78,420,420,240,180,180,240,12.648,8.097,20.745,0.9340,0.0000,0.0660,0.7650
blended_22_78,420,420,240,240,180,180,11.772,8.089,19.861,0.8985,0.0000,0.1015,0.6860
blended_22_78,420,420,240,300,180,120,11.246,8.289,19.535,0.8320,0.0000,0.1680,0.6060
blended_22_78,420,420,240,360,180,60,10.608,8.202,18.810,0.7805,0.0000,0.2195,0.5685
blended_22_78,420,420,240,420,180,0,10.246,8.159,18.406,0.7525,0.0000,0.2475,0.5350
blended_22_78,420,420,300,180,120,240,12.626,8.813,21.439,0.9075,0.0000,0.0925,0.6980
blended_22_78,420,420,300,240,120,180,11.851,8.810,20.661,0.8430,0.0000,0.1570,0.6205
blended_22_78,420,420,300,300,120,120,11.405,8.949,20.355,0.7910,0.0000,0.2090,0.5530
blended_22_78,420,420,300,360,120,60,10.720,8.774,19.494,0.7410,0.0000,0.2590,0.5060
blended_22_78,420,420,300,420,120,0,10.277,8.845,19.123,0.6800,0.0000,0.3200,0.4830
blended_22_78,420,420,360,180,60,240,12.759,9.553,22.312,0.8540,0.0000,0.1460,0.6365
blended_22_78,420,420,360,240,60,180,11.874,9.566,21.440,0.7850,0.0000,0.2150,0.5475
blended_22_78,420,420,360,300,60,120,11.364,9.646,21.011,0.7165,0.0000,0.2835,0.5090
blended_22_78,420,420,360,360,60,60,10.770,9.674,20.443,0.6410,0.0000,0.3590,0.4525
blended_22_78,420,420,360,420,60,0,10.289,9.743,20.032,0.5765,0.0000,0.4235,0.4370
blended_22_78,420,420,420,180,0,240,12.762,10.168,22.931,0.8055,0.0000,0.1945,0.5795
blended_22_78,420,420,420,240,0,180,11.958,10.316,22.274,0.7125,0.0000,0.2875,0.5045
blended_22_78,420,420,420,300,0,120,11.330,10.230,21.560,0.6365,0.0000,0.3635,0.4675
blended_22_78,420,420,420,360,0,60,10.767,10.280,21.047,0.5510,0.0000,0.4490,0.4530
blended_22_78,420,420,420,420,0,0,10.346,10.447,20.793,0.4960,0.0000,0.5040,0.4275
blended_25_75,180,180,180,180,0,0,10.395,10.297,20.692,0.5175,0.0000,0.4825,0.4470
blended_25_75,180,180,180,240,0,-60,9.322,10.259,19.581,0.3925,0.0000,0.6075,0.4595
blended_25_75,180,180,180,300,0,-120,8.668,10.316,18.984,0.2950,0.0000,0.7050,0.4850
blended_25_75,180,180,180,360,0,-180,8.021,10.268,18.288,0.2310,0.0000,0.7690,0.5360
blended_25_75,180,180,180,420,0,-240,7.744,10.270,18.014,0.2120,0.0000,0.7880,0.5550
blended_25_75,180,180,240,180,-60,0,10.319,11.011,21.331,0.4160,0.0000,0.5840,0.4415
blended_25_75,180,180,240,240,-60,-60,9.233,11.085,20.319,0.2775,0.0000,0.7225,0.5180
blended_25_75,180,180,240,300,-60,-120,8.655,11.040,19.695,0.2255,0.0000,0.7745,0.5655
blended_25_75,180,180,240,360,-60,-180,7.988,11.084,19.072,0.1580,0.0000,0.8420,0.6175
blended_25_75,180,180,240,420,-60,-240,7.793,11.007,18.800,0.1485,0.0000,0.8515,0.6325
blended_25_75,180,180,300,180,-120,0,10.384,11.774,22.158,0.3345,0.0000,0.6655,0.4770
blended_25_75,180,180,300,240,-120,-60,9.313,11.751,21.063,0.2045,0.0000,0.7955,0.5540
blended_25_75,180,180,300,300,-120,-120,8.528,11.680,20.208,0.1565,0.0000,0.8435,0.6225
blended_25_75,180,180,300,360,-120,-180,7.934,11.520,19.454,0.1200,0.0000,0.8800,0.6760
blended_25_75,180,180,300,420,-120,-240,7.716,11.540,19.256,0.0950,0.0000,0.9050,0.6830
blended_25_75,180,180,360,180,-180,0,10.233,12.153,22.386,0.2665,0.0000,0.7335,0.5080
blended_25_75,180,180,360,240,-180,-60,9.200,12.139,21.338,0.1575,0.0000,0.8425,0.5935
blended_25_75,180,180,360,300,-180,-120,8.598,12.021,20.619,0.1325,0.0000,0.8675,0.6455
blended_25_75,180,180,360,360,-180,-180,7.904,12.000,19.904,0.0870,0.0000,0.9130,0.7220
blended_25_75,180,180,360,420,-180,-240,7.728,11.957,19.685,0.0845,0.0000,0.9155,0.7355
blended_25_75,180,180,420,180,-240,0,10.311,12.596,22.907,0.2255,0.0000,0.7745,0.5455
blended_25_75,180,180,420,240,-240,-60,9.243,12.354,21.597,0.1475,0.0000,0.8525,0.6175
blended_25_75,180,180,420,300,-240,-120,8.557,12.327,20.884,0.1005,0.0000,0.8995,0.6935
blended_25_75,180,180,420,360,-240,-180,7.920,12.259,20.179,0.0730,0.0000,0.9270,0.7400
blended_25_75,180,180,420,420,-240,-240,7.622,12.255,19.878,0.0640,0.0000,0.9360,0.7770
blended_25_75,180,240,180,180,0,60,10.241,9.332,19.573,0.6225,0.0000,0.3775,0.4485
blended_25_75,180,240,180,240,0,0,9.255,9.391,18.645,0.4815,0.0000,0.5185,0.4520
blended_25_75,180,240,180,300,0,-60,8.699,9.369,18.068,0.4130,0.0000,0.5870,0.4470
blended_25_75,180,240,180,360,0,-120,8.016,9.336,17.352,0.3305,0.0000,0.6695,0.4790
blended_25_75,180,240,180,420,0,-180,7.835,9.295,17.130,0.3090,0.0000,0.6910,0.4955
blended_25_75,180,240,240,180,-60,60,10.355,10.342,20.697,0.5145,0.0000,0.4855,0.4375
blended_25_75,180,240,240,240,-60,0,9.232,10.297,19.529,0.3670,0.0000,0.6330,0.4855
blended_25_75,180,240,240,300,-60,-60,8.630,10.311,18.941,0.2895,0.0000,0.7105,0.5130
blended_25_75,180,240,240,360,-60,-120,8.057,10.266,18.323,0.2290,0.0000,0.7710,0.5415
blended_25_75,180,240,240,420,-60,-180,7.835,10.226,18.061,0.2235,0.0000,0.7765,0.5485
blended_25_75,180,240,300,180,-120,60,10.233,10.854,21.087,0.4240,0.0000,0.5760,0.4380
blended_25_75,180,240,300,240,-120,0,9.274,10.950,20.224,0.2925,0.0000,0.7075,0.4860
blended_25_75,180,240,300,300,-120,-60,8.668,10.859,19.527,0.2400,0.0000,0.7600,0.5470
blended_25_75,180,240,300,360,-120,-120,8.008,10.829,18.838,0.1715,0.0000,0.8285,0.5850
blended_25_75,180,240,300,420,-120,-180,7.748,10.773,18.521,0.1490,0.0000,0.8510,0.6130
blended_25_75,180,240,360,180,-180,60,10.226,11.540,21.765,0.3380,0.0000,0.6620,0.4635
blended_25_75,180,240,360,240,-180,0,9.234,11.520,20.754,0.2360,0.0000,0.7640,0.5540
blended_25_75,180,240,360,300,-180,-60,8.579,11.460,20.040,0.1615,0.0000,0.8385,0.5920
blended_25_75,180,240,360,360,-180,-120,7.918,11.382,19.300,0.1115,0.0000,0.8885,0.6775
blended_25_75,180,240,360,420,-180,-180,7.677,11.357,19.035,0.1020,0.0000,0.8980,0.6725
blended_25_75,180,240,420,180,-240,60,10.246,11.816,22.062,0.2990,0.0000,0.7010,0.4965
blended_25_75,180,240,420,240,-240,0,9.199,11.931,21.130,0.1760,0.0000,0.8240,0.5795
blended_25_75,180,240,420,300,-240,-60,8.488,11.800,20.288,0.1365,0.0000,0.8635,0.6415
blended_25_75,180,240,420,360,-240,-120,7.904,11.709,19.613,0.1040,0.0000,0.8960,0.7000
blended_25_75,180,240,420,420,-240,-180,7.767,11.719,19.486,0.0930,0.0000,0.9070,0.7110
blended_25_75,180,300,180,180,0,120,10.367,8.511,18.879,0.7270,0.0000,0.2730,0.5110
blended_25_75,180,300,180,240,0,60,9.336,8.694,18.030,0.5825,0.0000,0.4175,0.4655
blended_25_75,180,300,180,300,0,0,8.682,8.629,17.311,0.5075,0.0000,0.4925,0.4335
blended_25_75,180,300,180,360,0,-60,8.068,8.582,16.649,0.4295,0.0000,0.5705,0.4440
blended_25_75,180,300,180,420,0,-120,7.862,8.613,16.474,0.3950,0.0000,0.6050,0.4300
blended_25_75,180,300,240,180,-60,120,10.239,9.525,19.764,0.6065,0.0000,0.3935,0.4655
blended_25_75,180,300,240,240,-60,60,9.288,9.456,18.744,0.4795,0.0000,0.5205,0.4510
blended_25_75,180,300,240,300,-60,0,8.716,9.514,18.229,0.4065,0.0000,0.5935,0.4395
blended_25_75,180,300,240,360,-60,-60,7.946,9.495,17.440,0.3055,0.0000,0.6945,0.4785
blended_25_75,180,300,240,420,-60,-120,7.793,9.536,17.329,0.2775,0.0000,0.7225,0.4860
blended_25_75,180,300,300,180,-120,120,10.348,10.403,20.752,0.4910,0.0000,0.5090,0.4405
blended_25_75,180,300,300,240,-120,60,9.248,10.273,19.521,0.3815,0.0000,0.6185,0.4640
blended_25_75,180,300,300,300,-120,0,8.562,10.273,18.834,0.2750,0.0000,0.7250,0.4950
blended_25_75,180,300,300,360,-120,-60,7.989,10.185,18.175,0.2390,0.0000,0.7610,0.5425
blended_25_75,180,300,300,420,-120,-120,7.750,10.250,18.000,0.1880,0.0000,0.8120,0.5690
blended_25_75,180,300,360,180,-180,120,10.351,10.660,21.011,0.4470,0.0000,0.5530,0.4435
blended_25_75,180,300,360,240,-180,60,9.300,10.751,20.051,0.3120,0.0000,0.6880,0.5040
blended_25_75,180,300,360,300,-180,0,8.651,10.710,19.361,0.2450,0.0000,0.7550,0.5195
blended_25_75,180,300,360,360,-180,-60,8.065,10.655,18.720,0.2035,0.0000,0.7965,0.5750
blended_25_75,180,300,360,420,-180,-120,7.759,10.578,18.337,0.1740,0.0000,0.8260,0.5965
blended_25_75,180,300,420,180,-240,120,10.274,11.370,21.643,0.3615,0.0000,0.6385,0.4910
blended_25_75,180,300,420,240,-240,60,9.277,11.312,20.588,0.2355,0.0000,0.7645,0.5240
blended_25_75,180,300,420,300,-240,0,8.470,11.277,19.748,0.1705,0.0000,0.8295,0.6085
blended_25_75,180,300,420,360,-240,-60,7.848,11.251,19.098,0.1305,0.0000,0.8695,0.6395
blended_25_75,180,300,420,420,-240,-120,7.726,11.206,18.932,0.1195,0.0000,0.8805,0.6600
blended_25_75,180,360,180,180,0,180,10.316,8.131,18.447,0.7590,0.0000,0.2410,0.5380
blended_25_75,180,360,180,240,0,120,9.339,8.009,17.349,0.6820,0.0000,0.3180,0.4620
blended_25_75,180,360,180,300,0,60,8.746,8.014,16.761,0.5965,0.0000,0.4035,0.4635
blended_25_75,180,360,180,360,0,0,8.034,8.030,16.064,0.5050,0.0000,0.4950,0.4435
blended_25_75,180,360,180,420,0,-60,7.927,8.008,15.935,0.4860,0.0000,0.5140,0.4460
blended_25_75,180,360,240,180,-60,180,10.364,8.860,19.224,0.6885,0.0000,0.3115,0.4955
blended_25_75,180,360,240,240,-60,120,9.366,8.796,18.162,0.5870,0.0000,0.4130,0.4575
blended_25_75,180,360,240,300,-60,60,8.688,8.905,17.593,0.4680,0.0000,0.5320,0.4300
blended_25_75,180,360,240,360,-60,0,8.147,8.884,17.032,0.3965,0.0000,0.6035,0.4505
blended_25_75,180,360,240,420,-60,-60,7.777,8.939,16.715,0.3560,0.0000,0.6440,0.4765
blended_25_75,180,360,300,180,-120,180,10.227,9.518,19.745,0.5870,0.0000,0.4130,0.4475
blended_25_75,180,360,300,240,-120,120,9.209,9.427,18.635,0.4650,0.0000,0.5350,0.4100
blended_25_75,180,360,300,300,-120,60,8.736,9.527,18.262,0.4005,0.0000,0.5995,0.4680
blended_25_75,180,360,300,360,-120,0,7.992,9.525,17.517,0.3095,0.0000,0.6905,0.4900
blended_25_75,180,360,300,420,-120,-60,7.787,9.496,17.282,0.2835,0.0000,0.7165,0.4980
blended_25_75,180,360,360,180,-180,180,10.289,10.329,20.617,0.4975,0.0000,0.5025,0.4570
blended_25_75,180,360,360,240,-180,120,9.319,10.245,19.563,0.3690,0.0000,0.6310,0.4690
blended_25_75,180,360,360,300,-180,60,8.556,10.338,18.894,0.2840,0.0000,0.7160,0.5165
blended_25_75,180,360,360,360,-180,0,7.954,10.168,18.122,0.2380,0.0000,0.7620,0.5465
blended_25_75,180,360,360,420,-180,-60,7.736,10.200,17.936,0.2105,0.0000,0.7895,0.5765
blended_25_75,180,360,420,180,-240,180,10.241,10.675,20.915,0.4405,0.0000,0.5595,0.4370
blended_25_75,180,360,420,240,-240,120,9.313,10.753,20.066,0.3120,0.0000,0.6880,0.4845
blended_25_75,180,360,420,300,-240,60,8.630,10.680,19.310,0.2415,0.0000,0.7585,0.5220
blended_25_75,180,360,420,360,-240,0,7.957,10.647,18.604,0.1865,0.0000,0.8135,0.5665
blended_25_75,180,360,420,420,-240,-60,7.806,10.579,18.385,0.1800,0.0000,0.8200,0.5810
blended_25_75,180,420,180,180,0,240,10.230,7.863,18.093,0.7805,0.0000,0.2195,0.5625
blended_25_75,180,420,180,240,0,180,9.273,7.830,17.104,0.6790,0.0000,0.3210,0.4775
blended_25_75,180,420,180,300,0,120,8.666,7.864,16.530,0.6020,0.0000,0.3980,0.4565
blended_25_75,180,420,180,360,0,60,8.004,7.870,15.874,0.5205,0.0000,0.4795,0.4420
blended_25_75,180,420,180,420,0,0,7.857,7.819,15.676,0.5035,0.0000,0.4965,0.4295
blended_25_75,180,420,240,180,-60,240,10.198,8.460,18.658,0.7120,0.0000,0.2880,0.5200
blended_25_75,180,420,240,240,-60,180,9.330,8.540,17.870,0.6055,0.0000,0.3945,0.4380
blended_25_75,180,420,240,300,-60,120,8.662,8.441,17.103,0.5325,0.0000,0.4675,0.4575
blended_25_75,180,420,240,360,-60,60,8.085,8.451,16.536,0.4595,0.0000,0.5405,0.4340
blended_25_75,180,420,240,420,-60,0,7.802,8.546,16.349,0.4085,0.0000,0.5915,0.4325
blended_25_75,180,420,300,180,-120,240,10.204,9.113,19.316,0.6405,0.0000,0.3595,0.4540
blended_25_75,180,420,300,240,-120,180,9.285,8.983,18.268,0.5290,0.0000,0.4710,0.4405
blended_25_75,180,420,300,300,-120,120,8.592,9.123,17.715,0.4325,0.0000,0.5675,0.4330
blended_25_75,180,420,300,360,-120,60,8.114,9.160,17.273,0.3540,0.0000,0.6460,0.4540
blended_25_75,180,420,300,420,-120,0,7.846,9.166,17.012,0.3350,0.0000,0.6650,0.4680
blended_25_75,180,420,360,180,-180,240,10.292,9.723,20.015,0.5725,0.0000,0.4275,0.4460
blended_25_75,180,420,360,240,-180,180,9.361,9.720,19.081,0.4540,0.0000,0.5460,0.4575
blended_25_75,180,420,360,300,-180,120,8.569,9.748,18.317,0.3675,0.0000,0.6325,0.4595
blended_25_75,180,420,360,360,-180,60,8.053,9.707,17.759,0.2930,0.0000,0.7070,0.4895
blended_25_75,180,420,360,420,-180,0,7.734,9.692,17.427,0.2670,0.0000,0.7330,0.5125
blended_25_75,180,420,420,180,-240,240,10.333,10.260,20.593,0.5005,0.0000,0.4995,0.4360
blended_25_75,180,420,420,240,-240,180,9.278,10.300,19.579,0.3660,0.0000,0.6340,0.4685
blended_25_75,180,420,420,300,-240,120,8.637,10.313,18.950,0.2905,0.0000,0.7095,0.5100
blended_25_75,180,420,420,360,-240,60,8.002,10.261,18.263,0.2250,0.0000,0.7750,0.5470
blended_25_75,180,420,420,420,-240,0,7.787,10.306,18.093,0.2020,0.0000,0.7980,0.5590
blended_25_75,240,180,180,180,60,0,11.128,10.359,21.487,0.6010,0.0000,0.3990,0.4865
blended_25_75,240,180,180,240,60,-60,10.378,10.322,20.700,0.5075,0.0000,0.4925,0.4260
blended_25_75,240,180,180,300,60,-120,9.538,10.313,19.851,0.4065,0.0000,0.5935,0.4420
blended_25_75,240,180,180,360,60,-180,8.809,10.204,19.013,0.3335,0.0000,0.6665,0.5135
blended_25_75,240,180,180,420,60,-240,8.418,10.273,18.690,0.2720,0.0000,0.7280,0.5065
blended_25_75,240,180,240,180,0,0,11.176,11.151,22.327,0.5095,0.0000,0.4905,0.4615
blended_25_75,240,180,240,240,0,-60,10.260,11.128,21.388,0.3885,0.0000,0.6115,0.4495
blended_25_75,240,180,240,300,0,-120,9.599,11.129,20.727,0.3185,0.0000,0.6815,0.4905
blended_25_75,240,180,240,360,0,-180,8.854,11.021,19.875,0.2425,0.0000,0.7575,0.5370
blended_25_75,240,180,240,420,0,-240,8.363,11.084,19.447,0.1905,0.0000,0.8095,0.5695
blended_25_75,240,180,300,180,-60,0,11.171,11.783,22.953,0.4150,0.0000,0.5850,0.4325
blended_25_75,240,180,300,240,-60,-60,10.211,11.788,21.999,0.3015,0.0000,0.6985,0.5195
blended_25_75,240,180,300,300,-60,-120,9.518,11.700,21.218,0.2360,0.0000,0.7640,0.5325
blended_25_75,240,180,300,360,-60,-180,8.832,11.685,20.517,0.1835,0.0000,0.8165,0.5895
blended_25_75,240,180,300,420,-60,-240,8.377,11.561,19.938,0.1390,0.0000,0.8610,0.6305
blended_25_75,240,180,360,180,-120,0,11.201,12.107,23.308,0.3875,0.0000,0.6125,0.4405
blended_25_75,240,180,360,240,-120,-60,10.322,12.121,22.443,0.2735,0.0000,0.7265,0.5010
blended_25_75,240,180,360,300,-120,-120,9.432,12.050,21.482,0.2020,0.0000,0.7980,0.5790
blended_25_75,240,180,360,360,-120,-180,8.787,11.997,20.784,0.1565,0.0000,0.8435,0.6360
blended_25_75,240,180,360,420,-120,-240,8.264,11.943,20.207,0.1050,0.0000,0.8950,0.6790
blended_25_75,240,180,420,180,-180,0,11.088,12.559,23.647,0.3240,0.0000,0.6760,0.4725
blended_25_75,240,180,420,240,-180,-60,10.220,12.497,22.718,0.2265,0.0000,0.7735,0.5560
blended_25_75,240,180,420,300,-180,-120,9.322,12.450,21.771,0.1520,0.0000,0.8480,0.6355
blended_25_75,240,180,420,360,-180,-180,8.755,12.302,21.056,0.1150,0.0000,0.8850,0.6535
blended_25_75,240,180,420,420,-180,-240,8.381,12.352,20.733,0.0895,0.0000,0.9105,0.6870
blended_25_75,240,240,180,180,60,60,11.170,9.181,20.351,0.7440,0.0000,0.2560,0.5250
blended_25_75,240,240,180,240,60,0,10.258,9.319,19.577,0.6190,0.0000,0.3810,0.4670
blended_25_75,240,240,180,300,60,-60,9.460,9.116,18.576,0.5450,0.0000,0.4550,0.4510
blended_25_75,240,240,180,360,60,-120,8.895,9.284,18.179,0.4545,0.0000,0.5455,0.4385
blended_25_75,240,240,180,420,60,-180,8.411,9.323,17.734,0.3935,0.0000,0.6065,0.4765
blended_25_75,240,240,240,180,0,60,11.085,10.354,21.440,0.5920,0.0000,0.4080,0.4595
blended_25_75,240,240,240,240,0,0,10.273,10.271,20.544,0.4940,0.0000,0.5060,0.4375
blended_25_75,240,240,240,300,0,-60,9.482,10.320,19.802,0.3945,0.0000,0.6055,0.4630
blended_25_75,240,240,240,360,0,-120,8.882,10.296,19.178,0.3165,0.0000,0.6835,0.4765
blended_25_75,240,240,240,420,0,-180,8.370,10.222,18.591,0.2730,0.0000,0.7270,0.5285
blended_25_75,240,240,300,180,-60,60,11.043,10.950,21.993,0.5135,0.0000,0.4865,0.4585
blended_25_75,240,240,300,240,-60,0,10.342,10.767,21.109,0.4540,0.0000,0.5460,0.4400
blended_25_75,240,240,300,300,-60,-60,9.430,10.941,20.370,0.3045,0.0000,0.6955,0.4820
blended_25_75,240,240,300,360,-60,-120,8.829,10.983,19.812,0.2430,0.0000,0.7570,0.5405
blended_25_75,240,240,300,420,-60,-180,8.232,10.774,19.006,0.1945,0.0000,0.8055,0.5600
blended_25_75,240,240,360,180,-120,60,11.178,11.550,22.728,0.4535,0.0000,0.5465,0.4210
blended_25_75,240,240,360,240,-120,0,10.348,11.633,21.981,0.3365,0.0000,0.6635,0.4675
blended_25_75,240,240,360,300,-120,-60,9.471,11.476,20.947,0.2585,0.0000,0.7415,0.5220
blended_25_75,240,240,360,360,-120,-120,8.736,11.429,20.165,0.1865,0.0000,0.8135,0.5865
blended_25_75,240,240,360,420,-120,-180,8.276,11.384,19.660,0.1535,0.0000,0.8465,0.6205
blended_25_75,240,240,420,180,-180,60,11.098,11.963,23.062,0.3890,0.0000,0.6110,0.4670
blended_25_75,240,240,420,240,-180,0,10.300,11.902,22.201,0.3070,0.0000,0.6930,0.5020
blended_25_75,240,240,420,300,-180,-60,9.396,11.892,21.288,0.2050,0.0000,0.7950,0.5670
blended_25_75,240,240,420,360,-180,-120,8.818,11.770,20.588,0.1665,0.0000,0.8335,0.6105
blended_25_75,240,240,420,420,-180,-180,8.328,11.796,20.123,0.1260,0.0000,0.8740,0.6445
blended_25_75,240,300,180,180,60,120,11.057,8.534,19.591,0.7930,0.0000,0.2070,0.5715
blended_25_75,240,300,180,240,60,60,10.275,8.680,18.956,0.7025,0.0000,0.2975,0.5040
blended_25_75,240,300,180,300,60,0,9.495,8.681,18.175,0.6040,0.0000,0.3960,0.4725
blended_25_75,240,300,180,360,60,-60,8.880,8.692,17.572,0.5185,0.0000,0.4815,0.4345
blended_25_75,240,300,180,420,60,-120,8.504,8.777,17.282,0.4735,0.0000,0.5265,0.4300
blended_25_75,240,300,240,180,0,120,11.108,9.438,20.546,0.7100,0.0000,0.2900,0.4915
blended_25_75,240,300,240,240,0,60,10.367,9.460,19.827,0.6150,0.0000,0.3850,0.4480
blended_25_75,240,300,240,300,0,0,9.499,9.536,19.035,0.4940,0.0000,0.5060,0.4490
blended_25_75,240,300,240,360,0,-60,8.945,9.600,18.545,0.4270,0.0000,0.5730,0.4545
blended_25_75,240,300,240,420,0,-120,8.438,9.546,17.985,0.3575,0.0000,0.6425,0.4760
blended_25_75,240,300,300,180,-60,120,11.213,10.358,21.571,0.6070,0.0000,0.3930,0.4560
blended_25_75,240,300,300,240,-60,60,10.140,10.284,20.425,0.4735,0.0000,0.5265,0.4440
blended_25_75,240,300,300,300,-60,0,9.446,10.370,19.816,0.3795,0.0000,0.6205,0.4510
blended_25_75,240,300,300,360,-60,-60,8.889,10.278,19.166,0.3225,0.0000,0.6775,0.4965
blended_25_75,240,300,300,420,-60,-120,8.406,10.185,18.591,0.2810,0.0000,0.7190,0.5000
blended_25_75,240,300,360,180,-120,120,11.185,10.805,21.990,0.5485,0.0000,0.4515,0.4475
blended_25_75,240,300,360,240,-120,60,10.294,10.742,21.036,0.4460,0.0000,0.5540,0.4455
blended_25_75,240,300,360,300,-120,0,9.430,10.742,20.172,0.3295,0.0000,0.6705,0.4680
blended_25_75,240,300,360,360,-120,-60,8.870,10.642,19.511,0.2795,0.0000,0.7205,0.5000
blended_25_75,240,300,360,420,-120,-120,8.405,10.720,19.125,0.2115,0.0000,0.7885,0.5365
blended_25_75,240,300,420,180,-180,120,11.104,11.322,22.425,0.4750,0.0000,0.5250,0.4215
blended_25_75,240,300,420,240,-180,60,10.237,11.328,21.565,0.3605,0.0000,0.6395,0.4540
blended_25_75,240,300,420,300,-180,0,9.432,11.349,20.781,0.2700,0.0000,0.7300,0.5155
blended_25_75,240,300,420,360,-180,-60,8.898,11.304,20.202,0.2175,0.0000,0.7825,0.5535
blended_25_75,240,300,420,420,-180,-120,8.452,11.286,19.738,0.1730,0.0000,0.8270,0.6165
blended_25_75,240,360,180,180,60,180,11.014,7.970,18.983,0.8420,0.0000,0.1580,0.6190
blended_25_75,240,360,180,240,60,120,10.245,7.960,18.205,0.7780,0.0000,0.2220,0.5410
blended_25_75,240,360,180,300,60,60,9.509,7.988,17.497,0.6930,0.0000,0.3070,0.4630
blended_25_75,240,360,180,360,60,0,8.891,8.121,17.012,0.5870,0.0000,0.4130,0.4475
blended_25_75,240,360,180,420,60,-60,8.370,8.002,16.372,0.5475,0.0000,0.4525,0.4405
blended_25_75,240,360,240,180,0,180,11.088,8.781,19.870,0.7805,0.0000,0.2195,0.5465
blended_25_75,240,360,240,240,0,120,10.276,8.881,19.157,0.6770,0.0000,0.3230,0.4905
blended_25_75,240,360,240,300,0,60,9.482,8.951,18.434,0.5760,0.0000,0.4240,0.4440
blended_25_75,240,360,240,360,0,0,8.809,8.800,17.608,0.5085,0.0000,0.4915,0.4620
blended_25_75,240,360,240,420,0,-60,8.500,8.957,17.456,0.4435,0.0000,0.5565,0.4555
blended_25_75,240,360,300,180,-60,180,11.182,9.589,20.771,0.7060,0.0000,0.2940,0.4975
blended_25_75,240,360,300,240,-60,120,10.312,9.508,19.820,0.5970,0.0000,0.4030,0.4550
blended_25_75,240,360,300,300,-60,60,9.460,9.556,19.016,0.4810,0.0000,0.5190,0.4205
blended_25_75,240,360,300,360,-60,0,8.780,9.505,18.285,0.4080,0.0000,0.5920,0.4585
blended_25_75,240,360,300,420,-60,-60,8.441,9.502,17.944,0.3665,0.0000,0.6335,0.4630
blended_25_75,240,360,360,180,-120,180,11.170,10.274,21.444,0.6165,0.0000,0.3835,0.4520
blended_25_75,240,360,360,240,-120,120,10.243,10.371,20.614,0.4765,0.0000,0.5235,0.4580
blended_25_75,240,360,360,300,-120,60,9.502,10.384,19.886,0.3850,0.0000,0.6150,0.4345
blended_25_75,240,360,360,360,-120,0,8.848,10.274,19.122,0.3080,0.0000,0.6920,0.4850
blended_25_75,240,360,360,420,-120,-60,8.389,10.214,18.603,0.2715,0.0000,0.7285,0.5070
blended_25_75,240,360,420,180,-180,180,11.117,10.716,21.833,0.5585,0.0000,0.4415,0.4605
blended_25_75,240,360,420,240,-180,120,10.310,10.778,21.089,0.4435,0.0000,0.5565,0.4490
blended_25_75,240,360,420,300,-180,60,9.536,10.716,20.252,0.3470,0.0000,0.6530,0.4720
blended_25_75,240,360,420,360,-180,0,8.806,10.674,19.480,0.2725,0.0000,0.7275,0.5105
blended_25_75,240,360,420,420,-180,-60,8.437,10.756,19.193,0.2265,0.0000,0.7735,0.5455
blended_25_75,240,420,180,180,60,240,10.998,7.894,18.891,0.8505,0.0000,0.1495,0.6265
blended_25_75,240,420,180,240,60,180,10.236,7.865,18.102,0.7820,0.0000,0.2180,0.5345
blended_25_75,240,420,180,300,60,120,9.483,7.860,17.343,0.7090,0.0000,0.2910,0.4940
blended_25_75,240,420,180,360,60,60,8.878,7.790,16.669,0.6390,0.0000,0.3610,0.4475
blended_25_75,240,420,180,420,60,0,8.455,7.927,16.382,0.5700,0.0000,0.4300,0.4310
blended_25_75,240,420,240,180,0,240,11.105,8.408,19.513,0.8130,0.0000,0.1870,0.6000
blended_25_75,240,420,240,240,0,180,10.335,8.499,18.835,0.7290,0.0000,0.2710,0.5060
blended_25_75,240,420,240,300,0,120,9.486,8.472,17.958,0.6390,0.0000,0.3610,0.4625
blended_25_75,240,420,240,360,0,60,8.754,8.499,17.253,0.5265,0.0000,0.4735,0.4470
blended_25_75,240,420,240,420,0,0,8.542,8.511,17.053,0.5065,0.0000,0.4935,0.4490
blended_25_75,240,420,300,180,-60,240,11.018,8.993,20.011,0.7545,0.0000,0.2455,0.5270
blended_25_75,240,420,300,240,-60,180,10.316,9.046,19.363,0.6565,0.0000,0.3435,0.4655
blended_25_75,240,420,300,300,-60,120,9.504,9.074,18.578,0.5490,0.0000,0.4510,0.4370
blended_25_75,240,420,300,360,-60,60,8.806,9.161,17.967,0.4575,0.0000,0.5425,0.4405
blended_25_75,240,420,300,420,-60,0,8.417,9.113,17.530,0.4160,0.0000,0.5840,0.4565
blended_25_75,240,420,360,180,-120,240,11.033,9.731,20.764,0.6730,0.0000,0.3270,0.4805
blended_25_75,240,420,360,240,-120,180,10.326,9.665,19.991,0.5840,0.0000,0.4160,0.4660
blended_25_75,240,420,360,300,-120,120,9.509,9.771,19.280,0.4740,0.0000,0.5260,0.4225
blended_25_75,240,420,360,360,-120,60,8.876,9.725,18.601,0.3945,0.0000,0.6055,0.4565
blended_25_75,240,420,360,420,-120,0,8.541,9.684,18.224,0.3495,0.0000,0.6505,0.4560
blended_25_75,240,420,420,180,-180,240,11.158,10.316,21.474,0.6050,0.0000,0.3950,0.4575
blended_25_75,240,420,420,240,-180,180,10.362,10.380,20.742,0.5160,0.0000,0.4840,0.4330
blended_25_75,240,420,420,300,-180,120,9.579,10.306,19.885,0.4080,0.0000,0.5920,0.4495
blended_25_75,240,420,420,360,-180,60,8.935,10.274,19.209,0.3350,0.0000,0.6650,0.4820
blended_25_75,240,420,420,420,-180,0,8.457,10.287,18.745,0.2695,0.0000,0.7305,0.5220
blended_25_75,300,180,180,180,120,0,11.668,10.271,21.939,0.6820,0.0000,0.3180,0.4905
blended_25_75,300,180,180,240,120,-60,10.911,10.296,21.207,0.5720,0.0000,0.4280,0.4515
blended_25_75,300,180,180,300,120,-120,10.284,10.193,20.477,0.5160,0.0000,0.4840,0.4330
blended_25_75,300,180,180,360,120,-180,9.473,10.300,19.773,0.3900,0.0000,0.6100,0.4760
blended_25_75,300,180,180,420,120,-240,9.091,10.287,19.377,0.3490,0.0000,0.6510,0.4705
blended_25_75,300,180,240,180,60,0,11.806,11.219,23.026,0.5740,0.0000,0.4260,0.4625
blended_25_75,300,180,240,240,60,-60,10.944,11.156,22.101,0.4745,0.0000,0.5255,0.4375
blended_25_75,300,180,240,300,60,-120,10.298,11.139,21.438,0.3845,0.0000,0.6155,0.4675
blended_25_75,300,180,240,360,60,-180,9.414,11.137,20.551,0.2820,0.0000,0.7180,0.4990
blended_25_75,300,180,240,420,60,-240,9.060,11.111,20.171,0.2480,0.0000,0.7520,0.5240
blended_25_75,300,180,300,180,0,0,11.894,11.801,23.695,0.5235,0.0000,0.4765,0.4360
blended_25_75,300,180,300,240,0,-60,10.952,11.793,22.745,0.3985,0.0000,0.6015,0.4585
blended_25_75,300,180,300,300,0,-120,10.197,11.825,22.021,0.3015,0.0000,0.6985,0.5000
blended_25_75,300,180,300,360,0,-180,9.435,11.653,21.088,0.2415,0.0000,0.7585,0.5530
blended_25_75,300,180,300,420,0,-240,9.039,11.700,20.739,0.2000,0.0000,0.8000,0.5985
blended_25_75,300,180,360,180,-60,0,11.787,12.199,23.986,0.4510,0.0000,0.5490,0.4400
blended_25_75,300,180,360,240,-60,-60,10.884,12.094,22.978,0.3415,0.0000,0.6585,0.4685
blended_25_75,300,180,360,300,-60,-120,10.347,12.168,22.514,0.2775,0.0000,0.7225,0.5085
blended_25_75,300,180,360,360,-60,-180,9.377,12.046,21.423,0.1885,0.0000,0.8115,0.5955
blended_25_75,300,180,360,420,-60,-240,8.965,12.102,21.067,0.1490,0.0000,0.8510,0.6215
blended_25_75,300,180,420,180,-120,0,11.662,12.591,24.254,0.3750,0.0000,0.6250,0.4595
blended_25_75,300,180,420,240,-120,-60,10.943,12.523,23.465,0.3090,0.0000,0.6910,0.4945
blended_25_75,300,180,420,300,-120,-120,10.239,12.452,22.691,0.2300,0.0000,0.7700,0.5425
blended_25_75,300,180,420,360,-120,-180,9.428,12.434,21.863,0.1645,0.0000,0.8355,0.6290
blended_25_75,300,180,420,420,-120,-240,8.957,12.414,21.371,0.1195,0.0000,0.8805,0.6765
blended_25_75,300,240,180,180,120,60,11.726,9.302,21.028,0.7800,0.0000,0.2200,0.5720
blended_25_75,300,240,180,240,120,0,10.819,9.286,20.105,0.7030,0.0000,0.2970,0.4980
blended_25_75,300,240,180,300,120,-60,10.408,9.329,19.737,0.6335,0.0000,0.3665,0.4565
blended_25_75,300,240,180,360,120,-120,9.550,9.274,18.824,0.5365,0.0000,0.4635,0.4535
blended_25_75,300,240,180,420,120,-180,9.124,9.349,18.473,0.4665,0.0000,0.5335,0.4385
blended_25_75,300,240,240,180,60,60,11.755,10.277,22.032,0.6870,0.0000,0.3130,0.5090
blended_25_75,300,240,240,240,60,0,10.947,10.255,21.201,0.5795,0.0000,0.4205,0.4615
blended_25_75,300,240,240,300,60,-60,10.326,10.433,20.759,0.4790,0.0000,0.5210,0.4255
blended_25_75,300,240,240,360,60,-120,9.469,10.417,19.886,0.3790,0.0000,0.6210,0.4725
blended_25_75,300,240,240,420,60,-180,9.085,10.406,19.491,0.3290,0.0000,0.6710,0.4845
blended_25_75,300,240,300,180,0,60,11.831,11.039,22.869,0.5990,0.0000,0.4010,0.4475
blended_25_75,300,240,300,240,0,0,10.945,10.983,21.928,0.5020,0.0000,0.4980,0.4480
blended_25_75,300,240,300,300,0,-60,10.258,10.955,21.213,0.4045,0.0000,0.5955,0.4790
blended_25_75,300,240,300,360,0,-120,9.558,10.880,20.438,0.3410,0.0000,0.6590,0.4910
blended_25_75,300,240,300,420,0,-180,9.148,10.853,20.001,0.2940,0.0000,0.7060,0.4955
blended_25_75,300,240,360,180,-60,60,11.818,11.662,23.480,0.5140,0.0000,0.4860,0.4225
blended_25_75,300,240,360,240,-60,0,10.944,11.560,22.504,0.4130,0.0000,0.5870,0.4535
blended_25_75,300,240,360,300,-60,-60,10.314,11.477,21.791,0.3560,0.0000,0.6440,0.4760
blended_25_75,300,240,360,360,-60,-120,9.533,11.537,21.070,0.2600,0.0000,0.7400,0.5225
blended_25_75,300,240,360,420,-60,-180,9.046,11.469,20.515,0.2195,0.0000,0.7805,0.5725
blended_25_75,300,240,420,180,-120,60,11.727,11.989,23.717,0.4640,0.0000,0.5360,0.4195
blended_25_75,300,240,420,240,-120,0,10.967,11.852,22.819,0.3795,0.0000,0.6205,0.4585
blended_25_75,300,240,420,300,-120,-60,10.277,11.989,22.266,0.2850,0.0000,0.7150,0.5160
blended_25_75,300,240,420,360,-120,-120,9.367,11.864,21.230,0.2075,0.0000,0.7925,0.5780
blended_25_75,300,240,420,420,-120,-180,9.006,11.847,20.853,0.1775,0.0000,0.8225,0.6090
blended_25_75,300,300,180,180,120,120,11.536,8.584,20.120,0.8255,0.0000,0.1745,0.6085
blended_25_75,300,300,180,240,120,60,10.765,8.531,19.297,0.7635,0.0000,0.2365,0.5470
blended_25_75,300,300,180,300,120,0,10.285,8.672,18.957,0.7005,0.0000,0.2995,0.4790
blended_25_75,300,300,180,360,120,-60,9.480,8.671,18.151,0.6070,0.0000,0.3930,0.4500
blended_25_75,300,300,180,420,120,-120,9.066,8.636,17.703,0.5580,0.0000,0.4420,0.4295
blended_25_75,300,300,240,180,60,120,11.741,9.425,21.166,0.7790,0.0000,0.2210,0.5500
blended_25_75,300,300,240,240,60,60,10.944,9.392,20.336,0.6915,0.0000,0.3085,0.4920
blended_25_75,300,300,240,300,60,0,10.386,9.427,19.813,0.6225,0.0000,0.3775,0.4840
blended_25_75,300,300,240,360,60,-60,9.513,9.523,19.036,0.4890,0.0000,0.5110,0.4285
blended_25_75,300,300,240,420,60,-120,9.075,9.539,18.614,0.4370,0.0000,0.5630,0.4565
blended_25_75,300,300,300,180,0,120,11.729,10.276,22.005,0.6870,0.0000,0.3130,0.4810
blended_25_75,300,300,300,240,0,60,10.966,10.400,21.367,0.5770,0.0000,0.4230,0.4675
blended_25_75,300,300,300,300,0,0,10.335,10.280,20.615,0.5190,0.0000,0.4810,0.4525
blended_25_75,300,300,300,360,0,-60,9.601,10.331,19.931,0.4070,0.0000,0.5930,0.4585
blended_25_75,300,300,300,420,0,-120,9.078,10.347,19.424,0.3340,0.0000,0.6660,0.4830
blended_25_75,300,300,360,180,-60,120,11.723,10.712,22.434,0.6335,0.0000,0.3665,0.4750
blended_25_75,300,300,360,240,-60,60,10.893,10.742,21.636,0.5180,0.0000,0.4820,0.4385
blended_25_75,300,300,360,300,-60,0,10.338,10.723,21.061,0.4410,0.0000,0.5590,0.4415
blended_25_75,300,300,360,360,-60,-60,9.457,10.665,20.121,0.3525,0.0000,0.6475,0.4830
blended_25_75,300,300,360,420,-60,-120,9.078,10.618,19.696,0.3040,0.0000,0.6960,0.5035
blended_25_75,300,300,420,180,-120,120,11.703,11.364,23.066,0.5475,0.0000,0.4525,0.4265
blended_25_75,300,300,420,240,-120,60,10.915,11.366,22.280,0.4350,0.0000,0.5650,0.4420
blended_25_75,300,300,420,300,-120,0,10.393,11.268,21.662,0.3775,0.0000,0.6225,0.4780
blended_25_75,300,300,420,360,-120,-60,9.470,11.367,20.837,0.2605,0.0000,0.7395,0.5160
blended_25_75,300,300,420,420,-120,-120,8.969,11.276,20.245,0.2325,0.0000,0.7675,0.5545
blended_25_75,300,360,180,180,120,180,11.570,7.958,19.529,0.8855,0.0000,0.1145,0.6615
blended_25_75,300,360,180,240,120,120,10.874,7.918,18.791,0.8325,0.0000,0.1675,0.6005
blended_25_75,300,360,180,300,120,60,10.357,7.970,18.326,0.7835,0.0000,0.2165,0.5625
blended_25_75,300,360,180,360,120,0,9.494,8.011,17.505,0.6870,0.0000,0.3130,0.4850
blended_25_75,300,360,180,420,120,-60,9.049,8.068,17.117,0.6320,0.0000,0.3680,0.4575
blended_25_75,300,360,240,180,60,180,11.700,8.825,20.526,0.8340,0.0000,0.1660,0.5975
blended_25_75,300,360,240,240,60,120,10.914,8.870,19.784,0.7465,0.0000,0.2535,0.5150
blended_25_75,300,360,240,300,60,60,10.303,8.946,19.249,0.6680,0.0000,0.3320,0.4845
blended_25_75,300,360,240,360,60,0,9.503,8.748,18.251,0.5920,0.0000,0.4080,0.4365
blended_25_75,300,360,240,420,60,-60,9.021,8.854,17.875,0.5215,0.0000,0.4785,0.4480
blended_25_75,300,360,300,180,0,180,11.652,9.450,21.102,0.7735,0.0000,0.2265,0.5295
blended_25_75,300,360,300,240,0,120,10.941,9.395,20.337,0.6890,0.0000,0.3110,0.4815
blended_25_75,300,360,300,300,0,60,10.351,9.591,19.941,0.5915,0.0000,0.4085,0.4500
blended_25_75,300,360,300,360,0,0,9.484,9.473,18.957,0.4975,0.0000,0.5025,0.4495
blended_25_75,300,360,300,420,0,-60,9.069,9.520,18.588,0.4375,0.0000,0.5625,0.4590
blended_25_75,300,360,360,180,-60,180,11.679,10.289,21.968,0.6680,0.0000,0.3320,0.4740
blended_25_75,300,360,360,240,-60,120,10.918,10.303,21.221,0.5770,0.0000,0.4230,0.4450
blended_25_75,300,360,360,300,-60,60,10.366,10.337,20.703,0.5030,0.0000,0.4970,0.4405
blended_25_75,300,360,360,360,-60,0,9.535,10.280,19.815,0.4010,0.0000,0.5990,0.4540
blended_25_75,300,360,360,420,-60,-60,9.089,10.227,19.316,0.3510,0.0000,0.6490,0.4730
blended_25_75,300,360,420,180,-120,180,11.767,10.666,22.433,0.6380,0.0000,0.3620,0.4785
blended_25_75,300,360,420,240,-120,120,10.982,10.764,21.746,0.5170,0.0000,0.4830,0.4630
blended_25_75,300,360,420,300,-120,60,10.246,10.797,21.043,0.4270,0.0000,0.5730,0.4255
blended_25_75,300,360,420,360,-120,0,9.573,10.784,20.357,0.3505,0.0000,0.6495,0.4765
blended_25_75,300,360,420,420,-120,-60,9.093,10.689,19.782,0.2960,0.0000,0.7040,0.4850
blended_25_75,300,420,180,180,120,240,11.662,7.718,19.380,0.9080,0.0000,0.0920,0.6995
blended_25_75,300,420,180,240,120,180,10.841,7.790,18.631,0.8445,0.0000,0.1555,0.6220
blended_25_75,300,420,180,300,120,120,10.223,7.752,17.975,0.7980,0.0000,0.2020,0.5630
blended_25_75,300,420,180,360,120,60,9.380,7.841,17.221,0.6910,0.0000,0.3090,0.4830
blended_25_75,300,420,180,420,120,0,9.053,7.849,16.902,0.6405,0.0000,0.3595,0.4815
blended_25_75,300,420,240,180,60,240,11.519,8.381,19.900,0.8585,0.0000,0.1415,0.6345
blended_25_75,300,420,240,240,60,180,10.875,8.379,19.254,0.7900,0.0000,0.2100,0.5750
blended_25_75,300,420,240,300,60,120,10.310,8.415,18.724,0.7350,0.0000,0.2650,0.5105
blended_25_75,300,420,240,360,60,60,9.441,8.387,17.828,0.6455,0.0000,0.3545,0.4465
blended_25_75,300,420,240,420,60,0,9.106,8.517,17.623,0.5815,0.0000,0.4185,0.4425
blended_25_75,300,420,300,180,0,240,11.666,9.058,20.724,0.8055,0.0000,0.1945,0.5735
blended_25_75,300,420,300,240,0,180,10.900,9.100,20.000,0.7320,0.0000,0.2680,0.5010
blended_25_75,300,420,300,300,0,120,10.357,8.941,19.297,0.6720,0.0000,0.3280,0.4920
blended_25_75,300,420,300,360,0,60,9.443,9.214,18.657,0.5260,0.0000,0.4740,0.4280
blended_25_75,300,420,300,420,0,0,9.179,9.136,18.316,0.5080,0.0000,0.4920,0.4510
blended_25_75,300,420,360,180,-60,240,11.632,9.695,21.327,0.7420,0.0000,0.2580,0.5005
blended_25_75,300,420,360,240,-60,180,10.995,9.655,20.649,0.6645,0.0000,0.3355,0.4920
blended_25_75,300,420,360,300,-60,120,10.216,9.675,19.891,0.5645,0.0000,0.4355,0.4640
blended_25_75,300,420,360,360,-60,60,9.540,9.642,19.182,0.4865,0.0000,0.5135,0.4535
blended_25_75,300,420,360,420,-60,0,9.091,9.679,18.770,0.4220,0.0000,0.5780,0.4520
blended_25_75,300,420,420,180,-120,240,11.755,10.257,22.011,0.6770,0.0000,0.3230,0.5050
blended_25_75,300,420,420,240,-120,180,11.001,10.405,21.407,0.5820,0.0000,0.4180,0.4585
blended_25_75,300,420,420,300,-120,120,10.323,10.352,20.675,0.4990,0.0000,0.5010,0.4465
blended_25_75,300,420,420,360,-120,60,9.421,10.313,19.733,0.3860,0.0000,0.6140,0.4570
blended_25_75,300,420,420,420,-120,0,9.020,10.353,19.373,0.3405,0.0000,0.6595,0.4650
blended_25_75,360,180,180,180,180,0,12.062,10.339,22.401,0.7045,0.0000,0.2955,0.5025
blended_25_75,360,180,180,240,180,-60,11.507,10.364,21.871,0.6375,0.0000,0.3625,0.4835
blended_25_75,360,180,180,300,180,-120,10.749,10.310,21.059,0.5605,0.0000,0.4395,0.4450
blended_25_75,360,180,180,360,180,-180,10.322,10.281,20.603,0.5025,0.0000,0.4975,0.4480
blended_25_75,360,180,180,420,180,-240,9.715,10.287,20.002,0.4165,0.0000,0.5835,0.4410
blended_25_75,360,180,240,180,120,0,12.156,11.075,23.231,0.6440,0.0000,0.3560,0.4580
blended_25_75,360,180,240,240,120,-60,11.554,11.188,22.742,0.5440,0.0000,0.4560,0.4530
blended_25_75,360,180,240,300,120,-120,10.732,11.148,21.880,0.4335,0.0000,0.5665,0.4480
blended_25_75,360,180,240,360,120,-180,10.285,11.158,21.443,0.3860,0.0000,0.6140,0.4605
blended_25_75,360,180,240,420,120,-240,9.679,11.083,20.762,0.3290,0.0000,0.6710,0.4775
blended_25_75,360,180,300,180,60,0,12.223,11.802,24.025,0.5655,0.0000,0.4345,0.4480
blended_25_75,360,180,300,240,60,-60,11.519,11.764,23.282,0.4670,0.0000,0.5330,0.4325
blended_25_75,360,180,300,300,60,-120,10.697,11.745,22.442,0.3595,0.0000,0.6405,0.4655
blended_25_75,360,180,300,360,60,-180,10.264,11.773,22.037,0.3190,0.0000,0.6810,0.4850
blended_25_75,360,180,300,420,60,-240,9.632,11.654,21.286,0.2555,0.0000,0.7445,0.5185
blended_25_75,360,180,360,180,0,0,12.155,12.277,24.432,0.4875,0.0000,0.5125,0.4460
blended_25_75,360,180,360,240,0,-60,11.636,12.117,23.753,0.4325,0.0000,0.5675,0.4295
blended_25_75,360,180,360,300,0,-120,10.640,12.084,22.724,0.3125,0.0000,0.6875,0.4870
blended_25_75,360,180,360,360,0,-180,10.273,12.111,22.384,0.2705,0.0000,0.7295,0.5155
blended_25_75,360,180,360,420,0,-240,9.601,12.096,21.697,0.2170,0.0000,0.7830,0.5890
blended_25_75,360,180,420,180,-60,0,12.158,12.574,24.732,0.4505,0.0000,0.5495,0.4435
blended_25_75,360,180,420,240,-60,-60,11.463,12.656,24.120,0.3440,0.0000,0.6560,0.4665
blended_25_75,360,180,420,300,-60,-120,10.765,12.543,23.308,0.2810,0.0000,0.7190,0.5280
blended_25_75,360,180,420,360,-60,-180,10.282,12.573,22.855,0.2270,0.0000,0.7730,0.5605
blended_25_75,360,180,420,420,-60,-240,9.725,12.463,22.188,0.1775,0.0000,0.8225,0.5780
blended_25_75,360,240,180,180,180,60,12.101,9.201,21.302,0.8270,0.0000,0.1730,0.5980
blended_25_75,360,240,180,240,180,0,11.462,9.177,20.639,0.7760,0.0000,0.2240,0.5460
blended_25_75,360,240,180,300,180,-60,10.701,9.310,20.011,0.6735,0.0000,0.3265,0.4945
blended_25_75,360,240,180,360,180,-120,10.290,9.287,19.576,0.6305,0.0000,0.3695,0.4670
blended_25_75,360,240,180,420,180,-180,9.633,9.341,18.974,0.5495,0.0000,0.4505,0.4520
blended_25_75,360,240,240,180,120,60,12.040,10.293,22.334,0.7155,0.0000,0.2845,0.4900
blended_25_75,360,240,240,240,120,0,11.576,10.270,21.846,0.6620,0.0000,0.3380,0.4735
blended_25_75,360,240,240,300,120,-60,10.700,10.348,21.047,0.5470,0.0000,0.4530,0.4570
blended_25_75,360,240,240,360,120,-120,10.385,10.299,20.684,0.5145,0.0000,0.4855,0.4460
blended_25_75,360,240,240,420,120,-180,9.780,10.335,20.116,0.4270,0.0000,0.5730,0.4245
blended_25_75,360,240,300,180,60,60,12.114,10.818,22.932,0.6580,0.0000,0.3420,0.4880
blended_25_75,360,240,300,240,60,0,11.505,10.898,22.404,0.5790,0.0000,0.4210,0.4420
blended_25_75,360,240,300,300,60,-60,10.645,10.944,21.589,0.4635,0.0000,0.5365,0.4480
blended_25_75,360,240,300,360,60,-120,10.368,10.897,21.265,0.4390,0.0000,0.5610,0.4620
blended_25_75,360,240,300,420,60,-180,9.750,10.976,20.726,0.3455,0.0000,0.6545,0.4610
blended_25_75,360,240,360,180,0,60,12.180,11.516,23.696,0.5745,0.0000,0.4255,0.4445
blended_25_75,360,240,360,240,0,0,11.576,11.561,23.137,0.4935,0.0000,0.5065,0.4475
blended_25_75,360,240,360,300,0,-60,10.786,11.552,22.337,0.3995,0.0000,0.6005,0.4765
blended_25_75,360,240,360,360,0,-120,10.342,11.556,21.898,0.3420,0.0000,0.6580,0.4470
blended_25_75,360,240,360,420,0,-180,9.649,11.509,21.157,0.2640,0.0000,0.7360,0.5080
blended_25_75,360,240,420,180,-60,60,12.155,11.963,24.118,0.5165,0.0000,0.4835,0.4545
blended_25_75,360,240,420,240,-60,0,11.667,11.983,23.651,0.4525,0.0000,0.5475,0.4415
blended_25_75,360,240,420,300,-60,-60,10.758,11.943,22.700,0.3530,0.0000,0.6470,0.4465
blended_25_75,360,240,420,360,-60,-120,10.395,11.934,22.328,0.3020,0.0000,0.6980,0.4750
blended_25_75,360,240,420,420,-60,-180,9.567,11.914,21.480,0.2205,0.0000,0.7795,0.5625
blended_25_75,360,300,180,180,180,120,11.972,8.544,20.516,0.8755,0.0000,0.1245,0.6645
blended_25_75,360,300,180,240,180,60,11.379,8.603,19.982,0.8235,0.0000,0.1765,0.5985
blended_25_75,360,300,180,300,180,0,10.669,8.652,19.322,0.7490,0.0000,0.2510,0.5180
blended_25_75,360,300,180,360,180,-60,10.252,8.547,18.800,0.6940,0.0000,0.3060,0.5075
blended_25_75,360,300,180,420,180,-120,9.678,8.729,18.407,0.6300,0.0000,0.3700,0.4605
blended_25_75,360,300,240,180,120,120,12.101,9.460,21.561,0.8085,0.0000,0.1915,0.5880
blended_25_75,360,300,240,240,120,60,11.486,9.509,20.995,0.7485,0.0000,0.2515,0.5295
blended_25_75,360,300,240,300,120,0,10.773,9.416,20.189,0.6680,0.0000,0.3320,0.4840
blended_25_75,360,300,240,360,120,-60,10.348,9.513,19.861,0.6155,0.0000,0.3845,0.4495
blended_25_75,360,300,240,420,120,-120,9.704,9.571,19.275,0.5120,0.0000,0.4880,0.4410
blended_25_75,360,300,300,180,60,120,12.203,10.310,22.513,0.7385,0.0000,0.2615,0.5070
blended_25_75,360,300,300,240,60,60,11.543,10.303,21.846,0.6625,0.0000,0.3375,0.4810
blended_25_75,360,300,300,300,60,0,10.754,10.325,21.078,0.5590,0.0000,0.4410,0.4490
blended_25_75,360,300,300,360,60,-60,10.354,10.292,20.645,0.5080,0.0000,0.4920,0.4515
blended_25_75,360,300,300,420,60,-120,9.665,10.265,19.931,0.4290,0.0000,0.5710,0.4575
blended_25_75,360,300,360,180,0,120,12.123,10.613,22.736,0.6925,0.0000,0.3075,0.4870
blended_25_75,360,300,360,240,0,60,11.543,10.713,22.256,0.6060,0.0000,0.3940,0.4510
blended_25_75,360,300,360,300,0,0,10.784,10.823,21.607,0.4920,0.0000,0.5080,0.4400
blended_25_75,360,300,360,360,0,-60,10.392,10.698,21.090,0.4640,0.0000,0.5360,0.4320
blended_25_75,360,300,360,420,0,-120,9.631,10.652,20.283,0.3620,0.0000,0.6380,0.4620
blended_25_75,360,300,420,180,-60,120,12.222,11.355,23.578,0.5945,0.0000,0.4055,0.4580
blended_25_75,360,300,420,240,-60,60,11.584,11.366,22.950,0.5240,0.0000,0.4760,0.4355
blended_25_75,360,300,420,300,-60,0,10.743,11.327,22.070,0.4235,0.0000,0.5765,0.4590
blended_25_75,360,300,420,360,-60,-60,10.255,11.393,21.648,0.3550,0.0000,0.6450,0.4580
blended_25_75,360,300,420,420,-60,-120,9.684,11.258,20.941,0.3110,0.0000,0.6890,0.4720
blended_25_75,360,360,180,180,180,180,12.003,7.929,19.932,0.9180,0.0000,0.0820,0.7145
blended_25_75,360,360,180,240,180,120,11.419,7.917,19.337,0.8880,0.0000,0.1120,0.6490
blended_25_75,360,360,180,300,180,60,10.676,7.974,18.650,0.8195,0.0000,0.1805,0.5805
blended_25_75,360,360,180,360,180,0,10.278,8.087,18.365,0.7750,0.0000,0.2250,0.5230
blended_25_75,360,360,180,420,180,-60,9.630,8.104,17.733,0.6930,0.0000,0.3070,0.4870
blended_25_75,360,360,240,180,120,180,12.010,8.782,20.792,0.8555,0.0000,0.1445,0.6410
blended_25_75,360,360,240,240,120,120,11.434,8.790,20.225,0.8110,0.0000,0.1890,0.5850
blended_25_75,360,360,240,300,120,60,10.831,8.875,19.706,0.7430,0.0000,0.2570,0.5080
blended_25_75,360,360,240,360,120,0,10.270,8.843,19.113,0.6845,0.0000,0.3155,0.4810
blended_25_75,360,360,240,420,120,-60,9.632,8.816,18.448,0.6035,0.0000,0.3965,0.4630
blended_25_75,360,360,300,180,60,180,12.059,9.428,21.488,0.8030,0.0000,0.1970,0.5935
blended_25_75,360,360,300,240,60,120,11.529,9.523,21.052,0.7550,0.0000,0.2450,0.5255
blended_25_75,360,360,300,300,60,60,10.723,9.545,20.267,0.6560,0.0000,0.3440,0.4670
blended_25_75,360,360,300,360,60,0,10.345,9.600,19.944,0.5850,0.0000,0.4150,0.4665
blended_25_75,360,360,300,420,60,-60,9.671,9.518,19.189,0.5165,0.0000,0.4835,0.4455
blended_25_75,360,360,360,180,0,180,12.174,10.287,22.461,0.7295,0.0000,0.2705,0.5045
blended_25_75,360,360,360,240,0,120,11.480,10.190,21.670,0.6645,0.0000,0.3355,0.4880
blended_25_75,360,360,360,300,0,60,10.748,10.349,21.096,0.5580,0.0000,0.4420,0.4450
blended_25_75,360,360,360,360,0,0,10.290,10.216,20.506,0.4965,0.0000,0.5035,0.4430
blended_25_75,360,360,360,420,0,-60,9.667,10.361,20.029,0.4010,0.0000,0.5990,0.4430
blended_25_75,360,360,420,180,-60,180,12.185,10.793,22.978,0.6650,0.0000,0.3350,0.4845
blended_25_75,360,360,420,240,-60,120,11.537,10.753,22.291,0.6045,0.0000,0.3955,0.4615
blended_25_75,360,360,420,300,-60,60,10.718,10.725,21.443,0.4940,0.0000,0.5060,0.4380
blended_25_75,360,360,420,360,-60,0,10.248,10.840,21.088,0.4240,0.0000,0.5760,0.4590
blended_25_75,360,360,420,420,-60,-60,9.749,10.713,20.463,0.3775,0.0000,0.6225,0.4575
blended_25_75,360,420,180,180,180,240,11.938,7.631,19.569,0.9330,0.0000,0.0670,0.7555
blended_25_75,360,420,180,240,180,180,11.371,7.766,19.137,0.8930,0.0000,0.1070,0.6800
blended_25_75,360,420,180,300,180,120,10.618,7.816,18.434,0.8235,0.0000,0.1765,0.5840
blended_25_75,360,420,180,360,180,60,10.304,7.824,18.128,0.7925,0.0000,0.2075,0.5390
blended_25_75,360,420,180,420,180,0,9.560,7.878,17.439,0.7150,0.0000,0.2850,0.5010
blended_25_75,360,420,240,180,120,240,11.947,8.321,20.268,0.8900,0.0000,0.1100,0.6690
blended_25_75,360,420,240,240,120,180,11.418,8.406,19.824,0.8545,0.0000,0.1455,0.6010
blended_25_75,360,420,240,300,120,120,10.653,8.444,19.098,0.7670,0.0000,0.2330,0.5340
blended_25_75,360,420,240,360,120,60,10.321,8.383,18.703,0.7385,0.0000,0.2615,0.5095
blended_25_75,360,420,240,420,120,0,9.684,8.459,18.142,0.6570,0.0000,0.3430,0.4770
blended_25_75,360,420,300,180,60,240,12.044,9.017,21.061,0.8440,0.0000,0.1560,0.6280
blended_25_75,360,420,300,240,60,180,11.397,8.963,20.361,0.7890,0.0000,0.2110,0.5490
blended_25_75,360,420,300,300,60,120,10.648,9.005,19.653,0.7225,0.0000,0.2775,0.4885
blended_25_75,360,420,300,360,60,60,10.255,9.046,19.302,0.6525,0.0000,0.3475,0.4680
blended_25_75,360,420,300,420,60,0,9.780,9.106,18.886,0.5895,0.0000,0.4105,0.4425
blended_25_75,360,420,360,180,0,240,11.968,9.634,21.602,0.7715,0.0000,0.2285,0.5630
blended_25_75,360,420,360,240,0,180,11.499,9.700,21.199,0.7220,0.0000,0.2780,0.4950
blended_25_75,360,420,360,300,0,120,10.678,9.653,20.331,0.6315,0.0000,0.3685,0.4955
blended_25_75,360,420,360,360,0,60,10.400,9.672,20.073,0.6000,0.0000,0.4000,0.4615
blended_25_75,360,420,360,420,0,0,9.675,9.757,19.432,0.4910,0.0000,0.5090,0.4550
blended_25_75,360,420,420,180,-60,240,12.043,10.178,22.222,0.7260,0.0000,0.2740,0.5280
blended_25_75,360,420,420,240,-60,180,11.610,10.299,21.909,0.6665,0.0000,0.3335,0.4720
blended_25_75,360,420,420,300,-60,120,10.794,10.312,21.106,0.5595,0.0000,0.4405,0.4560
blended_25_75,360,420,420,360,-60,60,10.290,10.217,20.507,0.5010,0.0000,0.4990,0.4225
blended_25_75,360,420,420,420,-60,0,9.762,10.302,20.064,0.4275,0.0000,0.5725,0.4445
blended_25_75,420,180,180,180,240,0,12.488,10.269,22.757,0.7670,0.0000,0.2330,0.5320
blended_25_75,420,180,180,240,240,-60,12.030,10.327,22.358,0.7085,0.0000,0.2915,0.4885
blended_25_75,420,180,180,300,240,-120,11.374,10.310,21.684,0.6425,0.0000,0.3575,0.4610
blended_25_75,420,180,180,360,240,-180,10.729,10.268,20.997,0.5620,0.0000,0.4380,0.4620
blended_25_75,420,180,180,420,240,-240,10.397,10.399,20.797,0.4980,0.0000,0.5020,0.4615
blended_25_75,420,180,240,180,180,0,12.590,11.130,23.720,0.6800,0.0000,0.3200,0.4780
blended_25_75,420,180,240,240,180,-60,11.966,11.136,23.102,0.6180,0.0000,0.3820,0.4625
blended_25_75,420,180,240,300,180,-120,11.425,11.200,22.626,0.5340,0.0000,0.4660,0.4445
blended_25_75,420,180,240,360,180,-180,10.785,11.114,21.898,0.4675,0.0000,0.5325,0.4485
blended_25_75,420,180,240,420,180,-240,10.218,11.053,21.271,0.4010,0.0000,0.5990,0.4640
blended_25_75,420,180,300,180,120,0,12.630,11.825,24.455,0.6145,0.0000,0.3855,0.4485
blended_25_75,420,180,300,240,120,-60,11.880,11.810,23.691,0.5110,0.0000,0.4890,0.4490
blended_25_75,420,180,300,300,120,-120,11.302,11.763,23.065,0.4420,0.0000,0.5580,0.4420
blended_25_75,420,180,300,360,120,-180,10.710,11.719,22.428,0.3635,0.0000,0.6365,0.4690
blended_25_75,420,180,300,420,120,-240,10.344,11.697,22.041,0.3280,0.0000,0.6720,0.4840
blended_25_75,420,180,360,180,60,0,12.593,12.186,24.779,0.5465,0.0000,0.4535,0.4460
blended_25_75,420,180,360,240,60,-60,11.995,12.339,24.334,0.4445,0.0000,0.5555,0.4260
blended_25_75,420,180,360,300,60,-120,11.284,12.161,23.445,0.3880,0.0000,0.6120,0.4240
blended_25_75,420,180,360,360,60,-180,10.726,12.133,22.859,0.3200,0.0000,0.6800,0.4855
blended_25_75,420,180,360,420,60,-240,10.207,12.179,22.386,0.2660,0.0000,0.7340,0.5395
blended_25_75,420,180,420,180,0,0,12.584,12.665,25.248,0.4950,0.0000,0.5050,0.4135
blended_25_75,420,180,420,240,0,-60,11.980,12.623,24.602,0.4175,0.0000,0.5825,0.4530
blended_25_75,420,180,420,300,0,-120,11.298,12.599,23.897,0.3480,0.0000,0.6520,0.4850
blended_25_75,420,180,420,360,0,-180,10.712,12.559,23.271,0.2820,0.0000,0.7180,0.5115
blended_25_75,420,180,420,420,0,-240,10.296,12.416,22.712,0.2490,0.0000,0.7510,0.5475
blended_25_75,420,240,180,180,240,60,12.588,9.334,21.922,0.8525,0.0000,0.1475,0.6300
blended_25_75,420,240,180,240,240,0,11.896,9.216,21.113,0.8085,0.0000,0.1915,0.5710
blended_25_75,420,240,180,300,240,-60,11.238,9.227,20.465,0.7390,0.0000,0.2610,0.5145
blended_25_75,420,240,180,360,240,-120,10.748,9.198,19.947,0.6855,0.0000,0.3145,0.4860
blended_25_75,420,240,180,420,240,-180,10.354,9.254,19.608,0.6390,0.0000,0.3610,0.4735
blended_25_75,420,240,240,180,180,60,12.444,10.145,22.590,0.7785,0.0000,0.2215,0.5390
blended_25_75,420,240,240,240,180,0,11.906,10.348,22.255,0.6945,0.0000,0.3055,0.4975
blended_25_75,420,240,240,300,180,-60,11.362,10.268,21.630,0.6370,0.0000,0.3630,0.4690
blended_25_75,420,240,240,360,180,-120,10.585,10.350,20.934,0.5330,0.0000,0.4670,0.4550
blended_25_75,420,240,240,420,180,-180,10.333,10.351,20.684,0.4925,0.0000,0.5075,0.4480
blended_25_75,420,240,300,180,120,60,12.616,10.883,23.499,0.7275,0.0000,0.2725,0.4875
blended_25_75,420,240,300,240,120,0,12.078,11.075,23.152,0.6230,0.0000,0.3770,0.4550
blended_25_75,420,240,300,300,120,-60,11.319,10.948,22.267,0.5485,0.0000,0.4515,0.4435
blended_25_75,420,240,300,360,120,-120,10.886,11.039,21.925,0.4755,0.0000,0.5245,0.4365
blended_25_75,420,240,300,420,120,-180,10.297,10.925,21.223,0.4245,0.0000,0.5755,0.4640
blended_25_75,420,240,360,180,60,60,12.504,11.435,23.939,0.6385,0.0000,0.3615,0.4510
blended_25_75,420,240,360,240,60,0,11.972,11.629,23.601,0.5475,0.0000,0.4525,0.4350
blended_25_75,420,240,360,300,60,-60,11.270,11.519,22.789,0.4585,0.0000,0.5415,0.4465
blended_25_75,420,240,360,360,60,-120,10.787,11.602,22.389,0.3740,0.0000,0.6260,0.4460
blended_25_75,420,240,360,420,60,-180,10.251,11.552,21.803,0.3400,0.0000,0.6600,0.4815
blended_25_75,420,240,420,180,0,60,12.540,12.036,24.576,0.5645,0.0000,0.4355,0.4560
blended_25_75,420,240,420,240,0,0,11.951,11.973,23.924,0.5045,0.0000,0.4955,0.4400
blended_25_75,420,240,420,300,0,-60,11.408,11.959,23.367,0.4280,0.0000,0.5720,0.4295
blended_25_75,420,240,420,360,0,-120,10.838,11.986,22.824,0.3570,0.0000,0.6430,0.4650
blended_25_75,420,240,420,420,0,-180,10.327,12.002,22.329,0.2905,0.0000,0.7095,0.4925
blended_25_75,420,300,180,180,240,120,12.369,8.521,20.889,0.9035,0.0000,0.0965,0.6915
blended_25_75,420,300,180,240,240,60,11.796,8.500,20.297,0.8685,0.0000,0.1315,0.6335
blended_25_75,420,300,180,300,240,0,11.232,8.618,19.850,0.7930,0.0000,0.2070,0.5710
blended_25_75,420,300,180,360,240,-60,10.706,8.612,19.318,0.7550,0.0000,0.2450,0.5340
blended_25_75,420,300,180,420,240,-120,10.298,8.640,18.938,0.6975,0.0000,0.3025,0.5050
blended_25_75,420,300,240,180,180,120,12.474,9.370,21.843,0.8675,0.0000,0.1325,0.6105
blended_25_75,420,300,240,240,180,60,11.896,9.349,21.245,0.7885,0.0000,0.2115,0.5780
blended_25_75,420,300,240,300,180,0,11.287,9.535,20.822,0.7185,0.0000,0.2815,0.5170
blended_25_75,420,300,240,360,180,-60,10.677,9.508,20.184,0.6480,0.0000,0.3520,0.4555
blended_25_75,420,300,240,420,180,-120,10.287,9.569,19.857,0.5885,0.0000,0.4115,0.4575
blended_25_75,420,300,300,180,120,120,12.519,10.312,22.831,0.7615,0.0000,0.2385,0.5515
blended_25_75,420,300,300,240,120,60,11.982,10.316,22.298,0.7095,0.0000,0.2905,0.5125
blended_25_75,420,300,300,300,120,0,11.363,10.275,21.639,0.6430,0.0000,0.3570,0.4835
blended_25_75,420,300,300,360,120,-60,10.791,10.381,21.172,0.5680,0.0000,0.4320,0.4550
blended_25_75,420,300,300,420,120,-120,10.267,10.299,20.565,0.4825,0.0000,0.5175,0.4190
blended_25_75,420,300,360,180,60,120,12.528,10.733,23.261,0.7275,0.0000,0.2725,0.5080
blended_25_75,420,300,360,240,60,60,11.981,10.674,22.654,0.6665,0.0000,0.3335,0.4665
blended_25_75,420,300,360,300,60,0,11.416,10.662,22.078,0.5875,0.0000,0.4125,0.4500
blended_25_75,420,300,360,360,60,-60,10.695,10.812,21.507,0.4855,0.0000,0.5145,0.4520
blended_25_75,420,300,360,420,60,-120,10.332,10.790,21.121,0.4310,0.0000,0.5690,0.4405
blended_25_75,420,300,420,180,0,120,12.454,11.315,23.770,0.6485,0.0000,0.3515,0.4785
blended_25_75,420,300,420,240,0,60,11.998,11.332,23.331,0.5845,0.0000,0.4155,0.4505
blended_25_75,420,300,420,300,0,0,11.353,11.261,22.614,0.5070,0.0000,0.4930,0.4475
blended_25_75,420,300,420,360,0,-60,10.578,11.296,21.874,0.4115,0.0000,0.5885,0.4460
blended_25_75,420,300,420,420,0,-120,10.254,11.368,21.622,0.3590,0.0000,0.6410,0.4760
blended_25_75,420,360,180,180,240,180,12.366,7.926,20.292,0.9310,0.0000,0.0690,0.7555
blended_25_75,420,360,180,240,240,120,11.767,7.915,19.682,0.9020,0.0000,0.0980,0.6855
blended_25_75,420,360,180,300,240,60,11.210,7.943,19.154,0.8635,0.0000,0.1365,0.6215
blended_25_75,420,360,180,360,240,0,10.655,8.059,18.713,0.8065,0.0000,0.1935,0.5835
blended_25_75,420,360,180,420,240,-60,10.334,7.941,18.275,0.7875,0.0000,0.2125,0.5605
blended_25_75,420,360,240,180,180,180,12.366,8.750,21.116,0.8825,0.0000,0.1175,0.6670
blended_25_75,420,360,240,240,180,120,11.907,8.839,20.746,0.8405,0.0000,0.1595,0.6155
blended_25_75,420,360,240,300,180,60,11.329,8.848,20.177,0.8050,0.0000,0.1950,0.5710
blended_25_75,420,360,240,360,180,0,10.738,8.801,19.539,0.7390,0.0000,0.2610,0.5090
blended_25_75,420,360,240,420,180,-60,10.259,8.810,19.069,0.6750,0.0000,0.3250,0.4835
blended_25_75,420,360,300,180,120,180,12.463,9.293,21.756,0.8530,0.0000,0.1470,0.6290
blended_25_75,420,360,300,240,120,120,11.861,9.477,21.337,0.7840,0.0000,0.2160,0.5510
blended_25_75,420,360,300,300,120,60,11.255,9.550,20.804,0.7105,0.0000,0.2895,0.5120
blended_25_75,420,360,300,360,120,0,10.778,9.519,20.297,0.6520,0.0000,0.3480,0.4735
blended_25_75,420,360,300,420,120,-60,10.368,9.499,19.867,0.6210,0.0000,0.3790,0.4475
blended_25_75,420,360,360,180,60,180,12.580,10.332,22.912,0.7745,0.0000,0.2255,0.5565
blended_25_75,420,360,360,240,60,120,11.812,10.352,22.164,0.6830,0.0000,0.3170,0.4825
blended_25_75,420,360,360,300,60,60,11.303,10.302,21.605,0.6330,0.0000,0.3670,0.4490
blended_25_75,420,360,360,360,60,0,10.761,10.364,21.126,0.5380,0.0000,0.4620,0.4310
blended_25_75,420,360,360,420,60,-60,10.335,10.366,20.700,0.4995,0.0000,0.5005,0.4460
blended_25_75,420,360,420,180,0,180,12.608,10.659,23.268,0.7380,0.0000,0.2620,0.5270
blended_25_75,420,360,420,240,0,120,11.998,10.727,22.726,0.6660,0.0000,0.3340,0.4715
blended_25_75,420,360,420,300,0,60,11.351,10.636,21.986,0.5865,0.0000,0.4135,0.4650
blended_25_75,420,360,420,360,0,0,10.715,10.698,21.413,0.5005,0.0000,0.4995,0.4430
blended_25_75,420,360,420,420,0,-60,10.320,10.738,21.058,0.4395,0.0000,0.5605,0.4600
blended_25_75,420,420,180,180,240,240,12.389,7.658,20.047,0.9430,0.0000,0.0570,0.7770
blended_25_75,420,420,180,240,240,180,11.746,7.723,19.468,0.9140,0.0000,0.0860,0.7110
blended_25_75,420,420,180,300,240,120,11.264,7.785,19.050,0.8750,0.0000,0.1250,0.6700
blended_25_75,420,420,180,360,240,60,10.707,7.781,18.488,0.8370,0.0000,0.1630,0.6000
blended_25_75,420,420,180,420,240,0,10.274,7.813,18.086,0.8005,0.0000,0.1995,0.5555
blended_25_75,420,420,240,180,180,240,12.426,8.393,20.819,0.9150,0.0000,0.0850,0.7145
blended_25_75,420,420,240,240,180,180,11.787,8.368,20.156,0.8725,0.0000,0.1275,0.6525
blended_25_75,420,420,240,300,180,120,11.329,8.473,19.802,0.8310,0.0000,0.1690,0.6005
blended_25_75,420,420,240,360,180,60,10.620,8.314,18.934,0.7750,0.0000,0.2250,0.5580
blended_25_75,420,420,240,420,180,0,10.264,8.397,18.662,0.7280,0.0000,0.2720,0.5095
blended_25_75,420,420,300,180,120,240,12.503,9.039,21.541,0.8715,0.0000,0.1285,0.6465
blended_25_75,420,420,300,240,120,180,11.767,8.960,20.727,0.8240,0.0000,0.1760,0.5955
blended_25_75,420,420,300,300,120,120,11.278,8.931,20.210,0.7755,0.0000,0.2245,0.5540
blended_25_75,420,420,300,360,120,60,10.777,9.103,19.880,0.7080,0.0000,0.2920,0.4970
blended_25_75,420,420,300,420,120,0,10.307,9.071,19.378,0.6590,0.0000,0.3410,0.4615
blended_25_75,420,420,360,180,60,240,12.489,9.640,22.130,0.8255,0.0000,0.1745,0.5985
blended_25_75,420,420,360,240,60,180,11.954,9.636,21.591,0.7745,0.0000,0.2255,0.5400
blended_25_75,420,420,360,300,60,120,11.348,9.640,20.988,0.7160,0.0000,0.2840,0.5055
blended_25_75,420,420,360,360,60,60,10.689,9.794,20.483,0.6220,0.0000,0.3780,0.4530
blended_25_75,420,420,360,420,60,0,10.389,9.682,20.071,0.5850,0.0000,0.4150,0.4665
blended_25_75,420,420,420,180,0,240,12.550,10.306,22.855,0.7675,0.0000,0.2325,0.5365
blended_25_75,420,420,420,240,0,180,11.985,10.203,22.188,0.7400,0.0000,0.2600,0.4850
blended_25_75,420,420,420,300,0,120,11.415,10.331,21.746,0.6510,0.0000,0.3490,0.4570
blended_25_75,420,420,420,360,0,60,10.746,10.392,21.138,0.5455,0.0000,0.4545,0.4350
blended_25_75,420,420,420,420,0,0,10.223,10.363,20.585,0.4870,0.0000,0.5130,0.4355
blended_04_34,180,180,180,180,0,0,3.972,4.061,8.033,0.4860,0.0000,0.5140,0.3125
blended_04_34,180,180,180,240,0,-60,3.361,3.992,7.354,0.3995,0.0000,0.6005,0.3105
blended_04_34,180,180,180,300,0,-120,2.906,4.008,6.915,0.3120,0.0000,0.6880,0.3365
blended_04_34,180,180,180,360,0,-180,2.469,3.945,6.413,0.2450,0.0000,0.7550,0.3595
blended_04_34,180,180,180,420,0,-240,2.313,3.982,6.295,0.2050,0.0000,0.7950,0.3690
blended_04_34,180,180,240,180,-60,0,3.912,4.388,8.300,0.4220,0.0000,0.5780,0.3245
blended_04_34,180,180,240,240,-60,-60,3.333,4.396,7.729,0.3235,0.0000,0.6765,0.3470
blended_04_34,180,180,240,300,-60,-120,2.917,4.362,7.278,0.2685,0.0000,0.7315,0.3650
blended_04_34,180,180,240,360,-60,-180,2.510,4.362,6.872,0.2000,0.0000,0.8000,0.4035
blended_04_34,180,180,240,420,-60,-240,2.229,4.380,6.609,0.1635,0.0000,0.8365,0.4630
blended_04_34,180,180,300,180,-120,0,3.910,4.834,8.744,0.3480,0.0000,0.6520,0.3455
blended_04_34,180,180,300,240,-120,-60,3.334,4.841,8.175,0.2610,0.0000,0.7390,0.4075
blended_04_34,180,180,300,300,-120,-120,2.974,4.818,7.792,0.2160,0.0000,0.7840,0.4255
blended_04_34,180,180,300,360,-120,-180,2.462,4.663,7.126,0.1690,0.0000,0.8310,0.4695
blended_04_34,180,180,300,420,-120,-240,2.253,4.804,7.058,0.1265,0.0000,0.8735,0.5085
blended_04_34,180,180,360,180,-180,0,3.913,5.005,8.918,0.3295,0.0000,0.6705,0.3750
blended_04_34,180,180,360,240,-180,-60,3.346,4.970,8.316,0.2620,0.0000,0.7380,0.4270
blended_04_34,180,180,360,300,-180,-120,2.882,4.861,7.742,0.1880,0.0000,0.8120,0.4335
blended_04_34,180,180,360,360,-180,-180,2.510,4.956,7.466,0.1375,0.0000,0.8625,0.5030
blended_04_34,180,180,360,420,-180,-240,2.287,4.917,7.203,0.1225,0.0000,0.8775,0.5250
blended_04_34,180,180,420,180,-240,0,3.913,5.173,9.086,0.3030,0.0000,0.6970,0.3930
blended_04_34,180,180,420,240,-240,-60,3.295,5.223,8.518,0.2155,0.0000,0.7845,0.4365
blended_04_34,180,180,420,300,-240,-120,2.820,5.048,7.868,0.1735,0.0000,0.8265,0.4795
blended_04_34,180,180,420,360,-240,-180,2.492,5.178,7.670,0.1205,0.0000,0.8795,0.5250
blended_04_34,180,180,420,420,-240,-240,2.296,5.158,7.454,0.0925,0.0000,0.9075,0.5630
blended_04_34,180,240,180,180,0,60,4.023,3.342,7.365,0.6200,0.0000,0.3800,0.3190
blended_04_34,180,240,180,240,0,0,3.392,3.380,6.771,0.5010,0.0000,0.4990,0.2500
blended_04_34,180,240,180,300,0,-60,2.933,3.361,6.294,0.4290,0.0000,0.5710,0.2635
blended_04_34,180,240,180,360,0,-120,2.517,3.352,5.869,0.3415,0.0000,0.6585,0.2890
blended_04_34,180,240,180,420,0,-180,2.353,3.348,5.700,0.3090,0.0000,0.6910,0.2700
blended_04_34,180,240,240,180,-60,60,3.947,3.969,7.916,0.4970,0.0000,0.5030,0.3140
blended_04_34,180,240,240,240,-60,0,3.360,4.040,7.399,0.3800,0.0000,0.6200,0.3065
blended_04_34,180,240,240,300,-60,-60,2.949,4.045,6.993,0.3075,0.0000,0.6925,0.3260
blended_04_34,180,240,240,360,-60,-120,2.529,4.034,6.563,0.2490,0.0000,0.7510,0.3695
blended_04_34,180,240,240,420,-60,-180,2.279,3.967,6.245,0.2275,0.0000,0.7725,0.3945
blended_04_34,180,240,300,180,-120,60,3.965,4.233,8.197,0.4570,0.0000,0.5430,0.3245
blended_04_34,180,240,300,240,-120,0,3.326,4.218,7.543,0.3565,0.0000,0.6435,0.3290
blended_04_34,180,240,300,300,-120,-60,2.912,4.188,7.100,0.2790,0.0000,0.7210,0.3400
blended_04_34,180,240,300,360,-120,-120,2.430,4.128,6.558,0.2140,0.0000,0.7860,0.3880
blended_04_34,180,240,300,420,-120,-180,2.326,4.191,6.518,0.1780,0.0000,0.8220,0.3970
blended_04_34,180,240,360,180,-180,60,3.924,4.567,8.491,0.3975,0.0000,0.6025,0.3435
blended_04_34,180,240,360,240,-180,0,3.263,4.494,7.756,0.3095,0.0000,0.6905,0.3665
blended_04_34,180,240,360,300,-180,-60,2.862,4.545,7.407,0.2170,0.0000,0.7830,0.3930
blended_04_34,180,240,360,360,-180,-120,2.474,4.604,7.079,0.1715,0.0000,0.8285,0.4660
blended_04_34,180,240,360,420,-180,-180,2.307,4.494,6.800,0.1755,0.0000,0.8245,0.4550
blended_04_34,180,240,420,180,-240,60,3.998,4.818,8.816,0.3695,0.0000,0.6305,0.3515
blended_04_34,180,240,420,240,-240,0,3.304,4.771,8.075,0.2715,0.0000,0.7285,0.4150
blended_04_34,180,240,420,300,-240,-60,2.861,4.798,7.659,0.2125,0.0000,0.7875,0.4550
blended_04_34,180,240,420,360,-240,-120,2.474,4.826,7.300,0.1405,0.0000,0.8595,0.4735
blended_04_34,180,240,420,420,-240,-180,2.263,4.752,7.014,0.1325,0.0000,0.8675,0.5180
blended_04_34,180,300,180,180,0,120,3.967,2.953,6.920,0.6730,0.0000,0.3270,0.3190
blended_04_34,180,300,180,240,0,60,3.407,2.952,6.359,0.5785,0.0000,0.4215,0.2850
blended_04_34,180,300,180,300,0,0,2.925,2.959,5.885,0.4975,0.0000,0.5025,0.2495
blended_04_34,180,300,180,360,0,-60,2.556,2.973,5.529,0.4235,0.0000,0.5765,0.2495
blended_04_34,180,300,180,420,0,-120,2.325,2.961,5.286,0.3815,0.0000,0.6185,0.2510
blended_04_34,180,300,240,180,-60,120,3.949,3.334,7.283,0.5980,0.0000,0.4020,0.3285
blended_04_34,180,300,240,240,-60,60,3.382,3.381,6.763,0.5015,0.0000,0.4985,0.2835
blended_04_34,180,300,240,300,-60,0,2.902,3.413,6.315,0.4070,0.0000,0.5930,0.2645
blended_04_34,180,300,240,360,-60,-60,2.522,3.345,5.867,0.3430,0.0000,0.6570,0.2810
blended_04_34,180,300,240,420,-60,-120,2.289,3.401,5.690,0.2935,0.0000,0.7065,0.3015
blended_04_34,180,300,300,180,-120,120,3.931,3.939,7.870,0.4990,0.0000,0.5010,0.3130
blended_04_34,180,300,300,240,-120,60,3.386,3.977,7.363,0.4070,0.0000,0.5930,0.3070
blended_04_34,180,300,300,300,-120,0,2.925,3.967,6.892,0.3175,0.0000,0.6825,0.3330
blended_04_34,180,300,300,360,-120,-60,2.493,3.938,6.431,0.2620,0.0000,0.7380,0.3480
blended_04_34,180,300,300,420,-120,-120,2.280,4.004,6.284,0.2090,0.0000,0.7910,0.3885
blended_04_34,180,300,360,180,-180,120,3.992,4.210,8.202,0.4580,0.0000,0.5420,0.3200
blended_04_34,180,300,360,240,-180,60,3.381,4.197,7.577,0.3550,0.0000,0.6450,0.3325
blended_04_34,180,300,360,300,-180,0,2.869,4.146,7.016,0.2900,0.0000,0.7100,0.3555
blended_04_34,180,300,360,360,-180,-60,2.455,4.174,6.629,0.2290,0.0000,0.7710,0.3845
blended_04_34,180,300,360,420,-180,-120,2.283,4.211,6.494,0.1905,0.0000,0.8095,0.4210
blended_04_34,180,300,420,180,-240,120,4.032,4.615,8.646,0.4145,0.0000,0.5855,0.3350
blended_04_34,180,300,420,240,-240,60,3.263,4.536,7.799,0.2895,0.0000,0.7105,0.3670
blended_04_34,180,300,420,300,-240,0,2.888,4.567,7.455,0.2365,0.0000,0.7635,0.4125
blended_04_34,180,300,420,360,-240,-60,2.469,4.633,7.102,0.1775,0.0000,0.8225,0.4670
blended_04_34,180,300,420,420,-240,-120,2.268,4.507,6.775,0.1545,0.0000,0.8455,0.4555
blended_04_34,180,360,180,180,0,180,4.006,2.486,6.492,0.7650,0.0000,0.2350,0.3535
blended_04_34,180,360,180,240,0,120,3.380,2.561,5.941,0.6510,0.0000,0.3490,0.2875
blended_04_34,180,360,180,300,0,60,2.978,2.533,5.511,0.5925,0.0000,0.4075,0.2305
blended_04_34,180,360,180,360,0,0,2.597,2.505,5.102,0.5145,0.0000,0.4855,0.2180
blended_04_34,180,360,180,420,0,-60,2.330,2.482,4.812,0.4755,0.0000,0.5245,0.2065
blended_04_34,180,360,240,180,-60,180,4.035,3.066,7.101,0.6685,0.0000,0.3315,0.3255
blended_04_34,180,360,240,240,-60,120,3.419,3.126,6.545,0.5560,0.0000,0.4440,0.2745
blended_04_34,180,360,240,300,-60,60,2.926,3.111,6.037,0.4620,0.0000,0.5380,0.2565
blended_04_34,180,360,240,360,-60,0,2.526,3.169,5.696,0.3750,0.0000,0.6250,0.2690
blended_04_34,180,360,240,420,-60,-60,2.291,3.151,5.441,0.3385,0.0000,0.6615,0.2785
blended_04_34,180,360,300,180,-120,180,4.019,3.310,7.329,0.6260,0.0000,0.3740,0.3155
blended_04_34,180,360,300,240,-120,120,3.402,3.470,6.872,0.4900,0.0000,0.5100,0.2810
blended_04_34,180,360,300,300,-120,60,2.943,3.337,6.281,0.4250,0.0000,0.5750,0.2800
blended_04_34,180,360,300,360,-120,0,2.515,3.369,5.885,0.3515,0.0000,0.6485,0.2950
blended_04_34,180,360,300,420,-120,-60,2.372,3.437,5.809,0.2960,0.0000,0.7040,0.2795
blended_04_34,180,360,360,180,-180,180,3.955,3.951,7.907,0.4975,0.0000,0.5025,0.3165
blended_04_34,180,360,360,240,-180,120,3.351,3.938,7.289,0.3905,0.0000,0.6095,0.3100
blended_04_34,180,360,360,300,-180,60,2.902,4.053,6.955,0.3125,0.0000,0.6875,0.3260
blended_04_34,180,360,360,360,-180,0,2.510,4.009,6.519,0.2445,0.0000,0.7555,0.3665
blended_04_34,180,360,360,420,-180,-60,2.267,4.044,6.310,0.2065,0.0000,0.7935,0.3840
blended_04_34,180,360,420,180,-240,180,3.986,4.191,8.178,0.4595,0.0000,0.5405,0.3105
blended_04_34,180,360,420,240,-240,120,3.329,4.255,7.584,0.3345,0.0000,0.6655,0.3470
blended_04_34,180,360,420,300,-240,60,3.004,4.191,7.194,0.3035,0.0000,0.6965,0.3460
blended_04_34,180,360,420,360,-240,0,2.513,4.142,6.655,0.2255,0.0000,0.7745,0.3745
blended_04_34,180,360,420,420,-240,-60,2.296,4.164,6.460,0.1905,0.0000,0.8095,0.3990
blended_04_34,180,420,180,180,0,240,3.970,2.335,6.306,0.7825,0.0000,0.2175,0.3745
blended_04_34,180,420,180,240,0,180,3.386,2.366,5.752,0.6845,0.0000,0.3155,0.3055
blended_04_34,180,420,180,300,0,120,2.975,2.332,5.307,0.6175,0.0000,0.3825,0.2510
blended_04_34,180,420,180,360,0,60,2.597,2.353,4.950,0.5570,0.0000,0.4430,0.2175
blended_04_34,180,420,180,420,0,0,2.357,2.394,4.752,0.4815,0.0000,0.5185,0.2040
blended_04_34,180,420,240,180,-60,240,3.976,2.720,6.696,0.7120,0.0000,0.2880,0.3385
blended_04_34,180,420,240,240,-60,180,3.392,2.781,6.173,0.6110,0.0000,0.3890,0.2675
blended_04_34,180,420,240,300,-60,120,2.981,2.747,5.728,0.5410,0.0000,0.4590,0.2435
blended_04_34,180,420,240,360,-60,60,2.481,2.699,5.180,0.4595,0.0000,0.5405,0.2305
blended_04_34,180,420,240,420,-60,0,2.292,2.786,5.078,0.3885,0.0000,0.6115,0.2285
blended_04_34,180,420,300,180,-120,240,3.912,3.097,7.008,0.6445,0.0000,0.3555,0.3260
blended_04_34,180,420,300,240,-120,180,3.339,3.186,6.525,0.5235,0.0000,0.4765,0.2720
blended_04_34,180,420,300,300,-120,120,2.821,3.168,5.989,0.4425,0.0000,0.5575,0.2575
blended_04_34,180,420,300,360,-120,60,2.489,3.152,5.641,0.3835,0.0000,0.6165,0.2740
blended_04_34,180,420,300,420,-120,0,2.285,3.167,5.452,0.3315,0.0000,0.6685,0.2800
blended_04_34,180,420,360,180,-180,240,3.933,3.486,7.418,0.5750,0.0000,0.4250,0.3125
blended_04_34,180,420,360,240,-180,180,3.402,3.563,6.966,0.4810,0.0000,0.5190,0.2775
blended_04_34,180,420,360,300,-180,120,2.991,3.584,6.575,0.3970,0.0000,0.6030,0.2905
blended_04_34,180,420,360,360,-180,60,2.518,3.589,6.107,0.3070,0.0000,0.6930,0.3300
blended_04_34,180,420,360,420,-180,0,2.350,3.558,5.909,0.2845,0.0000,0.7155,0.3150
blended_04_34,180,420,420,180,-240,240,3.999,3.936,7.934,0.5095,0.0000,0.4905,0.3125
blended_04_34,180,420,420,240,-240,180,3.370,3.946,7.316,0.4005,0.0000,0.5995,0.3140
blended_04_34,180,420,420,300,-240,120,2.885,3.946,6.831,0.3165,0.0000,0.6835,0.3305
blended_04_34,180,420,420,360,-240,60,2.527,3.913,6.440,0.2555,0.0000,0.7445,0.3420
blended_04_34,180,420,420,420,-240,0,2.297,3.984,6.281,0.2205,0.0000,0.7795,0.3815
blended_04_34,240,180,180,180,60,0,4.302,3.983,8.285,0.5430,0.0000,0.4570,0.3170
blended_04_34,240,180,180,240,60,-60,3.946,3.973,7.918,0.4965,0.0000,0.5035,0.3250
blended_04_34,240,180,180,300,60,-120,3.279,3.986,7.264,0.3810,0.0000,0.6190,0.3175
blended_04_34,240,180,180,360,60,-180,3.157,3.970,7.127,0.3535,0.0000,0.6465,0.3205
blended_04_34,240,180,180,420,60,-240,2.740,3.912,6.652,0.3025,0.0000,0.6975,0.3405
blended_04_34,240,180,240,180,0,0,4.338,4.422,8.761,0.4760,0.0000,0.5240,0.3215
blended_04_34,240,180,240,240,0,-60,3.929,4.416,8.345,0.4170,0.0000,0.5830,0.3410
blended_04_34,240,180,240,300,0,-120,3.401,4.380,7.780,0.3425,0.0000,0.6575,0.3370
blended_04_34,240,180,240,360,0,-180,3.166,4.345,7.511,0.3100,0.0000,0.6900,0.3575
blended_04_34,240,180,240,420,0,-240,2.735,4.423,7.159,0.2250,0.0000,0.7750,0.3795
blended_04_34,240,180,300,180,-60,0,4.356,4.726,9.082,0.4400,0.0000,0.5600,0.3285
blended_04_34,240,180,300,240,-60,-60,3.917,4.771,8.688,0.3635,0.0000,0.6365,0.3705
blended_04_34,240,180,300,300,-60,-120,3.318,4.814,8.132,0.2625,0.0000,0.7375,0.3785
blended_04_34,240,180,300,360,-60,-180,3.139,4.728,7.867,0.2520,0.0000,0.7480,0.4150
blended_04_34,240,180,300,420,-60,-240,2.687,4.787,7.473,0.1850,0.0000,0.8150,0.4695
blended_04_34,240,180,360,180,-120,0,4.232,5.030,9.262,0.3675,0.0000,0.6325,0.3780
blended_04_34,240,180,360,240,-120,-60,3.959,5.118,9.078,0.3410,0.0000,0.6590,0.3955
blended_04_34,240,180,360,300,-120,-120,3.313,5.011,8.324,0.2315,0.0000,0.7685,0.4130
blended_04_34,240,180,360,360,-120,-180,3.143,4.941,8.084,0.2180,0.0000,0.7820,0.4210
blended_04_34,240,180,360,420,-120,-240,2.676,4.894,7.571,0.1620,0.0000,0.8380,0.4705
blended_04_34,240,180,420,180,-180,0,4.339,5.174,9.513,0.3695,0.0000,0.6305,0.3470
blended_04_34,240,180,420,240,-180,-60,4.002,5.245,9.247,0.3040,0.0000,0.6960,0.3905
blended_04_34,240,180,420,300,-180,-120,3.280,5.139,8.419,0.2265,0.0000,0.7735,0.4360
blended_04_34,240,180,420,360,-180,-180,3.063,5.118,8.181,0.1925,0.0000,0.8075,0.4640
blended_04_34,240,180,420,420,-180,-240,2.688,5.135,7.822,0.1430,0.0000,0.8570,0.5185
blended_04_34,240,240,180,180,60,60,4.348,3.395,7.743,0.6530,0.0000,0.3470,0.3340
blended_04_34,240,240,180,240,60,0,3.937,3.368,7.304,0.5830,0.0000,0.4170,0.3055
blended_04_34,240,240,180,300,60,-60,3.377,3.355,6.732,0.5045,0.0000,0.4955,0.2800
blended_04_34,240,240,180,360,60,-120,3.203,3.337,6.540,0.4665,0.0000,0.5335,0.2575
blended_04_34,240,240,180,420,60,-180,2.756,3.343,6.099,0.3795,0.0000,0.6205,0.2710
blended_04_34,240,240,240,180,0,60,4.385,3.946,8.331,0.5685,0.0000,0.4315,0.3245
blended_04_34,240,240,240,240,0,0,3.967,4.006,7.973,0.4990,0.0000,0.5010,0.3215
blended_04_34,240,240,240,300,0,-60,3.366,3.977,7.343,0.3975,0.0000,0.6025,0.3045
blended_04_34,240,240,240,360,0,-120,3.103,4.004,7.107,0.3365,0.0000,0.6635,0.3175
blended_04_34,240,240,240,420,0,-180,2.763,3.990,6.753,0.2875,0.0000,0.7125,0.3305
blended_04_34,240,240,300,180,-60,60,4.411,4.181,8.591,0.5360,0.0000,0.4640,0.3235
blended_04_34,240,240,300,240,-60,0,3.946,4.159,8.104,0.4690,0.0000,0.5310,0.3090
blended_04_34,240,240,300,300,-60,-60,3.330,4.162,7.493,0.3670,0.0000,0.6330,0.3465
blended_04_34,240,240,300,360,-60,-120,3.147,4.205,7.351,0.3230,0.0000,0.6770,0.3605
blended_04_34,240,240,300,420,-60,-180,2.688,4.144,6.832,0.2550,0.0000,0.7450,0.3750
blended_04_34,240,240,360,180,-120,60,4.438,4.602,9.040,0.4765,0.0000,0.5235,0.3380
blended_04_34,240,240,360,240,-120,0,4.001,4.607,8.608,0.3965,0.0000,0.6035,0.3600
blended_04_34,240,240,360,300,-120,-60,3.314,4.593,7.907,0.2920,0.0000,0.7080,0.3780
blended_04_34,240,240,360,360,-120,-120,3.158,4.587,7.745,0.2685,0.0000,0.7315,0.3835
blended_04_34,240,240,360,420,-120,-180,2.703,4.619,7.322,0.2130,0.0000,0.7870,0.4370
blended_04_34,240,240,420,180,-180,60,4.393,4.713,9.105,0.4440,0.0000,0.5560,0.3440
blended_04_34,240,240,420,240,-180,0,4.037,4.843,8.880,0.3690,0.0000,0.6310,0.3740
blended_04_34,240,240,420,300,-180,-60,3.288,4.830,8.117,0.2635,0.0000,0.7365,0.4045
blended_04_34,240,240,420,360,-180,-120,3.059,4.827,7.886,0.2255,0.0000,0.7745,0.4215
blended_04_34,240,240,420,420,-180,-180,2.652,4.741,7.393,0.1805,0.0000,0.8195,0.4410
blended_04_34,240,300,180,180,60,120,4.418,2.938,7.356,0.7370,0.0000,0.2630,0.3765
blended_04_34,240,300,180,240,60,60,3.970,2.932,6.902,0.6860,0.0000,0.3140,0.3380
blended_04_34,240,300,180,300,60,0,3.288,2.985,6.272,0.5600,0.0000,0.4400,0.2820
blended_04_34,240,300,180,360,60,-60,3.193,2.967,6.161,0.5385,0.0000,0.4615,0.2520
blended_04_34,240,300,180,420,60,-120,2.756,2.942,5.697,0.4610,0.0000,0.5390,0.2695
blended_04_34,240,300,240,180,0,120,4.357,3.325,7.683,0.6780,0.0000,0.3220,0.3540
blended_04_34,240,300,240,240,0,60,3.985,3.329,7.314,0.6175,0.0000,0.3825,0.3205
blended_04_34,240,300,240,300,0,0,3.305,3.347,6.652,0.5000,0.0000,0.5000,0.2905
blended_04_34,240,300,240,360,0,-60,3.155,3.379,6.534,0.4600,0.0000,0.5400,0.2975
blended_04_34,240,300,240,420,0,-120,2.744,3.337,6.081,0.3945,0.0000,0.6055,0.2600
blended_04_34,240,300,300,180,-60,120,4.434,3.924,8.357,0.5830,0.0000,0.4170,0.3290
blended_04_34,240,300,300,240,-60,60,3.978,3.991,7.969,0.4985,0.0000,0.5015,0.3360
blended_04_34,240,300,300,300,-60,0,3.382,3.937,7.319,0.4145,0.0000,0.5855,0.3035
blended_04_34,240,300,300,360,-60,-60,3.241,3.994,7.236,0.3695,0.0000,0.6305,0.3260
blended_04_34,240,300,300,420,-60,-120,2.643,3.971,6.614,0.2800,0.0000,0.7200,0.3390
blended_04_34,240,300,360,180,-120,120,4.351,4.186,8.537,0.5310,0.0000,0.4690,0.3465
blended_04_34,240,300,360,240,-120,60,3.999,4.265,8.264,0.4600,0.0000,0.5400,0.3270
blended_04_34,240,300,360,300,-120,0,3.311,4.165,7.476,0.3650,0.0000,0.6350,0.3380
blended_04_34,240,300,360,360,-120,-60,3.050,4.173,7.223,0.3075,0.0000,0.6925,0.3360
blended_04_34,240,300,360,420,-120,-120,2.712,4.131,6.844,0.2635,0.0000,0.7365,0.3690
blended_04_34,240,300,420,180,-180,120,4.438,4.578,9.015,0.4800,0.0000,0.5200,0.3410
blended_04_34,240,300,420,240,-180,60,4.006,4.598,8.604,0.4065,0.0000,0.5935,0.3395
blended_04_34,240,300,420,300,-180,0,3.285,4.551,7.837,0.2985,0.0000,0.7015,0.3650
blended_04_34,240,300,420,360,-180,-60,3.055,4.522,7.578,0.2730,0.0000,0.7270,0.4010
blended_04_34,240,300,420,420,-180,-120,2.679,4.538,7.216,0.2105,0.0000,0.7895,0.4280
blended_04_34,240,360,180,180,60,180,4.343,2.554,6.896,0.7900,0.0000,0.2100,0.4025
blended_04_34,240,360,180,240,60,120,3.941,2.567,6.508,0.7365,0.0000,0.2635,0.3605
blended_04_34,240,360,180,300,60,60,3.412,2.497,5.909,0.6660,0.0000,0.3340,0.2795
blended_04_34,240,360,180,360,60,0,3.155,2.510,5.665,0.6060,0.0000,0.3940,0.2530
blended_04_34,240,360,180,420,60,-60,2.763,2.570,5.332,0.5440,0.0000,0.4560,0.2305
blended_04_34,240,360,240,180,0,180,4.371,3.138,7.509,0.7005,0.0000,0.2995,0.3585
blended_04_34,240,360,240,240,0,120,3.962,3.099,7.061,0.6500,0.0000,0.3500,0.3270
blended_04_34,240,360,240,300,0,60,3.320,3.144,6.464,0.5305,0.0000,0.4695,0.2735
blended_04_34,240,360,240,360,0,0,3.167,3.201,6.367,0.4995,0.0000,0.5005,0.2630
blended_04_34,240,360,240,420,0,-60,2.801,3.228,6.029,0.4250,0.0000,0.5750,0.2655
blended_04_34,240,360,300,180,-60,180,4.409,3.381,7.790,0.6645,0.0000,0.3355,0.3510
blended_04_34,240,360,300,240,-60,120,3.978,3.276,7.255,0.6270,0.0000,0.3730,0.2950
blended_04_34,240,360,300,300,-60,60,3.386,3.310,6.696,0.5190,0.0000,0.4810,0.2620
blended_04_34,240,360,300,360,-60,0,3.151,3.398,6.549,0.4615,0.0000,0.5385,0.2880
blended_04_34,240,360,300,420,-60,-60,2.727,3.314,6.041,0.3900,0.0000,0.6100,0.2715
blended_04_34,240,360,360,180,-120,180,4.399,3.942,8.341,0.5720,0.0000,0.4280,0.3275
blended_04_34,240,360,360,240,-120,120,3.982,3.963,7.946,0.5065,0.0000,0.4935,0.3205
blended_04_34,240,360,360,300,-120,60,3.363,4.008,7.371,0.3910,0.0000,0.6090,0.3110
blended_04_34,240,360,360,360,-120,0,3.187,4.016,7.203,0.3590,0.0000,0.6410,0.3100
blended_04_34,240,360,360,420,-120,-60,2.787,3.998,6.785,0.3015,0.0000,0.6985,0.3430
blended_04_34,240,360,420,180,-180,180,4.346,4.201,8.547,0.5195,0.0000,0.4805,0.3310
blended_04_34,240,360,420,240,-180,120,4.013,4.159,8.172,0.4750,0.0000,0.5250,0.3230
blended_04_34,240,360,420,300,-180,60,3.324,4.175,7.499,0.3525,0.0000,0.6475,0.3335
blended_04_34,240,360,420,360,-180,0,3.175,4.270,7.445,0.3105,0.0000,0.6895,0.3515
blended_04_34,240,360,420,420,-180,-60,2.725,4.177,6.902,0.2625,0.0000,0.7375,0.3670
blended_04_34,240,420,180,180,60,240,4.419,2.396,6.815,0.8230,0.0000,0.1770,0.4225
blended_04_34,240,420,180,240,60,180,3.971,2.333,6.304,0.7805,0.0000,0.2195,0.3710
blended_04_34,240,420,180,300,60,120,3.329,2.357,5.686,0.6860,0.0000,0.3140,0.2735
blended_04_34,240,420,180,360,60,60,3.195,2.292,5.486,0.6755,0.0000,0.3245,0.2620
blended_04_34,240,420,180,420,60,0,2.740,2.306,5.046,0.5990,0.0000,0.4010,0.2285
blended_04_34,240,420,240,180,0,240,4.445,2.761,7.207,0.7705,0.0000,0.2295,0.4065
blended_04_34,240,420,240,240,0,180,4.008,2.748,6.757,0.7165,0.0000,0.2835,0.3520
blended_04_34,240,420,240,300,0,120,3.333,2.775,6.108,0.5975,0.0000,0.4025,0.2670
blended_04_34,240,420,240,360,0,60,3.216,2.780,5.997,0.5775,0.0000,0.4225,0.2495
blended_04_34,240,420,240,420,0,0,2.789,2.845,5.635,0.4920,0.0000,0.5080,0.2475
blended_04_34,240,420,300,180,-60,240,4.428,3.141,7.569,0.7135,0.0000,0.2865,0.3700
blended_04_34,240,420,300,240,-60,180,3.999,3.132,7.131,0.6525,0.0000,0.3475,0.3155
blended_04_34,240,420,300,300,-60,120,3.338,3.133,6.471,0.5345,0.0000,0.4655,0.2580
blended_04_34,240,420,300,360,-60,60,3.084,3.124,6.209,0.4905,0.0000,0.5095,0.2685
blended_04_34,240,420,300,420,-60,0,2.717,3.212,5.929,0.4105,0.0000,0.5895,0.2685
blended_04_34,240,420,360,180,-120,240,4.371,3.519,7.891,0.6370,0.0000,0.3630,0.3415
blended_04_34,240,420,360,240,-120,180,3.948,3.534,7.482,0.5755,0.0000,0.4245,0.3105
blended_04_34,240,420,360,300,-120,120,3.366,3.600,6.966,0.4575,0.0000,0.5425,0.2845
blended_04_34,240,420,360,360,-120,60,3.202,3.515,6.717,0.4525,0.0000,0.5475,0.2870
blended_04_34,240,420,360,420,-120,0,2.756,3.571,6.327,0.3580,0.0000,0.6420,0.3120
blended_04_34,240,420,420,180,-180,240,4.418,3.998,8.416,0.5670,0.0000,0.4330,0.3490
blended_04_34,240,420,420,240,-180,180,3.986,3.975,7.962,0.4990,0.0000,0.5010,0.3035
blended_04_34,240,420,420,300,-180,120,3.356,4.003,7.358,0.3845,0.0000,0.6155,0.3150
blended_04_34,240,420,420,360,-180,60,3.192,4.066,7.258,0.3505,0.0000,0.6495,0.3120
blended_04_34,240,420,420,420,-180,0,2.664,4.018,6.681,0.2670,0.0000,0.7330,0.3510
blended_04_34,300,180,180,180,120,0,4.779,3.942,8.721,0.6325,0.0000,0.3675,0.3525
blended_04_34,300,180,180,240,120,-60,4.197,4.036,8.233,0.5255,0.0000,0.4745,0.3260
blended_04_34,300,180,180,300,120,-120,3.966,3.978,7.944,0.5060,0.0000,0.4940,0.3270
blended_04_34,300,180,180,360,120,-180,3.335,3.939,7.274,0.3975,0.0000,0.6025,0.3115
blended_04_34,300,180,180,420,120,-240,3.155,3.963,7.118,0.3645,0.0000,0.6355,0.3110
blended_04_34,300,180,240,180,60,0,4.796,4.389,9.186,0.5725,0.0000,0.4275,0.3505
blended_04_34,300,180,240,240,60,-60,4.106,4.378,8.484,0.4690,0.0000,0.5310,0.3435
blended_04_34,300,180,240,300,60,-120,4.016,4.333,8.350,0.4550,0.0000,0.5450,0.3410
blended_04_34,300,180,240,360,60,-180,3.344,4.372,7.715,0.3475,0.0000,0.6525,0.3435
blended_04_34,300,180,240,420,60,-240,3.173,4.324,7.497,0.3045,0.0000,0.6955,0.3745
blended_04_34,300,180,300,180,0,0,4.766,4.729,9.495,0.5065,0.0000,0.4935,0.3645
blended_04_34,300,180,300,240,0,-60,4.165,4.798,8.963,0.4030,0.0000,0.5970,0.3490
blended_04_34,300,180,300,300,0,-120,3.961,4.766,8.727,0.3735,0.0000,0.6265,0.3445
blended_04_34,300,180,300,360,0,-180,3.341,4.691,8.032,0.2890,0.0000,0.7110,0.3785
blended_04_34,300,180,300,420,0,-240,3.055,4.720,7.775,0.2390,0.0000,0.7610,0.4095
blended_04_34,300,180,360,180,-60,0,4.793,5.051,9.845,0.4625,0.0000,0.5375,0.3705
blended_04_34,300,180,360,240,-60,-60,4.125,4.905,9.030,0.3830,0.0000,0.6170,0.3690
blended_04_34,300,180,360,300,-60,-120,3.864,4.976,8.840,0.3235,0.0000,0.6765,0.3725
blended_04_34,300,180,360,360,-60,-180,3.284,4.923,8.207,0.2475,0.0000,0.7525,0.4170
blended_04_34,300,180,360,420,-60,-240,3.140,5.056,8.197,0.2085,0.0000,0.7915,0.4535
blended_04_34,300,180,420,180,-120,0,4.772,5.184,9.956,0.4350,0.0000,0.5650,0.3705
blended_04_34,300,180,420,240,-120,-60,4.122,5.234,9.356,0.3345,0.0000,0.6655,0.3940
blended_04_34,300,180,420,300,-120,-120,3.969,5.109,9.078,0.3345,0.0000,0.6655,0.3945
blended_04_34,300,180,420,360,-120,-180,3.313,5.186,8.499,0.2265,0.0000,0.7735,0.4370
blended_04_34,300,180,420,420,-120,-240,3.007,5.200,8.207,0.1835,0.0000,0.8165,0.4700
blended_04_34,300,240,180,180,120,60,4.750,3.267,8.016,0.7360,0.0000,0.2640,0.3990
blended_04_34,300,240,180,240,120,0,4.200,3.376,7.576,0.6345,0.0000,0.3655,0.3535
blended_04_34,300,240,180,300,120,-60,3.982,3.345,7.326,0.6120,0.0000,0.3880,0.3165
blended_04_34,300,240,180,360,120,-120,3.341,3.393,6.733,0.4890,0.0000,0.5110,0.2835
blended_04_34,300,240,180,420,120,-180,3.147,3.320,6.466,0.4830,0.0000,0.5170,0.2730
blended_04_34,300,240,240,180,60,60,4.756,4.006,8.762,0.6185,0.0000,0.3815,0.3710
blended_04_34,300,240,240,240,60,0,4.150,3.941,8.091,0.5295,0.0000,0.4705,0.3320
blended_04_34,300,240,240,300,60,-60,4.018,4.046,8.064,0.4830,0.0000,0.5170,0.3220
blended_04_34,300,240,240,360,60,-120,3.404,3.949,7.353,0.4040,0.0000,0.5960,0.3100
blended_04_34,300,240,240,420,60,-180,3.094,3.946,7.039,0.3550,0.0000,0.6450,0.3265
blended_04_34,300,240,300,180,0,60,4.726,4.185,8.911,0.5900,0.0000,0.4100,0.3585
blended_04_34,300,240,300,240,0,0,4.186,4.144,8.330,0.5075,0.0000,0.4925,0.3430
blended_04_34,300,240,300,300,0,-60,3.946,4.176,8.123,0.4560,0.0000,0.5440,0.3270
blended_04_34,300,240,300,360,0,-120,3.300,4.146,7.446,0.3615,0.0000,0.6385,0.3290
blended_04_34,300,240,300,420,0,-180,3.183,4.199,7.381,0.3325,0.0000,0.6675,0.3350
blended_04_34,300,240,360,180,-60,60,4.859,4.545,9.404,0.5515,0.0000,0.4485,0.3595
blended_04_34,300,240,360,240,-60,0,4.178,4.630,8.808,0.4300,0.0000,0.5700,0.3300
blended_04_34,300,240,360,300,-60,-60,3.978,4.557,8.535,0.4165,0.0000,0.5835,0.3410
blended_04_34,300,240,360,360,-60,-120,3.329,4.563,7.891,0.3050,0.0000,0.6950,0.3915
blended_04_34,300,240,360,420,-60,-180,3.090,4.585,7.675,0.2630,0.0000,0.7370,0.3685
blended_04_34,300,240,420,180,-120,60,4.779,4.808,9.587,0.4755,0.0000,0.5245,0.3550
blended_04_34,300,240,420,240,-120,0,4.149,4.785,8.934,0.3960,0.0000,0.6040,0.3325
blended_04_34,300,240,420,300,-120,-60,3.911,4.837,8.748,0.3480,0.0000,0.6520,0.3715
blended_04_34,300,240,420,360,-120,-120,3.380,4.758,8.138,0.2860,0.0000,0.7140,0.3805
blended_04_34,300,240,420,420,-120,-180,3.051,4.711,7.763,0.2310,0.0000,0.7690,0.4130
blended_04_34,300,300,180,180,120,120,4.837,2.871,7.707,0.8040,0.0000,0.1960,0.4385
blended_04_34,300,300,180,240,120,60,4.178,2.953,7.131,0.7080,0.0000,0.2920,0.3260
blended_04_34,300,300,180,300,120,0,4.002,2.954,6.957,0.6815,0.0000,0.3185,0.3125
blended_04_34,300,300,180,360,120,-60,3.331,2.978,6.309,0.5625,0.0000,0.4375,0.2830
blended_04_34,300,300,180,420,120,-120,3.187,2.963,6.150,0.5415,0.0000,0.4585,0.2550
blended_04_34,300,300,240,180,60,120,4.771,3.386,8.157,0.7190,0.0000,0.2810,0.3940
blended_04_34,300,300,240,240,60,60,4.188,3.291,7.479,0.6555,0.0000,0.3445,0.3300
blended_04_34,300,300,240,300,60,0,3.930,3.303,7.233,0.6080,0.0000,0.3920,0.3165
blended_04_34,300,300,240,360,60,-60,3.362,3.359,6.721,0.5035,0.0000,0.4965,0.2900
blended_04_34,300,300,240,420,60,-120,3.143,3.374,6.517,0.4670,0.0000,0.5330,0.2580
blended_04_34,300,300,300,180,0,120,4.802,3.951,8.753,0.6285,0.0000,0.3715,0.3650
blended_04_34,300,300,300,240,0,60,4.145,3.947,8.092,0.5330,0.0000,0.4670,0.3025
blended_04_34,300,300,300,300,0,0,3.988,3.922,7.910,0.5125,0.0000,0.4875,0.3110
blended_04_34,300,300,300,360,0,-60,3.348,3.982,7.330,0.3895,0.0000,0.6105,0.3230
blended_04_34,300,300,300,420,0,-120,3.088,3.963,7.051,0.3540,0.0000,0.6460,0.3065
blended_04_34,300,300,360,180,-60,120,4.734,4.266,9.000,0.5735,0.0000,0.4265,0.3430
blended_04_34,300,300,360,240,-60,60,4.200,4.254,8.454,0.4890,0.0000,0.5110,0.3300
blended_04_34,300,300,360,300,-60,0,3.978,4.169,8.146,0.4735,0.0000,0.5265,0.3265
blended_04_34,300,300,360,360,-60,-60,3.339,4.246,7.585,0.3440,0.0000,0.6560,0.3360
blended_04_34,300,300,360,420,-60,-120,3.202,4.168,7.370,0.3410,0.0000,0.6590,0.3385
blended_04_34,300,300,420,180,-120,120,4.847,4.532,9.379,0.5580,0.0000,0.4420,0.3560
blended_04_34,300,300,420,240,-120,60,4.157,4.553,8.710,0.4405,0.0000,0.5595,0.3390
blended_04_34,300,300,420,300,-120,0,3.901,4.535,8.436,0.3845,0.0000,0.6155,0.3385
blended_04_34,300,300,420,360,-120,-60,3.396,4.537,7.933,0.3160,0.0000,0.6840,0.3620
blended_04_34,300,300,420,420,-120,-120,3.139,4.538,7.678,0.2795,0.0000,0.7205,0.3800
blended_04_34,300,360,180,180,120,180,4.705,2.475,7.180,0.8360,0.0000,0.1640,0.4765
blended_04_34,300,360,180,240,120,120,4.141,2.541,6.681,0.7625,0.0000,0.2375,0.3680
blended_04_34,300,360,180,300,120,60,4.057,2.493,6.550,0.7570,0.0000,0.2430,0.3835
blended_04_34,300,360,180,360,120,0,3.354,2.498,5.852,0.6660,0.0000,0.3340,0.2850
blended_04_34,300,360,180,420,120,-60,3.165,2.577,5.742,0.6060,0.0000,0.3940,0.2570
blended_04_34,300,360,240,180,60,180,4.828,3.076,7.904,0.7695,0.0000,0.2305,0.4095
blended_04_34,300,360,240,240,60,120,4.167,3.150,7.316,0.6665,0.0000,0.3335,0.3355
blended_04_34,300,360,240,300,60,60,3.929,3.072,7.002,0.6445,0.0000,0.3555,0.3060
blended_04_34,300,360,240,360,60,0,3.337,3.180,6.517,0.5375,0.0000,0.4625,0.2605
blended_04_34,300,360,240,420,60,-60,3.227,3.163,6.390,0.5255,0.0000,0.4745,0.2685
blended_04_34,300,360,300,180,0,180,4.755,3.265,8.021,0.7345,0.0000,0.2655,0.3965
blended_04_34,300,360,300,240,0,120,4.175,3.312,7.486,0.6335,0.0000,0.3665,0.3305
blended_04_34,300,360,300,300,0,60,3.902,3.349,7.251,0.5935,0.0000,0.4065,0.3205
blended_04_34,300,360,300,360,0,0,3.359,3.391,6.750,0.4885,0.0000,0.5115,0.2855
blended_04_34,300,360,300,420,0,-60,3.196,3.270,6.466,0.4770,0.0000,0.5230,0.2685
blended_04_34,300,360,360,180,-60,180,4.816,3.916,8.731,0.6460,0.0000,0.3540,0.3525
blended_04_34,300,360,360,240,-60,120,4.179,3.932,8.111,0.5505,0.0000,0.4495,0.3280
blended_04_34,300,360,360,300,-60,60,3.941,4.011,7.951,0.4835,0.0000,0.5165,0.3305
blended_04_34,300,360,360,360,-60,0,3.334,3.949,7.283,0.3945,0.0000,0.6055,0.2935
blended_04_34,300,360,360,420,-60,-60,3.132,3.974,7.107,0.3575,0.0000,0.6425,0.3270
blended_04_34,300,360,420,180,-120,180,4.835,4.144,8.980,0.6120,0.0000,0.3880,0.3480
blended_04_34,300,360,420,240,-120,120,4.255,4.227,8.482,0.4965,0.0000,0.5035,0.3270
blended_04_34,300,360,420,300,-120,60,3.975,4.120,8.096,0.4760,0.0000,0.5240,0.3250
blended_04_34,300,360,420,360,-120,0,3.299,4.223,7.521,0.3430,0.0000,0.6570,0.3325
blended_04_34,300,360,420,420,-120,-60,3.139,4.155,7.294,0.3235,0.0000,0.6765,0.3240
blended_04_34,300,420,180,180,120,240,4.725,2.238,6.963,0.8665,0.0000,0.1335,0.5090
blended_04_34,300,420,180,240,120,180,4.180,2.284,6.464,0.8075,0.0000,0.1925,0.4155
blended_04_34,300,420,180,300,120,120,3.969,2.333,6.301,0.7710,0.0000,0.2290,0.3800
blended_04_34,300,420,180,360,120,60,3.377,2.381,5.758,0.6895,0.0000,0.3105,0.2810
blended_04_34,300,420,180,420,120,0,3.185,2.326,5.511,0.6640,0.0000,0.3360,0.2965
blended_04_34,300,420,240,180,60,240,4.675,2.729,7.404,0.8005,0.0000,0.1995,0.4360
blended_04_34,300,420,240,240,60,180,4.184,2.737,6.921,0.7435,0.0000,0.2565,0.3750
blended_04_34,300,420,240,300,60,120,3.950,2.704,6.655,0.7030,0.0000,0.2970,0.3415
blended_04_34,300,420,240,360,60,60,3.355,2.725,6.080,0.6030,0.0000,0.3970,0.2795
blended_04_34,300,420,240,420,60,0,3.115,2.719,5.833,0.5840,0.0000,0.4160,0.2625
blended_04_34,300,420,300,180,0,240,4.795,3.164,7.959,0.7455,0.0000,0.2545,0.4100
blended_04_34,300,420,300,240,0,180,4.181,3.132,7.313,0.6825,0.0000,0.3175,0.3200
blended_04_34,300,420,300,300,0,120,3.930,3.118,7.048,0.6450,0.0000,0.3550,0.3010
blended_04_34,300,420,300,360,0,60,3.380,3.179,6.559,0.5390,0.0000,0.4610,0.2775
blended_04_34,300,420,300,420,0,0,3.168,3.207,6.375,0.4920,0.0000,0.5080,0.2610
blended_04_34,300,420,360,180,-60,240,4.768,3.634,8.401,0.6815,0.0000,0.3185,0.3715
blended_04_34,300,420,360,240,-60,180,4.141,3.550,7.691,0.5890,0.0000,0.4110,0.3285
blended_04_34,300,420,360,300,-60,120,3.993,3.587,7.580,0.5800,0.0000,0.4200,0.2985
blended_04_34,300,420,360,360,-60,60,3.361,3.595,6.955,0.4580,0.0000,0.5420,0.2990
blended_04_34,300,420,360,420,-60,0,3.243,3.686,6.928,0.4360,0.0000,0.5640,0.2880
blended_04_34,300,420,420,180,-120,240,4.811,3.980,8.791,0.6420,0.0000,0.3580,0.3625
blended_04_34,300,420,420,240,-120,180,4.135,4.020,8.155,0.5175,0.0000,0.4825,0.3395
blended_04_34,300,420,420,300,-120,120,4.075,4.000,8.076,0.5175,0.0000,0.4825,0.3175
blended_04_34,300,420,420,360,-120,60,3.330,4.003,7.334,0.3905,0.0000,0.6095,0.3190
blended_04_34,300,420,420,420,-120,0,3.159,3.953,7.112,0.3680,0.0000,0.6320,0.3245
blended_04_34,360,180,180,180,180,0,5.005,3.917,8.922,0.6670,0.0000,0.3330,0.3765
blended_04_34,360,180,180,240,180,-60,4.655,3.971,8.627,0.6235,0.0000,0.3765,0.3305
blended_04_34,360,180,180,300,180,-120,4.217,3.961,8.178,0.5450,0.0000,0.4550,0.3160
blended_04_34,360,180,180,360,180,-180,3.986,4.043,8.029,0.4945,0.0000,0.5055,0.3270
blended_04_34,360,180,180,420,180,-240,3.510,3.989,7.498,0.4230,0.0000,0.5770,0.3245
blended_04_34,360,180,240,180,120,0,5.011,4.282,9.294,0.6000,0.0000,0.4000,0.3640
blended_04_34,360,180,240,240,120,-60,4.640,4.511,9.151,0.5180,0.0000,0.4820,0.3480
blended_04_34,360,180,240,300,120,-120,4.226,4.365,8.591,0.4850,0.0000,0.5150,0.3385
blended_04_34,360,180,240,360,120,-180,3.978,4.459,8.436,0.4150,0.0000,0.5850,0.3080
blended_04_34,360,180,240,420,120,-240,3.535,4.431,7.966,0.3605,0.0000,0.6395,0.3430
blended_04_34,360,180,300,180,60,0,5.019,4.790,9.809,0.5320,0.0000,0.4680,0.3720
blended_04_34,360,180,300,240,60,-60,4.590,4.726,9.316,0.4660,0.0000,0.5340,0.3400
blended_04_34,360,180,300,300,60,-120,4.128,4.791,8.919,0.4080,0.0000,0.5920,0.3650
blended_04_34,360,180,300,360,60,-180,3.953,4.814,8.768,0.3720,0.0000,0.6280,0.3565
blended_04_34,360,180,300,420,60,-240,3.566,4.796,8.363,0.2990,0.0000,0.7010,0.3750
blended_04_34,360,180,360,180,0,0,4.953,4.965,9.918,0.4955,0.0000,0.5045,0.3590
blended_04_34,360,180,360,240,0,-60,4.588,4.949,9.538,0.4430,0.0000,0.5570,0.3530
blended_04_34,360,180,360,300,0,-120,4.161,5.015,9.176,0.3745,0.0000,0.6255,0.3720
blended_04_34,360,180,360,360,0,-180,3.950,5.043,8.994,0.3280,0.0000,0.6720,0.3845
blended_04_34,360,180,360,420,0,-240,3.546,5.024,8.569,0.2775,0.0000,0.7225,0.4070
blended_04_34,360,180,420,180,-60,0,4.976,5.173,10.149,0.4780,0.0000,0.5220,0.3760
blended_04_34,360,180,420,240,-60,-60,4.531,5.170,9.701,0.3965,0.0000,0.6035,0.3515
blended_04_34,360,180,420,300,-60,-120,4.162,5.253,9.415,0.3390,0.0000,0.6610,0.3825
blended_04_34,360,180,420,360,-60,-180,3.918,5.210,9.128,0.2995,0.0000,0.7005,0.3975
blended_04_34,360,180,420,420,-60,-240,3.506,5.145,8.651,0.2455,0.0000,0.7545,0.4230
blended_04_34,360,240,180,180,180,60,4.986,3.361,8.346,0.7485,0.0000,0.2515,0.4070
blended_04_34,360,240,180,240,180,0,4.582,3.297,7.879,0.6955,0.0000,0.3045,0.3870
blended_04_34,360,240,180,300,180,-60,4.186,3.353,7.540,0.6420,0.0000,0.3580,0.3220
blended_04_34,360,240,180,360,180,-120,3.941,3.368,7.309,0.5945,0.0000,0.4055,0.3140
blended_04_34,360,240,180,420,180,-180,3.572,3.411,6.983,0.5350,0.0000,0.4650,0.2765
blended_04_34,360,240,240,180,120,60,5.054,3.990,9.043,0.6670,0.0000,0.3330,0.3755
blended_04_34,360,240,240,240,120,0,4.592,3.956,8.548,0.6025,0.0000,0.3975,0.3600
blended_04_34,360,240,240,300,120,-60,4.146,4.003,8.149,0.5340,0.0000,0.4660,0.3175
blended_04_34,360,240,240,360,120,-120,3.990,3.994,7.984,0.4915,0.0000,0.5085,0.3250
blended_04_34,360,240,240,420,120,-180,3.639,3.972,7.611,0.4470,0.0000,0.5530,0.3065
blended_04_34,360,240,300,180,60,60,5.016,4.198,9.214,0.6175,0.0000,0.3825,0.3620
blended_04_34,360,240,300,240,60,0,4.601,4.162,8.763,0.5680,0.0000,0.4320,0.3270
blended_04_34,360,240,300,300,60,-60,4.247,4.173,8.420,0.5165,0.0000,0.4835,0.3535
blended_04_34,360,240,300,360,60,-120,3.990,4.316,8.306,0.4370,0.0000,0.5630,0.3350
blended_04_34,360,240,300,420,60,-180,3.539,4.162,7.701,0.4015,0.0000,0.5985,0.3280
blended_04_34,360,240,360,180,0,60,5.000,4.580,9.579,0.5705,0.0000,0.4295,0.3570
blended_04_34,360,240,360,240,0,0,4.572,4.585,9.156,0.5090,0.0000,0.4910,0.3325
blended_04_34,360,240,360,300,0,-60,4.268,4.545,8.813,0.4520,0.0000,0.5480,0.3495
blended_04_34,360,240,360,360,0,-120,3.899,4.598,8.497,0.3960,0.0000,0.6040,0.3615
blended_04_34,360,240,360,420,0,-180,3.541,4.624,8.165,0.3320,0.0000,0.6680,0.3570
blended_04_34,360,240,420,180,-60,60,5.102,4.771,9.873,0.5550,0.0000,0.4450,0.3570
blended_04_34,360,240,420,240,-60,0,4.596,4.795,9.391,0.4620,0.0000,0.5380,0.3525
blended_04_34,360,240,420,300,-60,-60,4.240,4.861,9.101,0.4040,0.0000,0.5960,0.3580
blended_04_34,360,240,420,360,-60,-120,3.966,4.837,8.803,0.3765,0.0000,0.6235,0.3665
blended_04_34,360,240,420,420,-60,-180,3.550,4.773,8.322,0.3065,0.0000,0.6935,0.3740
blended_04_34,360,300,180,180,180,120,4.939,2.865,7.804,0.8105,0.0000,0.1895,0.4570
blended_04_34,360,300,180,240,180,60,4.529,2.891,7.420,0.7690,0.0000,0.2310,0.4030
blended_04_34,360,300,180,300,180,0,4.197,2.939,7.136,0.7000,0.0000,0.3000,0.3455
blended_04_34,360,300,180,360,180,-60,4.056,2.950,7.005,0.6815,0.0000,0.3185,0.3305
blended_04_34,360,300,180,420,180,-120,3.554,2.857,6.412,0.6205,0.0000,0.3795,0.3000
blended_04_34,360,300,240,180,120,120,5.027,3.328,8.355,0.7620,0.0000,0.2380,0.4150
blended_04_34,360,300,240,240,120,60,4.590,3.369,7.960,0.6940,0.0000,0.3060,0.3660
blended_04_34,360,300,240,300,120,0,4.218,3.384,7.602,0.6320,0.0000,0.3680,0.3340
blended_04_34,360,300,240,360,120,-60,3.977,3.321,7.298,0.6075,0.0000,0.3925,0.3450
blended_04_34,360,300,240,420,120,-120,3.579,3.340,6.919,0.5255,0.0000,0.4745,0.2890
blended_04_34,360,300,300,180,60,120,5.067,3.985,9.052,0.6755,0.0000,0.3245,0.3695
blended_04_34,360,300,300,240,60,60,4.540,3.967,8.507,0.5965,0.0000,0.4035,0.3485
blended_04_34,360,300,300,300,60,0,4.175,3.990,8.165,0.5265,0.0000,0.4735,0.3305
blended_04_34,360,300,300,360,60,-60,3.975,3.958,7.933,0.5155,0.0000,0.4845,0.3095
blended_04_34,360,300,300,420,60,-120,3.602,3.990,7.592,0.4370,0.0000,0.5630,0.2950
blended_04_34,360,300,360,180,0,120,5.006,4.136,9.142,0.6455,0.0000,0.3545,0.3765
blended_04_34,360,300,360,240,0,60,4.604,4.143,8.747,0.5700,0.0000,0.4300,0.3280
blended_04_34,360,300,360,300,0,0,4.170,4.074,8.244,0.5215,0.0000,0.4785,0.3140
blended_04_34,360,300,360,360,0,-60,4.006,4.192,8.198,0.4715,0.0000,0.5285,0.3115
blended_04_34,360,300,360,420,0,-120,3.554,4.095,7.649,0.4085,0.0000,0.5915,0.3095
blended_04_34,360,300,420,180,-60,120,4.981,4.526,9.506,0.5635,0.0000,0.4365,0.3635
blended_04_34,360,300,420,240,-60,60,4.527,4.575,9.102,0.4905,0.0000,0.5095,0.3430
blended_04_34,360,300,420,300,-60,0,4.188,4.571,8.759,0.4420,0.0000,0.5580,0.3225
blended_04_34,360,300,420,360,-60,-60,3.949,4.617,8.566,0.3955,0.0000,0.6045,0.3335
blended_04_34,360,300,420,420,-60,-120,3.491,4.646,8.137,0.3185,0.0000,0.6815,0.3750
blended_04_34,360,360,180,180,180,180,4.934,2.417,7.351,0.8680,0.0000,0.1320,0.5185
blended_04_34,360,360,180,240,180,120,4.588,2.484,7.072,0.8255,0.0000,0.1745,0.4550
blended_04_34,360,360,180,300,180,60,4.138,2.530,6.668,0.7710,0.0000,0.2290,0.3720
blended_04_34,360,360,180,360,180,0,4.019,2.509,6.528,0.7530,0.0000,0.2470,0.3700
blended_04_34,360,360,180,420,180,-60,3.494,2.508,6.002,0.6610,0.0000,0.3390,0.3090
blended_04_34,360,360,240,180,120,180,4.904,3.033,7.937,0.7920,0.0000,0.2080,0.4270
blended_04_34,360,360,240,240,120,120,4.537,3.135,7.672,0.7270,0.0000,0.2730,0.3800
blended_04_34,360,360,240,300,120,60,4.167,3.166,7.333,0.6540,0.0000,0.3460,0.3295
blended_04_34,360,360,240,360,120,0,4.014,3.143,7.157,0.6390,0.0000,0.3610,0.3295
blended_04_34,360,360,240,420,120,-60,3.537,3.163,6.699,0.5690,0.0000,0.4310,0.2975
blended_04_34,360,360,300,180,60,180,4.928,3.291,8.218,0.7560,0.0000,0.2440,0.4115
blended_04_34,360,360,300,240,60,120,4.550,3.329,7.879,0.6990,0.0000,0.3010,0.3630
blended_04_34,360,360,300,300,60,60,4.146,3.317,7.463,0.6405,0.0000,0.3595,0.3240
blended_04_34,360,360,300,360,60,0,4.027,3.374,7.401,0.6060,0.0000,0.3940,0.3190
blended_04_34,360,360,300,420,60,-60,3.579,3.353,6.931,0.5310,0.0000,0.4690,0.3065
blended_04_34,360,360,360,180,0,180,5.016,3.909,8.925,0.6645,0.0000,0.3355,0.3915
blended_04_34,360,360,360,240,0,120,4.583,3.913,8.496,0.6010,0.0000,0.3990,0.3400
blended_04_34,360,360,360,300,0,60,4.257,3.969,8.226,0.5430,0.0000,0.4570,0.3335
blended_04_34,360,360,360,360,0,0,3.959,3.990,7.950,0.4830,0.0000,0.5170,0.3185
blended_04_34,360,360,360,420,0,-60,3.554,4.008,7.562,0.4170,0.0000,0.5830,0.3230
blended_04_34,360,360,420,180,-60,180,4.966,4.214,9.181,0.6055,0.0000,0.3945,0.3785
blended_04_34,360,360,420,240,-60,120,4.618,4.245,8.864,0.5615,0.0000,0.4385,0.3220
blended_04_34,360,360,420,300,-60,60,4.193,4.207,8.400,0.4965,0.0000,0.5035,0.3385
blended_04_34,360,360,420,360,-60,0,3.975,4.194,8.169,0.4615,0.0000,0.5385,0.3310
blended_04_34,360,360,420,420,-60,-60,3.446,4.178,7.624,0.3745,0.0000,0.6255,0.3200
blended_04_34,360,420,180,180,180,240,4.875,2.245,7.120,0.8905,0.0000,0.1095,0.5245
blended_04_34,360,420,180,240,180,180,4.527,2.275,6.802,0.8470,0.0000,0.1530,0.4580
blended_04_34,360,420,180,300,180,120,4.176,2.279,6.455,0.8090,0.0000,0.1910,0.4055
blended_04_34,360,420,180,360,180,60,3.912,2.237,6.149,0.7720,0.0000,0.2280,0.3870
blended_04_34,360,420,180,420,180,0,3.562,2.325,5.886,0.7195,0.0000,0.2805,0.3055
blended_04_34,360,420,240,180,120,240,4.962,2.636,7.598,0.8440,0.0000,0.1560,0.4785
blended_04_34,360,420,240,240,120,180,4.554,2.753,7.308,0.7690,0.0000,0.2310,0.4275
blended_04_34,360,420,240,300,120,120,4.117,2.700,6.817,0.7290,0.0000,0.2710,0.3945
blended_04_34,360,420,240,360,120,60,3.947,2.709,6.656,0.7180,0.0000,0.2820,0.3480
blended_04_34,360,420,240,420,120,0,3.546,2.744,6.290,0.6455,0.0000,0.3545,0.2995
blended_04_34,360,420,300,180,60,240,4.947,3.151,8.098,0.7715,0.0000,0.2285,0.4430
blended_04_34,360,420,300,240,60,180,4.591,3.201,7.793,0.7265,0.0000,0.2735,0.3690
blended_04_34,360,420,300,300,60,120,4.144,3.151,7.295,0.6580,0.0000,0.3420,0.3505
blended_04_34,360,420,300,360,60,60,3.937,3.108,7.045,0.6435,0.0000,0.3565,0.3280
blended_04_34,360,420,300,420,60,0,3.560,3.196,6.756,0.5660,0.0000,0.4340,0.2920
blended_04_34,360,420,360,180,0,240,5.038,3.500,8.538,0.7180,0.0000,0.2820,0.4155
blended_04_34,360,420,360,240,0,180,4.679,3.486,8.165,0.6885,0.0000,0.3115,0.3740
blended_04_34,360,420,360,300,0,120,4.247,3.595,7.842,0.6175,0.0000,0.3825,0.3185
blended_04_34,360,420,360,360,0,60,4.031,3.573,7.604,0.5720,0.0000,0.4280,0.3055
blended_04_34,360,420,360,420,0,0,3.574,3.627,7.201,0.4920,0.0000,0.5080,0.2820
blended_04_34,360,420,420,180,-60,240,4.929,3.913,8.843,0.6480,0.0000,0.3520,0.3885
blended_04_34,360,420,420,240,-60,180,4.619,4.037,8.655,0.5930,0.0000,0.4070,0.3465
blended_04_34,360,420,420,300,-60,120,4.142,3.932,8.074,0.5210,0.0000,0.4790,0.3165
blended_04_34,360,420,420,360,-60,60,3.991,3.890,7.881,0.5195,0.0000,0.4805,0.3360
blended_04_34,360,420,420,420,-60,0,3.495,4.055,7.550,0.3990,0.0000,0.6010,0.3220
blended_04_34,420,180,180,180,240,0,5.120,3.892,9.012,0.6895,0.0000,0.3105,0.3995
blended_04_34,420,180,180,240,240,-60,4.775,3.928,8.703,0.6340,0.0000,0.3660,0.3625
blended_04_34,420,180,180,300,240,-120,4.606,3.981,8.587,0.5950,0.0000,0.4050,0.3495
blended_04_34,420,180,180,360,240,-180,4.163,4.012,8.175,0.5220,0.0000,0.4780,0.3125
blended_04_34,420,180,180,420,240,-240,3.997,3.991,7.988,0.5120,0.0000,0.4880,0.3280
blended_04_34,420,180,240,180,180,0,5.162,4.330,9.493,0.6240,0.0000,0.3760,0.3820
blended_04_34,420,180,240,240,180,-60,4.769,4.405,9.175,0.5595,0.0000,0.4405,0.3430
blended_04_34,420,180,240,300,180,-120,4.590,4.330,8.920,0.5370,0.0000,0.4630,0.3345
blended_04_34,420,180,240,360,180,-180,4.137,4.421,8.558,0.4505,0.0000,0.5495,0.3465
blended_04_34,420,180,240,420,180,-240,4.037,4.350,8.386,0.4395,0.0000,0.5605,0.3320
blended_04_34,420,180,300,180,120,0,5.167,4.763,9.930,0.5600,0.0000,0.4400,0.3710
blended_04_34,420,180,300,240,120,-60,4.811,4.861,9.672,0.4885,0.0000,0.5115,0.3640
blended_04_34,420,180,300,300,120,-120,4.582,4.742,9.324,0.4790,0.0000,0.5210,0.3415
blended_04_34,420,180,300,360,120,-180,4.204,4.774,8.979,0.4180,0.0000,0.5820,0.3435
blended_04_34,420,180,300,420,120,-240,4.003,4.811,8.814,0.3710,0.0000,0.6290,0.3615
blended_04_34,420,180,360,180,60,0,5.151,4.992,10.143,0.5210,0.0000,0.4790,0.3740
blended_04_34,420,180,360,240,60,-60,4.866,5.043,9.909,0.4725,0.0000,0.5275,0.3565
blended_04_34,420,180,360,300,60,-120,4.463,4.988,9.451,0.4170,0.0000,0.5830,0.3460
blended_04_34,420,180,360,360,60,-180,4.186,4.978,9.164,0.3740,0.0000,0.6260,0.3765
blended_04_34,420,180,360,420,60,-240,3.886,4.894,8.780,0.3475,0.0000,0.6525,0.3655
blended_04_34,420,180,420,180,0,0,5.194,5.189,10.383,0.4920,0.0000,0.5080,0.3725
blended_04_34,420,180,420,240,0,-60,4.785,5.155,9.941,0.4440,0.0000,0.5560,0.3725
blended_04_34,420,180,420,300,0,-120,4.626,5.175,9.801,0.4110,0.0000,0.5890,0.3500
blended_04_34,420,180,420,360,0,-180,4.118,5.213,9.332,0.3240,0.0000,0.6760,0.3775
blended_04_34,420,180,420,420,0,-240,3.919,5.168,9.087,0.3075,0.0000,0.6925,0.3910
blended_04_34,420,240,180,180,240,60,5.168,3.282,8.450,0.7785,0.0000,0.2215,0.4555
blended_04_34,420,240,180,240,240,0,4.803,3.353,8.155,0.7295,0.0000,0.2705,0.3740
blended_04_34,420,240,180,300,240,-60,4.564,3.374,7.938,0.6920,0.0000,0.3080,0.3660
blended_04_34,420,240,180,360,240,-120,4.135,3.369,7.504,0.6285,0.0000,0.3715,0.3175
blended_04_34,420,240,180,420,240,-180,4.010,3.369,7.379,0.6025,0.0000,0.3975,0.3115
blended_04_34,420,240,240,180,180,60,5.186,3.916,9.102,0.6950,0.0000,0.3050,0.3880
blended_04_34,420,240,240,240,180,0,4.750,3.887,8.637,0.6475,0.0000,0.3525,0.3590
blended_04_34,420,240,240,300,180,-60,4.554,3.931,8.485,0.6105,0.0000,0.3895,0.3510
blended_04_34,420,240,240,360,180,-120,4.228,4.014,8.242,0.5270,0.0000,0.4730,0.3040
blended_04_34,420,240,240,420,180,-180,3.954,4.005,7.960,0.4970,0.0000,0.5030,0.3280
blended_04_34,420,240,300,180,120,60,5.231,4.212,9.442,0.6545,0.0000,0.3455,0.3865
blended_04_34,420,240,300,240,120,0,4.793,4.198,8.991,0.5865,0.0000,0.4135,0.3445
blended_04_34,420,240,300,300,120,-60,4.641,4.166,8.806,0.5740,0.0000,0.4260,0.3320
blended_04_34,420,240,300,360,120,-120,4.176,4.150,8.326,0.5105,0.0000,0.4895,0.3200
blended_04_34,420,240,300,420,120,-180,3.966,4.188,8.153,0.4465,0.0000,0.5535,0.3215
blended_04_34,420,240,360,180,60,60,5.174,4.551,9.725,0.5900,0.0000,0.4100,0.3755
blended_04_34,420,240,360,240,60,0,4.754,4.534,9.287,0.5375,0.0000,0.4625,0.3570
blended_04_34,420,240,360,300,60,-60,4.644,4.601,9.245,0.5160,0.0000,0.4840,0.3515
blended_04_34,420,240,360,360,60,-120,4.124,4.596,8.720,0.4265,0.0000,0.5735,0.3265
blended_04_34,420,240,360,420,60,-180,3.958,4.573,8.530,0.4005,0.0000,0.5995,0.3605
blended_04_34,420,240,420,180,0,60,5.252,4.796,10.048,0.5710,0.0000,0.4290,0.3505
blended_04_34,420,240,420,240,0,0,4.740,4.926,9.666,0.4750,0.0000,0.5250,0.3535
blended_04_34,420,240,420,300,0,-60,4.604,4.729,9.332,0.4780,0.0000,0.5220,0.3475
blended_04_34,420,240,420,360,0,-120,4.220,4.816,9.036,0.4050,0.0000,0.5950,0.3460
blended_04_34,420,240,420,420,0,-180,3.929,4.848,8.778,0.3545,0.0000,0.6455,0.3780
blended_04_34,420,300,180,180,240,120,5.112,2.885,7.997,0.8330,0.0000,0.1670,0.4710
blended_04_34,420,300,180,240,240,60,4.776,2.946,7.722,0.7875,0.0000,0.2125,0.4090
blended_04_34,420,300,180,300,240,0,4.561,2.943,7.504,0.7520,0.0000,0.2480,0.3905
blended_04_34,420,300,180,360,240,-60,4.248,2.896,7.144,0.7220,0.0000,0.2780,0.3655
blended_04_34,420,300,180,420,240,-120,3.985,2.973,6.958,0.6835,0.0000,0.3165,0.3095
blended_04_34,420,300,240,180,180,120,5.163,3.277,8.440,0.7770,0.0000,0.2230,0.4390
blended_04_34,420,300,240,240,180,60,4.734,3.306,8.040,0.7265,0.0000,0.2735,0.3750
blended_04_34,420,300,240,300,180,0,4.533,3.393,7.926,0.6845,0.0000,0.3155,0.3615
blended_04_34,420,300,240,360,180,-60,4.175,3.371,7.546,0.6385,0.0000,0.3615,0.3300
blended_04_34,420,300,240,420,180,-120,4.051,3.292,7.343,0.6205,0.0000,0.3795,0.3315
blended_04_34,420,300,300,180,120,120,5.237,3.987,9.224,0.6865,0.0000,0.3135,0.3935
blended_04_34,420,300,300,240,120,60,4.794,3.963,8.758,0.6255,0.0000,0.3745,0.3660
blended_04_34,420,300,300,300,120,0,4.585,4.071,8.655,0.5830,0.0000,0.4170,0.3455
blended_04_34,420,300,300,360,120,-60,4.139,4.027,8.166,0.5200,0.0000,0.4800,0.2960
blended_04_34,420,300,300,420,120,-120,3.977,3.994,7.971,0.4970,0.0000,0.5030,0.3345
blended_04_34,420,300,360,180,60,120,5.205,4.167,9.372,0.6540,0.0000,0.3460,0.3930
blended_04_34,420,300,360,240,60,60,4.761,4.127,8.888,0.5975,0.0000,0.4025,0.3510
blended_04_34,420,300,360,300,60,0,4.587,4.112,8.698,0.5725,0.0000,0.4275,0.3270
blended_04_34,420,300,360,360,60,-60,4.218,4.226,8.444,0.4935,0.0000,0.5065,0.3300
blended_04_34,420,300,360,420,60,-120,3.982,4.201,8.182,0.4675,0.0000,0.5325,0.3350
blended_04_34,420,300,420,180,0,120,5.202,4.580,9.782,0.5900,0.0000,0.4100,0.3630
blended_04_34,420,300,420,240,0,60,4.760,4.516,9.276,0.5415,0.0000,0.4585,0.3505
blended_04_34,420,300,420,300,0,0,4.582,4.625,9.206,0.4940,0.0000,0.5060,0.3605
blended_04_34,420,300,420,360,0,-60,4.173,4.594,8.767,0.4370,0.0000,0.5630,0.3575
blended_04_34,420,300,420,420,0,-120,3.978,4.609,8.587,0.3990,0.0000,0.6010,0.3350
blended_04_34,420,360,180,180,240,180,5.114,2.511,7.625,0.8795,0.0000,0.1205,0.5260
blended_04_34,420,360,180,240,240,120,4.761,2.431,7.192,0.8605,0.0000,0.1395,0.4775
blended_04_34,420,360,180,300,240,60,4.577,2.514,7.091,0.8145,0.0000,0.1855,0.4470
blended_04_34,420,360,180,360,240,0,4.192,2.545,6.737,0.7700,0.0000,0.2300,0.3945
blended_04_34,420,360,180,420,240,-60,4.008,2.551,6.559,0.7385,0.0000,0.2615,0.3660
blended_04_34,420,360,240,180,180,180,5.092,3.110,8.202,0.7970,0.0000,0.2030,0.4650
blended_04_34,420,360,240,240,180,120,4.805,3.125,7.930,0.7720,0.0000,0.2280,0.4105
blended_04_34,420,360,240,300,180,60,4.611,3.121,7.732,0.7440,0.0000,0.2560,0.3760
blended_04_34,420,360,240,360,180,0,4.173,3.136,7.309,0.6725,0.0000,0.3275,0.3305
blended_04_34,420,360,240,420,180,-60,3.963,3.170,7.133,0.6360,0.0000,0.3640,0.3095
blended_04_34,420,360,300,180,120,180,5.135,3.268,8.402,0.7805,0.0000,0.2195,0.4420
blended_04_34,420,360,300,240,120,120,4.737,3.362,8.100,0.7085,0.0000,0.2915,0.3875
blended_04_34,420,360,300,300,120,60,4.597,3.326,7.923,0.6985,0.0000,0.3015,0.3940
blended_04_34,420,360,300,360,120,0,4.220,3.408,7.628,0.6355,0.0000,0.3645,0.3415
blended_04_34,420,360,300,420,120,-60,3.999,3.385,7.384,0.6040,0.0000,0.3960,0.3160
blended_04_34,420,360,360,180,60,180,5.104,3.950,9.053,0.6720,0.0000,0.3280,0.3880
blended_04_34,420,360,360,240,60,120,4.731,3.983,8.714,0.6165,0.0000,0.3835,0.3455
blended_04_34,420,360,360,300,60,60,4.606,4.048,8.655,0.5970,0.0000,0.4030,0.3620
blended_04_34,420,360,360,360,60,0,4.225,3.970,8.195,0.5340,0.0000,0.4660,0.3260
blended_04_34,420,360,360,420,60,-60,3.983,3.910,7.893,0.5150,0.0000,0.4850,0.3280
blended_04_34,420,360,420,180,0,180,5.170,4.171,9.342,0.6560,0.0000,0.3440,0.3860
blended_04_34,420,360,420,240,0,120,4.824,4.245,9.069,0.5925,0.0000,0.4075,0.3630
blended_04_34,420,360,420,300,0,60,4.615,4.087,8.703,0.5895,0.0000,0.4105,0.3425
blended_04_34,420,360,420,360,0,0,4.128,4.198,8.326,0.4825,0.0000,0.5175,0.3185
blended_04_34,420,360,420,420,0,-60,4.012,4.220,8.232,0.4595,0.0000,0.5405,0.3230
blended_04_34,420,420,180,180,240,240,5.196,2.232,7.428,0.9110,0.0000,0.0890,0.5735
blended_04_34,420,420,180,240,240,180,4.800,2.248,7.048,0.8715,0.0000,0.1285,0.5320
blended_04_34,420,420,180,300,240,120,4.457,2.244,6.701,0.8400,0.0000,0.1600,0.4640
blended_04_34,420,420,180,360,240,60,4.136,2.232,6.368,0.8040,0.0000,0.1960,0.4045
blended_04_34,420,420,180,420,240,0,4.046,2.325,6.372,0.7745,0.0000,0.2255,0.4000
blended_04_34,420,420,240,180,180,240,5.157,2.678,7.835,0.8675,0.0000,0.1325,0.5135
blended_04_34,420,420,240,240,180,180,4.779,2.660,7.439,0.8290,0.0000,0.1710,0.4620
blended_04_34,420,420,240,300,180,120,4.601,2.711,7.312,0.7860,0.0000,0.2140,0.4325
blended_04_34,420,420,240,360,180,60,4.212,2.710,6.921,0.7540,0.0000,0.2460,0.3760
blended_04_34,420,420,240,420,180,0,3.955,2.732,6.688,0.7065,0.0000,0.2935,0.3480
blended_04_34,420,420,300,180,120,240,5.162,3.103,8.265,0.8110,0.0000,0.1890,0.4575
blended_04_34,420,420,300,240,120,180,4.799,3.136,7.935,0.7685,0.0000,0.2315,0.4040
blended_04_34,420,420,300,300,120,120,4.601,3.128,7.729,0.7290,0.0000,0.2710,0.3915
blended_04_34,420,420,300,360,120,60,4.146,3.208,7.355,0.6565,0.0000,0.3435,0.3180
blended_04_34,420,420,300,420,120,0,3.973,3.139,7.112,0.6485,0.0000,0.3515,0.3290
blended_04_34,420,420,360,180,60,240,5.154,3.549,8.702,0.7470,0.0000,0.2530,0.3970
blended_04_34,420,420,360,240,60,180,4.788,3.563,8.351,0.6950,0.0000,0.3050,0.3895
blended_04_34,420,420,360,300,60,120,4.609,3.519,8.128,0.6890,0.0000,0.3110,0.3535
blended_04_34,420,420,360,360,60,60,4.259,3.558,7.818,0.6065,0.0000,0.3935,0.3305
blended_04_34,420,420,360,420,60,0,3.969,3.567,7.536,0.5640,0.0000,0.4360,0.3055
blended_04_34,420,420,420,180,0,240,5.198,3.946,9.144,0.6900,0.0000,0.3100,0.3945
blended_04_34,420,420,420,240,0,180,4.779,3.990,8.769,0.6180,0.0000,0.3820,0.3650
blended_04_34,420,420,420,300,0,120,4.636,3.959,8.595,0.6020,0.0000,0.3980,0.3445
blended_04_34,420,420,420,360,0,60,4.123,3.994,8.117,0.5245,0.0000,0.4755,0.3220
blended_04_34,420,420,420,420,0,0,3.973,3.935,7.908,0.5010,0.0000,0.4990,0.3110
blended_02_36_w70_30,180,180,180,180,0,0,3.999,4.022,8.021,0.4985,0.0000,0.5015,0.3245
blended_02_36_w70_30,180,180,180,240,0,-60,3.111,3.933,7.044,0.3700,0.0000,0.6300,0.3225
blended_02_36_w70_30,180,180,180,300,0,-120,2.738,3.969,6.707,0.2860,0.0000,0.7140,0.3360
blended_02_36_w70_30,180,180,180,360,0,-180,2.292,3.939,6.231,0.2150,0.0000,0.7850,0.3775
blended_02_36_w70_30,180,180,180,420,0,-240,2.095,3.963,6.059,0.1835,0.0000,0.8165,0.3930
blended_02_36_w70_30,180,180,240,180,-60,0,4.025,4.617,8.642,0.4065,0.0000,0.5935,0.3510
blended_02_36_w70_30,180,180,240,240,-60,-60,3.090,4.546,7.636,0.2645,0.0000,0.7355,0.3870
blended_02_36_w70_30,180,180,240,300,-60,-120,2.707,4.535,7.242,0.2165,0.0000,0.7835,0.4115
blended_02_36_w70_30,180,180,240,360,-60,-180,2.311,4.491,6.802,0.1650,0.0000,0.8350,0.4590
blended_02_36_w70_30,180,180,240,420,-60,-240,2.102,4.591,6.694,0.1135,0.0000,0.8865,0.4925
blended_02_36_w70_30,180,180,300,180,-120,0,3.938,5.027,8.965,0.3270,0.0000,0.6730,0.3885
blended_02_36_w70_30,180,180,300,240,-120,-60,3.062,5.061,8.123,0.2005,0.0000,0.7995,0.4470
blended_02_36_w70_30,180,180,300,300,-120,-120,2.663,4.966,7.629,0.1640,0.0000,0.8360,0.4770
blended_02_36_w70_30,180,180,300,360,-120,-180,2.253,4.840,7.093,0.1190,0.0000,0.8810,0.5210
blended_02_36_w70_30,180,180,300,420,-120,-240,2.018,4.881,6.899,0.0960,0.0000,0.9040,0.5765
blended_02_36_w70_30,180,180,360,180,-180,0,3.905,5.199,9.104,0.3055,0.0000,0.6945,0.3865
blended_02_36_w70_30,180,180,360,240,-180,-60,3.084,5.202,8.286,0.1870,0.0000,0.8130,0.4775
blended_02_36_w70_30,180,180,360,300,-180,-120,2.746,5.119,7.864,0.1695,0.0000,0.8305,0.5050
blended_02_36_w70_30,180,180,360,360,-180,-180,2.233,5.131,7.365,0.0995,0.0000,0.9005,0.5640
blended_02_36_w70_30,180,180,360,420,-180,-240,2.079,5.213,7.291,0.0705,0.0000,0.9295,0.6160
blended_02_36_w70_30,180,180,420,180,-240,0,3.883,5.549,9.432,0.2565,0.0000,0.7435,0.4420
blended_02_36_w70_30,180,180,420,240,-240,-60,3.049,5.546,8.595,0.1575,0.0000,0.8425,0.5105
blended_02_36_w70_30,180,180,420,300,-240,-120,2.671,5.502,8.172,0.1160,0.0000,0.8840,0.5645
blended_02_36_w70_30,180,180,420,360,-240,-180,2.272,5.393,7.665,0.0880,0.0000,0.9120,0.6070
blended_02_36_w70_30,180,180,420,420,-240,-240,2.002,5.491,7.493,0.0610,0.0000,0.9390,0.6630
blended_02_36_w70_30,180,240,180,180,0,60,4.027,3.186,7.212,0.6470,0.0000,0.3530,0.2975
blended_02_36_w70_30,180,240,180,240,0,0,3.183,3.136,6.319,0.5015,0.0000,0.4985,0.2625
blended_02_36_w70_30,180,240,180,300,0,-60,2.773,3.205,5.979,0.4160,0.0000,0.5840,0.2695
blended_02_36_w70_30,180,240,180,360,0,-120,2.300,3.228,5.529,0.3315,0.0000,0.6685,0.2820
blended_02_36_w70_30,180,240,180,420,0,-180,2.132,3.230,5.362,0.2920,0.0000,0.7080,0.2715
blended_02_36_w70_30,180,240,240,180,-60,60,3.971,3.972,7.944,0.4945,0.0000,0.5055,0.3245
blended_02_36_w70_30,180,240,240,240,-60,0,3.152,3.979,7.132,0.3540,0.0000,0.6460,0.3105
blended_02_36_w70_30,180,240,240,300,-60,-60,2.688,3.930,6.619,0.2825,0.0000,0.7175,0.3250
blended_02_36_w70_30,180,240,240,360,-60,-120,2.269,3.998,6.267,0.2080,0.0000,0.7920,0.3810
blended_02_36_w70_30,180,240,240,420,-60,-180,2.064,3.914,5.978,0.1945,0.0000,0.8055,0.4060
blended_02_36_w70_30,180,240,300,180,-120,60,4.003,4.362,8.366,0.4445,0.0000,0.5555,0.3295
blended_02_36_w70_30,180,240,300,240,-120,0,3.180,4.370,7.550,0.3075,0.0000,0.6925,0.3660
blended_02_36_w70_30,180,240,300,300,-120,-60,2.686,4.303,6.989,0.2430,0.0000,0.7570,0.3970
blended_02_36_w70_30,180,240,300,360,-120,-120,2.324,4.319,6.643,0.1910,0.0000,0.8090,0.4410
blended_02_36_w70_30,180,240,300,420,-120,-180,2.042,4.324,6.367,0.1420,0.0000,0.8580,0.4670
blended_02_36_w70_30,180,240,360,180,-180,60,3.893,4.784,8.676,0.3585,0.0000,0.6415,0.3485
blended_02_36_w70_30,180,240,360,240,-180,0,3.171,4.813,7.984,0.2630,0.0000,0.7370,0.4230
blended_02_36_w70_30,180,240,360,300,-180,-60,2.696,4.769,7.466,0.1860,0.0000,0.8140,0.4605
blended_02_36_w70_30,180,240,360,360,-180,-120,2.236,4.681,6.917,0.1360,0.0000,0.8640,0.4985
blended_02_36_w70_30,180,240,360,420,-180,-180,1.994,4.756,6.751,0.0940,0.0000,0.9060,0.5490
blended_02_36_w70_30,180,240,420,180,-240,60,4.029,4.930,8.959,0.3590,0.0000,0.6410,0.3635
blended_02_36_w70_30,180,240,420,240,-240,0,3.034,4.943,7.977,0.2075,0.0000,0.7925,0.4485
blended_02_36_w70_30,180,240,420,300,-240,-60,2.658,4.937,7.595,0.1610,0.0000,0.8390,0.4620
blended_02_36_w70_30,180,240,420,360,-240,-120,2.183,4.984,7.167,0.1145,0.0000,0.8855,0.5580
blended_02_36_w70_30,180,240,420,420,-240,-180,1.983,4.878,6.861,0.0910,0.0000,0.9090,0.5725
blended_02_36_w70_30,180,300,180,180,0,120,3.982,2.754,6.736,0.7240,0.0000,0.2760,0.3340
blended_02_36_w70_30,180,300,180,240,0,60,3.142,2.736,5.878,0.5755,0.0000,0.4245,0.2545
blended_02_36_w70_30,180,300,180,300,0,0,2.759,2.777,5.536,0.4985,0.0000,0.5015,0.2275
blended_02_36_w70_30,180,300,180,360,0,-60,2.336,2.755,5.091,0.4230,0.0000,0.5770,0.2350
blended_02_36_w70_30,180,300,180,420,0,-120,2.182,2.731,4.913,0.3870,0.0000,0.6130,0.2275
blended_02_36_w70_30,180,300,240,180,-60,120,3.993,3.384,7.377,0.6100,0.0000,0.3900,0.3290
blended_02_36_w70_30,180,300,240,240,-60,60,3.148,3.332,6.480,0.4615,0.0000,0.5385,0.2830
blended_02_36_w70_30,180,300,240,300,-60,0,2.653,3.413,6.066,0.3565,0.0000,0.6435,0.2785
blended_02_36_w70_30,180,300,240,360,-60,-60,2.346,3.349,5.696,0.3115,0.0000,0.6885,0.2765
blended_02_36_w70_30,180,300,240,420,-60,-120,2.117,3.343,5.460,0.2810,0.0000,0.7190,0.3110
blended_02_36_w70_30,180,300,300,180,-120,120,4.019,4.016,8.035,0.4970,0.0000,0.5030,0.3120
blended_02_36_w70_30,180,300,300,240,-120,60,3.131,4.011,7.142,0.3530,0.0000,0.6470,0.3330
blended_02_36_w70_30,180,300,300,300,-120,0,2.715,4.001,6.716,0.2845,0.0000,0.7155,0.3520
blended_02_36_w70_30,180,300,300,360,-120,-60,2.320,3.941,6.261,0.2210,0.0000,0.7790,0.3685
blended_02_36_w70_30,180,300,300,420,-120,-120,2.063,3.970,6.033,0.1860,0.0000,0.8140,0.4230
blended_02_36_w70_30,180,300,360,180,-180,120,3.959,4.250,8.210,0.4490,0.0000,0.5510,0.3115
blended_02_36_w70_30,180,300,360,240,-180,60,3.156,4.189,7.345,0.3245,0.0000,0.6755,0.3220
blended_02_36_w70_30,180,300,360,300,-180,0,2.695,4.139,6.835,0.2615,0.0000,0.7385,0.3720
blended_02_36_w70_30,180,300,360,360,-180,-60,2.257,4.164,6.421,0.1840,0.0000,0.8160,0.4215
blended_02_36_w70_30,180,300,360,420,-180,-120,2.082,4.154,6.235,0.1645,0.0000,0.8355,0.4350
blended_02_36_w70_30,180,300,420,180,-240,120,4.031,4.646,8.677,0.4015,0.0000,0.5985,0.3420
blended_02_36_w70_30,180,300,420,240,-240,60,3.142,4.577,7.720,0.2635,0.0000,0.7365,0.3920
blended_02_36_w70_30,180,300,420,300,-240,0,2.663,4.582,7.245,0.2010,0.0000,0.7990,0.4245
blended_02_36_w70_30,180,300,420,360,-240,-60,2.308,4.551,6.859,0.1520,0.0000,0.8480,0.4690
blended_02_36_w70_30,180,300,420,420,-240,-120,2.078,4.502,6.579,0.1315,0.0000,0.8685,0.5120
blended_02_36_w70_30,180,360,180,180,0,180,3.954,2.317,6.272,0.7795,0.0000,0.2205,0.3825
blended_02_36_w70_30,180,360,180,240,0,120,3.132,2.295,5.427,0.6570,0.0000,0.3430,0.2790
blended_02_36_w70_30,180,360,180,300,0,60,2.773,2.287,5.060,0.5890,0.0000,0.4110,0.2230
blended_02_36_w70_30,180,360,180,360,0,0,2.364,2.311,4.675,0.5090,0.0000,0.4910,0.1985
blended_02_36_w70_30,180,360,180,420,0,-60,2.171,2.343,4.514,0.4685,0.0000,0.5315,0.1910
blended_02_36_w70_30,180,360,240,180,-60,180,3.978,2.938,6.916,0.6755,0.0000,0.3245,0.3400
blended_02_36_w70_30,180,360,240,240,-60,120,3.198,2.930,6.128,0.5550,0.0000,0.4450,0.2600
blended_02_36_w70_30,180,360,240,300,-60,60,2.801,2.950,5.752,0.4670,0.0000,0.5330,0.2330
blended_02_36_w70_30,180,360,240,360,-60,0,2.366,3.039,5.405,0.3645,0.0000,0.6355,0.2600
blended_02_36_w70_30,180,360,240,420,-60,-60,2.077,2.985,5.062,0.3240,0.0000,0.6760,0.2575
blended_02_36_w70_30,180,360,300,180,-120,180,3.950,3.361,7.312,0.5920,0.0000,0.4080,0.3250
blended_02_36_w70_30,180,360,300,240,-120,120,3.159,3.408,6.567,0.4405,0.0000,0.5595,0.2660
blended_02_36_w70_30,180,360,300,300,-120,60,2.753,3.385,6.138,0.3855,0.0000,0.6145,0.2830
blended_02_36_w70_30,180,360,300,360,-120,0,2.328,3.328,5.655,0.3120,0.0000,0.6880,0.2725
blended_02_36_w70_30,180,360,300,420,-120,-60,2.070,3.354,5.424,0.2580,0.0000,0.7420,0.3010
blended_02_36_w70_30,180,360,360,180,-180,180,3.998,4.050,8.048,0.4900,0.0000,0.5100,0.3120
blended_02_36_w70_30,180,360,360,240,-180,120,3.080,3.935,7.015,0.3545,0.0000,0.6455,0.3180
blended_02_36_w70_30,180,360,360,300,-180,60,2.708,3.923,6.631,0.3020,0.0000,0.6980,0.3235
blended_02_36_w70_30,180,360,360,360,-180,0,2.303,3.917,6.219,0.2325,0.0000,0.7675,0.3805
blended_02_36_w70_30,180,360,360,420,-180,-60,2.019,4.013,6.032,0.1760,0.0000,0.8240,0.4120
blended_02_36_w70_30,180,360,420,180,-240,180,4.029,4.175,8.204,0.4780,0.0000,0.5220,0.3435
blended_02_36_w70_30,180,360,420,240,-240,120,3.112,4.253,7.365,0.3110,0.0000,0.6890,0.3365
blended_02_36_w70_30,180,360,420,300,-240,60,2.725,4.166,6.892,0.2590,0.0000,0.7410,0.3605
blended_02_36_w70_30,180,360,420,360,-240,0,2.293,4.173,6.466,0.1975,0.0000,0.8025,0.4075
blended_02_36_w70_30,180,360,420,420,-240,-60,2.067,4.159,6.226,0.1580,0.0000,0.8420,0.4270
blended_02_36_w70_30,180,420,180,180,0,240,3.938,2.020,5.957,0.8110,0.0000,0.1890,0.3945
blended_02_36_w70_30,180,420,180,240,0,180,3.115,2.135,5.249,0.6900,0.0000,0.3100,0.2720
blended_02_36_w70_30,180,420,180,300,0,120,2.722,2.063,4.785,0.6450,0.0000,0.3550,0.2215
blended_02_36_w70_30,180,420,180,360,0,60,2.308,2.162,4.470,0.5325,0.0000,0.4675,0.1910
blended_02_36_w70_30,180,420,180,420,0,0,2.154,2.176,4.330,0.4855,0.0000,0.5145,0.1760
blended_02_36_w70_30,180,420,240,180,-60,240,3.994,2.568,6.563,0.7465,0.0000,0.2535,0.3530
blended_02_36_w70_30,180,420,240,240,-60,180,3.184,2.584,5.768,0.6215,0.0000,0.3785,0.2590
blended_02_36_w70_30,180,420,240,300,-60,120,2.773,2.611,5.385,0.5155,0.0000,0.4845,0.2250
blended_02_36_w70_30,180,420,240,360,-60,60,2.327,2.593,4.920,0.4460,0.0000,0.5540,0.2165
blended_02_36_w70_30,180,420,240,420,-60,0,2.180,2.542,4.722,0.4225,0.0000,0.5775,0.2135
blended_02_36_w70_30,180,420,300,180,-120,240,3.967,2.941,6.909,0.6795,0.0000,0.3205,0.3275
blended_02_36_w70_30,180,420,300,240,-120,180,3.213,2.950,6.163,0.5385,0.0000,0.4615,0.2645
blended_02_36_w70_30,180,420,300,300,-120,120,2.685,2.975,5.660,0.4430,0.0000,0.5570,0.2420
blended_02_36_w70_30,180,420,300,360,-120,60,2.327,2.957,5.284,0.3825,0.0000,0.6175,0.2455
blended_02_36_w70_30,180,420,300,420,-120,0,2.133,3.009,5.142,0.3355,0.0000,0.6645,0.2570
blended_02_36_w70_30,180,420,360,180,-180,240,3.979,3.367,7.346,0.5975,0.0000,0.4025,0.3180
blended_02_36_w70_30,180,420,360,240,-180,180,3.170,3.364,6.533,0.4675,0.0000,0.5325,0.2770
blended_02_36_w70_30,180,420,360,300,-180,120,2.734,3.381,6.114,0.3870,0.0000,0.6130,0.2790
blended_02_36_w70_30,180,420,360,360,-180,60,2.390,3.348,5.738,0.3140,0.0000,0.6860,0.2850
blended_02_36_w70_30,180,420,360,420,-180,0,2.155,3.385,5.539,0.2740,0.0000,0.7260,0.3045
blended_02_36_w70_30,180,420,420,180,-240,240,4.026,3.946,7.972,0.5115,0.0000,0.4885,0.3310
blended_02_36_w70_30,180,420,420,240,-240,180,3.163,4.006,7.168,0.3510,0.0000,0.6490,0.3280
blended_02_36_w70_30,180,420,420,300,-240,120,2.705,3.990,6.696,0.2785,0.0000,0.7215,0.3425
blended_02_36_w70_30,180,420,420,360,-240,60,2.258,3.959,6.217,0.2045,0.0000,0.7955,0.3885
blended_02_36_w70_30,180,420,420,420,-240,0,2.001,3.964,5.965,0.1785,0.0000,0.8215,0.4200
blended_02_36_w70_30,240,180,180,180,60,0,4.513,3.986,8.499,0.5815,0.0000,0.4185,0.3400
blended_02_36_w70_30,240,180,180,240,60,-60,4.013,3.960,7.973,0.5045,0.0000,0.4955,0.3285
blended_02_36_w70_30,240,180,180,300,60,-120,3.373,3.932,7.304,0.4080,0.0000,0.5920,0.3230
blended_02_36_w70_30,240,180,180,360,60,-180,2.917,3.963,6.881,0.3290,0.0000,0.6710,0.3265
blended_02_36_w70_30,240,180,180,420,60,-240,2.517,4.029,6.546,0.2425,0.0000,0.7575,0.3705
blended_02_36_w70_30,240,180,240,180,0,0,4.637,4.577,9.214,0.5075,0.0000,0.4925,0.3550
blended_02_36_w70_30,240,180,240,240,0,-60,3.946,4.543,8.489,0.4050,0.0000,0.5950,0.3430
blended_02_36_w70_30,240,180,240,300,0,-120,3.308,4.659,7.967,0.2905,0.0000,0.7095,0.3725
blended_02_36_w70_30,240,180,240,360,0,-180,2.956,4.530,7.486,0.2535,0.0000,0.7465,0.4010
blended_02_36_w70_30,240,180,240,420,0,-240,2.434,4.530,6.965,0.1720,0.0000,0.8280,0.4455
blended_02_36_w70_30,240,180,300,180,-60,0,4.599,4.994,9.593,0.4420,0.0000,0.5580,0.3575
blended_02_36_w70_30,240,180,300,240,-60,-60,4.013,5.012,9.025,0.3505,0.0000,0.6495,0.3700
blended_02_36_w70_30,240,180,300,300,-60,-120,3.338,4.941,8.279,0.2530,0.0000,0.7470,0.4115
blended_02_36_w70_30,240,180,300,360,-60,-180,2.815,4.957,7.771,0.1905,0.0000,0.8095,0.4695
blended_02_36_w70_30,240,180,300,420,-60,-240,2.522,4.920,7.441,0.1465,0.0000,0.8535,0.4975
blended_02_36_w70_30,240,180,360,180,-120,0,4.529,5.164,9.692,0.3965,0.0000,0.6035,0.3580
blended_02_36_w70_30,240,180,360,240,-120,-60,3.865,5.159,9.024,0.3060,0.0000,0.6940,0.3865
blended_02_36_w70_30,240,180,360,300,-120,-120,3.326,5.242,8.568,0.2185,0.0000,0.7815,0.4450
blended_02_36_w70_30,240,180,360,360,-120,-180,2.872,5.133,8.005,0.1770,0.0000,0.8230,0.4800
blended_02_36_w70_30,240,180,360,420,-120,-240,2.456,5.144,7.601,0.1255,0.0000,0.8745,0.5530
blended_02_36_w70_30,240,180,420,180,-180,0,4.627,5.559,10.186,0.3575,0.0000,0.6425,0.3860
blended_02_36_w70_30,240,180,420,240,-180,-60,3.933,5.585,9.518,0.2615,0.0000,0.7385,0.4385
blended_02_36_w70_30,240,180,420,300,-180,-120,3.342,5.535,8.878,0.1790,0.0000,0.8210,0.4820
blended_02_36_w70_30,240,180,420,360,-180,-180,2.861,5.545,8.406,0.1315,0.0000,0.8685,0.5375
blended_02_36_w70_30,240,180,420,420,-180,-240,2.471,5.477,7.948,0.0950,0.0000,0.9050,0.5950
blended_02_36_w70_30,240,240,180,180,60,60,4.657,3.100,7.757,0.7280,0.0000,0.2720,0.3935
blended_02_36_w70_30,240,240,180,240,60,0,4.027,3.075,7.103,0.6695,0.0000,0.3305,0.3370
blended_02_36_w70_30,240,240,180,300,60,-60,3.402,3.174,6.576,0.5485,0.0000,0.4515,0.2620
blended_02_36_w70_30,240,240,180,360,60,-120,2.978,3.133,6.111,0.4610,0.0000,0.5390,0.2675
blended_02_36_w70_30,240,240,180,420,60,-180,2.495,3.208,5.704,0.3695,0.0000,0.6305,0.2725
blended_02_36_w70_30,240,240,240,180,0,60,4.646,3.979,8.625,0.5965,0.0000,0.4035,0.3280
blended_02_36_w70_30,240,240,240,240,0,0,3.974,3.929,7.903,0.4980,0.0000,0.5020,0.3005
blended_02_36_w70_30,240,240,240,300,0,-60,3.353,3.975,7.329,0.3925,0.0000,0.6075,0.3270
blended_02_36_w70_30,240,240,240,360,0,-120,3.013,3.998,7.010,0.3440,0.0000,0.6560,0.3430
blended_02_36_w70_30,240,240,240,420,0,-180,2.533,3.998,6.531,0.2565,0.0000,0.7435,0.3585
blended_02_36_w70_30,240,240,300,180,-60,60,4.583,4.409,8.992,0.5350,0.0000,0.4650,0.3725
blended_02_36_w70_30,240,240,300,240,-60,0,3.965,4.384,8.349,0.4250,0.0000,0.5750,0.3330
blended_02_36_w70_30,240,240,300,300,-60,-60,3.289,4.314,7.603,0.3275,0.0000,0.6725,0.3300
blended_02_36_w70_30,240,240,300,360,-60,-120,2.905,4.337,7.242,0.2565,0.0000,0.7435,0.3700
blended_02_36_w70_30,240,240,300,420,-60,-180,2.490,4.359,6.849,0.1990,0.0000,0.8010,0.4260
blended_02_36_w70_30,240,240,360,180,-120,60,4.616,4.806,9.422,0.4755,0.0000,0.5245,0.3480
blended_02_36_w70_30,240,240,360,240,-120,0,3.937,4.751,8.688,0.3685,0.0000,0.6315,0.3485
blended_02_36_w70_30,240,240,360,300,-120,-60,3.304,4.777,8.081,0.2710,0.0000,0.7290,0.3915
blended_02_36_w70_30,240,240,360,360,-120,-120,2.864,4.744,7.607,0.2125,0.0000,0.7875,0.4410
blended_02_36_w70_30,240,240,360,420,-120,-180,2.459,4.732,7.191,0.1575,0.0000,0.8425,0.4915
blended_02_36_w70_30,240,240,420,180,-180,60,4.678,5.027,9.704,0.4370,0.0000,0.5630,0.3410
blended_02_36_w70_30,240,240,420,240,-180,0,4.018,4.994,9.011,0.3585,0.0000,0.6415,0.3910
blended_02_36_w70_30,240,240,420,300,-180,-60,3.322,5.093,8.415,0.2315,0.0000,0.7685,0.4430
blended_02_36_w70_30,240,240,420,360,-180,-120,2.904,4.962,7.865,0.1860,0.0000,0.8140,0.4615
blended_02_36_w70_30,240,240,420,420,-180,-180,2.443,4.929,7.372,0.1425,0.0000,0.8575,0.5225
blended_02_36_w70_30,240,300,180,180,60,120,4.489,2.742,7.231,0.7625,0.0000,0.2375,0.4100
blended_02_36_w70_30,240,300,180,240,60,60,3.999,2.708,6.707,0.7150,0.0000,0.2850,0.3330
blended_02_36_w70_30,240,300,180,300,60,0,3.383,2.685,6.068,0.6285,0.0000,0.3715,0.2855
blended_02_36_w70_30,240,300,180,360,60,-60,3.002,2.712,5.714,0.5590,0.0000,0.4410,0.2395
blended_02_36_w70_30,240,300,180,420,60,-120,2.553,2.786,5.338,0.4510,0.0000,0.5490,0.2255
blended_02_36_w70_30,240,300,240,180,0,120,4.628,3.309,7.938,0.7065,0.0000,0.2935,0.3770
blended_02_36_w70_30,240,300,240,240,0,60,3.947,3.311,7.258,0.6125,0.0000,0.3875,0.3115
blended_02_36_w70_30,240,300,240,300,0,0,3.401,3.340,6.741,0.5135,0.0000,0.4865,0.2770
blended_02_36_w70_30,240,300,240,360,0,-60,2.949,3.397,6.346,0.4055,0.0000,0.5945,0.3055
blended_02_36_w70_30,240,300,240,420,0,-120,2.499,3.330,5.829,0.3530,0.0000,0.6470,0.2955
blended_02_36_w70_30,240,300,300,180,-60,120,4.584,3.938,8.522,0.5910,0.0000,0.4090,0.3540
blended_02_36_w70_30,240,300,300,240,-60,60,3.971,3.965,7.936,0.5110,0.0000,0.4890,0.3215
blended_02_36_w70_30,240,300,300,300,-60,0,3.332,3.916,7.248,0.3985,0.0000,0.6015,0.3210
blended_02_36_w70_30,240,300,300,360,-60,-60,2.937,3.964,6.901,0.3280,0.0000,0.6720,0.3390
blended_02_36_w70_30,240,300,300,420,-60,-120,2.534,3.977,6.511,0.2670,0.0000,0.7330,0.3655
blended_02_36_w70_30,240,300,360,180,-120,120,4.606,4.168,8.775,0.5670,0.0000,0.4330,0.3355
blended_02_36_w70_30,240,300,360,240,-120,60,3.965,4.190,8.155,0.4575,0.0000,0.5425,0.3295
blended_02_36_w70_30,240,300,360,300,-120,0,3.313,4.090,7.403,0.3650,0.0000,0.6350,0.3200
blended_02_36_w70_30,240,300,360,360,-120,-60,2.921,4.138,7.059,0.3020,0.0000,0.6980,0.3440
blended_02_36_w70_30,240,300,360,420,-120,-120,2.435,4.205,6.639,0.2100,0.0000,0.7900,0.3815
blended_02_36_w70_30,240,300,420,180,-180,120,4.641,4.571,9.212,0.5065,0.0000,0.4935,0.3460
blended_02_36_w70_30,240,300,420,240,-180,60,3.970,4.543,8.514,0.4145,0.0000,0.5855,0.3520
blended_02_36_w70_30,240,300,420,300,-180,0,3.292,4.609,7.901,0.2955,0.0000,0.7045,0.3705
blended_02_36_w70_30,240,300,420,360,-180,-60,2.897,4.553,7.450,0.2385,0.0000,0.7615,0.3955
blended_02_36_w70_30,240,300,420,420,-180,-120,2.490,4.625,7.115,0.1685,0.0000,0.8315,0.4610
blended_02_36_w70_30,240,360,180,180,60,180,4.539,2.356,6.895,0.8350,0.0000,0.1650,0.4525
blended_02_36_w70_30,240,360,180,240,60,120,3.917,2.297,6.213,0.7800,0.0000,0.2200,0.3730
blended_02_36_w70_30,240,360,180,300,60,60,3.384,2.360,5.744,0.6940,0.0000,0.3060,0.2795
blended_02_36_w70_30,240,360,180,360,60,0,2.967,2.328,5.295,0.6210,0.0000,0.3790,0.2435
blended_02_36_w70_30,240,360,180,420,60,-60,2.542,2.319,4.861,0.5470,0.0000,0.4530,0.2130
blended_02_36_w70_30,240,360,240,180,0,180,4.636,2.937,7.572,0.7675,0.0000,0.2325,0.4125
blended_02_36_w70_30,240,360,240,240,0,120,4.010,2.873,6.882,0.7000,0.0000,0.3000,0.3400
blended_02_36_w70_30,240,360,240,300,0,60,3.344,3.027,6.370,0.5590,0.0000,0.4410,0.2760
blended_02_36_w70_30,240,360,240,360,0,0,3.008,2.987,5.995,0.5035,0.0000,0.4965,0.2475
blended_02_36_w70_30,240,360,240,420,0,-60,2.575,2.912,5.487,0.4390,0.0000,0.5610,0.2420
blended_02_36_w70_30,240,360,300,180,-60,180,4.608,3.381,7.989,0.6825,0.0000,0.3175,0.3705
blended_02_36_w70_30,240,360,300,240,-60,120,4.000,3.338,7.339,0.6160,0.0000,0.3840,0.3080
blended_02_36_w70_30,240,360,300,300,-60,60,3.429,3.405,6.833,0.5185,0.0000,0.4815,0.2750
blended_02_36_w70_30,240,360,300,360,-60,0,2.986,3.427,6.412,0.4155,0.0000,0.5845,0.2685
blended_02_36_w70_30,240,360,300,420,-60,-60,2.486,3.296,5.782,0.3440,0.0000,0.6560,0.2700
blended_02_36_w70_30,240,360,360,180,-120,180,4.646,3.881,8.526,0.6200,0.0000,0.3800,0.3675
blended_02_36_w70_30,240,360,360,240,-120,120,3.981,3.986,7.967,0.5025,0.0000,0.4975,0.3100
blended_02_36_w70_30,240,360,360,300,-120,60,3.378,4.011,7.389,0.4000,0.0000,0.6000,0.3180
blended_02_36_w70_30,240,360,360,360,-120,0,2.901,4.002,6.902,0.3170,0.0000,0.6830,0.3345
blended_02_36_w70_30,240,360,360,420,-120,-60,2.489,3.945,6.434,0.2640,0.0000,0.7360,0.3600
blended_02_36_w70_30,240,360,420,180,-180,180,4.558,4.188,8.745,0.5525,0.0000,0.4475,0.3435
blended_02_36_w70_30,240,360,420,240,-180,120,3.934,4.167,8.101,0.4600,0.0000,0.5400,0.3230
blended_02_36_w70_30,240,360,420,300,-180,60,3.397,4.138,7.534,0.3690,0.0000,0.6310,0.3080
blended_02_36_w70_30,240,360,420,360,-180,0,2.930,4.167,7.097,0.2870,0.0000,0.7130,0.3470
blended_02_36_w70_30,240,360,420,420,-180,-60,2.561,4.174,6.735,0.2360,0.0000,0.7640,0.3730
blended_02_36_w70_30,240,420,180,180,60,240,4.532,2.074,6.606,0.8775,0.0000,0.1225,0.4865
blended_02_36_w70_30,240,420,180,240,60,180,3.927,2.103,6.030,0.8120,0.0000,0.1880,0.3935
blended_02_36_w70_30,240,420,180,300,60,120,3.373,2.083,5.457,0.7440,0.0000,0.2560,0.3035
blended_02_36_w70_30,240,420,180,360,60,60,2.939,2.128,5.068,0.6540,0.0000,0.3460,0.2715
blended_02_36_w70_30,240,420,180,420,60,0,2.548,2.123,4.671,0.5780,0.0000,0.4220,0.2065
blended_02_36_w70_30,240,420,240,180,0,240,4.548,2.438,6.985,0.8205,0.0000,0.1795,0.4595
blended_02_36_w70_30,240,420,240,240,0,180,3.953,2.510,6.463,0.7410,0.0000,0.2590,0.3515
blended_02_36_w70_30,240,420,240,300,0,120,3.373,2.515,5.889,0.6630,0.0000,0.3370,0.2805
blended_02_36_w70_30,240,420,240,360,0,60,3.002,2.511,5.514,0.5945,0.0000,0.4055,0.2640
blended_02_36_w70_30,240,420,240,420,0,0,2.540,2.583,5.123,0.4860,0.0000,0.5140,0.2175
blended_02_36_w70_30,240,420,300,180,-60,240,4.566,2.858,7.424,0.7720,0.0000,0.2280,0.4020
blended_02_36_w70_30,240,420,300,240,-60,180,3.982,2.921,6.902,0.6745,0.0000,0.3255,0.3325
blended_02_36_w70_30,240,420,300,300,-60,120,3.388,2.946,6.334,0.5820,0.0000,0.4180,0.2720
blended_02_36_w70_30,240,420,300,360,-60,60,2.962,2.989,5.951,0.4820,0.0000,0.5180,0.2585
blended_02_36_w70_30,240,420,300,420,-60,0,2.553,2.954,5.507,0.4250,0.0000,0.5750,0.2460
blended_02_36_w70_30,240,420,360,180,-120,240,4.620,3.281,7.901,0.7125,0.0000,0.2875,0.3855
blended_02_36_w70_30,240,420,360,240,-120,180,3.987,3.398,7.386,0.5955,0.0000,0.4045,0.2955
blended_02_36_w70_30,240,420,360,300,-120,120,3.467,3.373,6.841,0.5135,0.0000,0.4865,0.3065
blended_02_36_w70_30,240,420,360,360,-120,60,2.949,3.361,6.309,0.4250,0.0000,0.5750,0.2775
blended_02_36_w70_30,240,420,360,420,-120,0,2.478,3.346,5.825,0.3455,0.0000,0.6545,0.2870
blended_02_36_w70_30,240,420,420,180,-180,240,4.601,4.016,8.618,0.5860,0.0000,0.4140,0.3475
blended_02_36_w70_30,240,420,420,240,-180,180,4.037,3.924,7.960,0.5225,0.0000,0.4775,0.3385
blended_02_36_w70_30,240,420,420,300,-180,120,3.322,3.988,7.310,0.3925,0.0000,0.6075,0.3285
blended_02_36_w70_30,240,420,420,360,-180,60,2.945,3.961,6.905,0.3240,0.0000,0.6760,0.3260
blended_02_36_w70_30,240,420,420,420,-180,0,2.523,3.993,6.516,0.2585,0.0000,0.7415,0.3665
blended_02_36_w70_30,300,180,180,180,120,0,5.001,3.903,8.904,0.6625,0.0000,0.3375,0.4005
blended_02_36_w70_30,300,180,180,240,120,-60,4.294,3.911,8.205,0.5745,0.0000,0.4255,0.3185
blended_02_36_w70_30,300,180,180,300,120,-120,4.005,3.920,7.925,0.5030,0.0000,0.4970,0.3030
blended_02_36_w70_30,300,180,180,360,120,-180,3.338,4.017,7.355,0.3895,0.0000,0.6105,0.3215
blended_02_36_w70_30,300,180,180,420,120,-240,2.874,3.885,6.760,0.3260,0.0000,0.6740,0.3385
blended_02_36_w70_30,300,180,240,180,60,0,4.917,4.588,9.504,0.5380,0.0000,0.4620,0.3700
blended_02_36_w70_30,300,180,240,240,60,-60,4.395,4.623,9.018,0.4660,0.0000,0.5340,0.3425
blended_02_36_w70_30,300,180,240,300,60,-120,4.008,4.545,8.553,0.4155,0.0000,0.5845,0.3455
blended_02_36_w70_30,300,180,240,360,60,-180,3.361,4.579,7.940,0.3180,0.0000,0.6820,0.3755
blended_02_36_w70_30,300,180,240,420,60,-240,2.953,4.606,7.559,0.2375,0.0000,0.7625,0.4025
blended_02_36_w70_30,300,180,300,180,0,0,5.000,5.011,10.011,0.4920,0.0000,0.5080,0.3825
blended_02_36_w70_30,300,180,300,240,0,-60,4.404,5.030,9.435,0.3965,0.0000,0.6035,0.3780
blended_02_36_w70_30,300,180,300,300,0,-120,3.930,4.961,8.891,0.3410,0.0000,0.6590,0.3710
blended_02_36_w70_30,300,180,300,360,0,-180,3.302,5.019,8.321,0.2345,0.0000,0.7655,0.4255
blended_02_36_w70_30,300,180,300,420,0,-240,2.868,4.905,7.773,0.1960,0.0000,0.8040,0.4595
blended_02_36_w70_30,300,180,360,180,-60,0,5.058,5.187,10.245,0.4755,0.0000,0.5245,0.3640
blended_02_36_w70_30,300,180,360,240,-60,-60,4.387,5.093,9.480,0.3925,0.0000,0.6075,0.3590
blended_02_36_w70_30,300,180,360,300,-60,-120,3.911,5.196,9.107,0.3050,0.0000,0.6950,0.4115
blended_02_36_w70_30,300,180,360,360,-60,-180,3.300,5.188,8.487,0.2135,0.0000,0.7865,0.4510
blended_02_36_w70_30,300,180,360,420,-60,-240,2.853,5.154,8.006,0.1600,0.0000,0.8400,0.4755
blended_02_36_w70_30,300,180,420,180,-120,0,5.053,5.590,10.643,0.4145,0.0000,0.5855,0.3590
blended_02_36_w70_30,300,180,420,240,-120,-60,4.390,5.639,10.029,0.3085,0.0000,0.6915,0.3850
blended_02_36_w70_30,300,180,420,300,-120,-120,3.926,5.612,9.538,0.2520,0.0000,0.7480,0.4265
blended_02_36_w70_30,300,180,420,360,-120,-180,3.318,5.525,8.843,0.1825,0.0000,0.8175,0.4775
blended_02_36_w70_30,300,180,420,420,-120,-240,2.921,5.604,8.526,0.1480,0.0000,0.8520,0.5535
blended_02_36_w70_30,300,240,180,180,120,60,4.989,3.074,8.063,0.7920,0.0000,0.2080,0.4365
blended_02_36_w70_30,300,240,180,240,120,0,4.431,3.160,7.591,0.7030,0.0000,0.2970,0.3720
blended_02_36_w70_30,300,240,180,300,120,-60,4.042,3.143,7.185,0.6585,0.0000,0.3415,0.3235
blended_02_36_w70_30,300,240,180,360,120,-120,3.346,3.166,6.512,0.5365,0.0000,0.4635,0.2825
blended_02_36_w70_30,300,240,180,420,120,-180,2.965,3.194,6.159,0.4595,0.0000,0.5405,0.2680
blended_02_36_w70_30,300,240,240,180,60,60,5.024,3.997,9.021,0.6630,0.0000,0.3370,0.3810
blended_02_36_w70_30,300,240,240,240,60,0,4.318,3.991,8.309,0.5505,0.0000,0.4495,0.3345
blended_02_36_w70_30,300,240,240,300,60,-60,4.004,3.963,7.967,0.4990,0.0000,0.5010,0.3330
blended_02_36_w70_30,300,240,240,360,60,-120,3.423,3.956,7.379,0.3995,0.0000,0.6005,0.3085
blended_02_36_w70_30,300,240,240,420,60,-180,2.917,3.959,6.876,0.3200,0.0000,0.6800,0.3230
blended_02_36_w70_30,300,240,300,180,0,60,5.060,4.291,9.351,0.6165,0.0000,0.3835,0.3510
blended_02_36_w70_30,300,240,300,240,0,0,4.387,4.459,8.846,0.4920,0.0000,0.5080,0.3460
blended_02_36_w70_30,300,240,300,300,0,-60,4.005,4.319,8.324,0.4570,0.0000,0.5430,0.3345
blended_02_36_w70_30,300,240,300,360,0,-120,3.382,4.353,7.735,0.3395,0.0000,0.6605,0.3340
blended_02_36_w70_30,300,240,300,420,0,-180,2.914,4.353,7.267,0.2645,0.0000,0.7355,0.3710
blended_02_36_w70_30,300,240,360,180,-60,60,5.035,4.806,9.841,0.5270,0.0000,0.4730,0.3570
blended_02_36_w70_30,300,240,360,240,-60,0,4.360,4.808,9.168,0.4320,0.0000,0.5680,0.3540
blended_02_36_w70_30,300,240,360,300,-60,-60,4.045,4.833,8.878,0.3875,0.0000,0.6125,0.3500
blended_02_36_w70_30,300,240,360,360,-60,-120,3.300,4.767,8.068,0.2755,0.0000,0.7245,0.3965
blended_02_36_w70_30,300,240,360,420,-60,-180,2.912,4.771,7.683,0.2195,0.0000,0.7805,0.4370
blended_02_36_w70_30,300,240,420,180,-120,60,5.076,5.056,10.133,0.5020,0.0000,0.4980,0.3810
blended_02_36_w70_30,300,240,420,240,-120,0,4.321,4.955,9.276,0.4155,0.0000,0.5845,0.3670
blended_02_36_w70_30,300,240,420,300,-120,-60,3.976,5.042,9.018,0.3325,0.0000,0.6675,0.3770
blended_02_36_w70_30,300,240,420,360,-120,-120,3.330,5.023,8.354,0.2350,0.0000,0.7650,0.4055
blended_02_36_w70_30,300,240,420,420,-120,-180,2.801,4.921,7.723,0.1880,0.0000,0.8120,0.4650
blended_02_36_w70_30,300,300,180,180,120,120,4.969,2.720,7.690,0.8335,0.0000,0.1665,0.4795
blended_02_36_w70_30,300,300,180,240,120,60,4.375,2.692,7.067,0.7770,0.0000,0.2230,0.3890
blended_02_36_w70_30,300,300,180,300,120,0,4.006,2.711,6.717,0.7140,0.0000,0.2860,0.3445
blended_02_36_w70_30,300,300,180,360,120,-60,3.337,2.712,6.049,0.6170,0.0000,0.3830,0.2600
blended_02_36_w70_30,300,300,180,420,120,-120,2.998,2.740,5.738,0.5565,0.0000,0.4435,0.2475
blended_02_36_w70_30,300,300,240,180,60,120,5.003,3.348,8.351,0.7500,0.0000,0.2500,0.4065
blended_02_36_w70_30,300,300,240,240,60,60,4.370,3.350,7.720,0.6585,0.0000,0.3415,0.3485
blended_02_36_w70_30,300,300,240,300,60,0,4.022,3.273,7.296,0.6315,0.0000,0.3685,0.3225
blended_02_36_w70_30,300,300,240,360,60,-60,3.400,3.388,6.787,0.5050,0.0000,0.4950,0.2725
blended_02_36_w70_30,300,300,240,420,60,-120,3.005,3.316,6.321,0.4390,0.0000,0.5610,0.2595
blended_02_36_w70_30,300,300,300,180,0,120,5.015,3.941,8.956,0.6605,0.0000,0.3395,0.3690
blended_02_36_w70_30,300,300,300,240,0,60,4.450,3.936,8.386,0.5855,0.0000,0.4145,0.3415
blended_02_36_w70_30,300,300,300,300,0,0,3.936,4.022,7.958,0.4765,0.0000,0.5235,0.3225
blended_02_36_w70_30,300,300,300,360,0,-60,3.381,3.999,7.380,0.3965,0.0000,0.6035,0.3165
blended_02_36_w70_30,300,300,300,420,0,-120,2.926,3.944,6.870,0.3190,0.0000,0.6810,0.3190
blended_02_36_w70_30,300,300,360,180,-60,120,4.995,4.142,9.137,0.6325,0.0000,0.3675,0.3700
blended_02_36_w70_30,300,300,360,240,-60,60,4.426,4.178,8.604,0.5195,0.0000,0.4805,0.3300
blended_02_36_w70_30,300,300,360,300,-60,0,4.014,4.255,8.270,0.4695,0.0000,0.5305,0.3340
blended_02_36_w70_30,300,300,360,360,-60,-60,3.324,4.218,7.542,0.3495,0.0000,0.6505,0.3270
blended_02_36_w70_30,300,300,360,420,-60,-120,2.921,4.205,7.126,0.2785,0.0000,0.7215,0.3595
blended_02_36_w70_30,300,300,420,180,-120,120,4.936,4.617,9.552,0.5440,0.0000,0.4560,0.3410
blended_02_36_w70_30,300,300,420,240,-120,60,4.413,4.570,8.983,0.4800,0.0000,0.5200,0.3265
blended_02_36_w70_30,300,300,420,300,-120,0,3.910,4.596,8.506,0.4015,0.0000,0.5985,0.3560
blended_02_36_w70_30,300,300,420,360,-120,-60,3.372,4.590,7.962,0.3135,0.0000,0.6865,0.3670
blended_02_36_w70_30,300,300,420,420,-120,-120,2.949,4.525,7.474,0.2565,0.0000,0.7435,0.4055
blended_02_36_w70_30,300,360,180,180,120,180,4.918,2.271,7.189,0.8860,0.0000,0.1140,0.5315
blended_02_36_w70_30,300,360,180,240,120,120,4.377,2.300,6.678,0.8230,0.0000,0.1770,0.4490
blended_02_36_w70_30,300,360,180,300,120,60,4.022,2.323,6.345,0.7755,0.0000,0.2245,0.3925
blended_02_36_w70_30,300,360,180,360,120,0,3.365,2.316,5.681,0.6890,0.0000,0.3110,0.2905
blended_02_36_w70_30,300,360,180,420,120,-60,2.980,2.345,5.325,0.6200,0.0000,0.3800,0.2465
blended_02_36_w70_30,300,360,240,180,60,180,5.003,2.898,7.901,0.8060,0.0000,0.1940,0.4705
blended_02_36_w70_30,300,360,240,240,60,120,4.425,2.946,7.371,0.7390,0.0000,0.2610,0.3790
blended_02_36_w70_30,300,360,240,300,60,60,3.953,2.979,6.932,0.6630,0.0000,0.3370,0.3210
blended_02_36_w70_30,300,360,240,360,60,0,3.332,2.966,6.298,0.5625,0.0000,0.4375,0.2675
blended_02_36_w70_30,300,360,240,420,60,-60,2.953,2.959,5.912,0.4970,0.0000,0.5030,0.2430
blended_02_36_w70_30,300,360,300,180,0,180,4.984,3.316,8.299,0.7520,0.0000,0.2480,0.4035
blended_02_36_w70_30,300,360,300,240,0,120,4.383,3.286,7.668,0.6790,0.0000,0.3210,0.3410
blended_02_36_w70_30,300,360,300,300,0,60,3.954,3.402,7.356,0.5950,0.0000,0.4050,0.3330
blended_02_36_w70_30,300,360,300,360,0,0,3.377,3.361,6.739,0.4950,0.0000,0.5050,0.2700
blended_02_36_w70_30,300,360,300,420,0,-60,2.997,3.453,6.450,0.4195,0.0000,0.5805,0.2590
blended_02_36_w70_30,300,360,360,180,-60,180,4.982,3.938,8.919,0.6635,0.0000,0.3365,0.3780
blended_02_36_w70_30,300,360,360,240,-60,120,4.375,4.066,8.441,0.5425,0.0000,0.4575,0.3260
blended_02_36_w70_30,300,360,360,300,-60,60,4.015,3.947,7.962,0.5105,0.0000,0.4895,0.3200
blended_02_36_w70_30,300,360,360,360,-60,0,3.317,3.966,7.283,0.4000,0.0000,0.6000,0.3070
blended_02_36_w70_30,300,360,360,420,-60,-60,2.986,4.000,6.986,0.3315,0.0000,0.6685,0.3300
blended_02_36_w70_30,300,360,420,180,-120,180,5.030,4.207,9.237,0.6195,0.0000,0.3805,0.3735
blended_02_36_w70_30,300,360,420,240,-120,120,4.465,4.152,8.616,0.5500,0.0000,0.4500,0.3400
blended_02_36_w70_30,300,360,420,300,-120,60,3.914,4.158,8.072,0.4675,0.0000,0.5325,0.3380
blended_02_36_w70_30,300,360,420,360,-120,0,3.321,4.185,7.506,0.3605,0.0000,0.6395,0.3250
blended_02_36_w70_30,300,360,420,420,-120,-60,2.933,4.120,7.052,0.2950,0.0000,0.7050,0.3450
blended_02_36_w70_30,300,420,180,180,120,240,4.912,2.078,6.990,0.9060,0.0000,0.0940,0.5605
blended_02_36_w70_30,300,420,180,240,120,180,4.321,2.079,6.400,0.8490,0.0000,0.1510,0.4545
blended_02_36_w70_30,300,420,180,300,120,120,3.925,2.078,6.002,0.8150,0.0000,0.1850,0.4015
blended_02_36_w70_30,300,420,180,360,120,60,3.384,2.111,5.494,0.7345,0.0000,0.2655,0.3060
blended_02_36_w70_30,300,420,180,420,120,0,2.982,2.138,5.119,0.6695,0.0000,0.3305,0.2395
blended_02_36_w70_30,300,420,240,180,60,240,4.909,2.477,7.386,0.8580,0.0000,0.1420,0.4910
blended_02_36_w70_30,300,420,240,240,60,180,4.346,2.553,6.899,0.7835,0.0000,0.2165,0.4000
blended_02_36_w70_30,300,420,240,300,60,120,3.906,2.515,6.421,0.7450,0.0000,0.2550,0.3405
blended_02_36_w70_30,300,420,240,360,60,60,3.409,2.505,5.913,0.6615,0.0000,0.3385,0.3015
blended_02_36_w70_30,300,420,240,420,60,0,2.954,2.600,5.555,0.5560,0.0000,0.4440,0.2535
blended_02_36_w70_30,300,420,300,180,0,240,5.027,2.878,7.905,0.8275,0.0000,0.1725,0.4610
blended_02_36_w70_30,300,420,300,240,0,180,4.426,2.925,7.351,0.7415,0.0000,0.2585,0.3810
blended_02_36_w70_30,300,420,300,300,0,120,4.080,2.903,6.982,0.6925,0.0000,0.3075,0.3495
blended_02_36_w70_30,300,420,300,360,0,60,3.337,2.917,6.255,0.5800,0.0000,0.4200,0.2775
blended_02_36_w70_30,300,420,300,420,0,0,2.948,2.912,5.860,0.5015,0.0000,0.4985,0.2375
blended_02_36_w70_30,300,420,360,180,-60,240,4.916,3.349,8.265,0.7325,0.0000,0.2675,0.4110
blended_02_36_w70_30,300,420,360,240,-60,180,4.322,3.361,7.684,0.6595,0.0000,0.3405,0.3435
blended_02_36_w70_30,300,420,360,300,-60,120,3.982,3.373,7.355,0.5935,0.0000,0.4065,0.3150
blended_02_36_w70_30,300,420,360,360,-60,60,3.310,3.354,6.665,0.4955,0.0000,0.5045,0.2800
blended_02_36_w70_30,300,420,360,420,-60,0,2.966,3.352,6.318,0.4290,0.0000,0.5710,0.2610
blended_02_36_w70_30,300,420,420,180,-120,240,4.968,3.975,8.944,0.6580,0.0000,0.3420,0.3840
blended_02_36_w70_30,300,420,420,240,-120,180,4.362,4.048,8.410,0.5525,0.0000,0.4475,0.3175
blended_02_36_w70_30,300,420,420,300,-120,120,4.004,3.939,7.943,0.5150,0.0000,0.4850,0.2980
blended_02_36_w70_30,300,420,420,360,-120,60,3.375,4.054,7.429,0.3860,0.0000,0.6140,0.3145
blended_02_36_w70_30,300,420,420,420,-120,0,2.906,3.917,6.823,0.3360,0.0000,0.6640,0.3290
blended_02_36_w70_30,360,180,180,180,180,0,5.206,3.959,9.165,0.6940,0.0000,0.3060,0.3960
blended_02_36_w70_30,360,180,180,240,180,-60,4.843,3.991,8.834,0.6305,0.0000,0.3695,0.3500
blended_02_36_w70_30,360,180,180,300,180,-120,4.210,4.019,8.229,0.5320,0.0000,0.4680,0.3275
blended_02_36_w70_30,360,180,180,360,180,-180,3.922,3.933,7.855,0.4945,0.0000,0.5055,0.3080
blended_02_36_w70_30,360,180,180,420,180,-240,3.393,3.954,7.347,0.4015,0.0000,0.5985,0.3185
blended_02_36_w70_30,360,180,240,180,120,0,5.237,4.625,9.863,0.5860,0.0000,0.4140,0.3950
blended_02_36_w70_30,360,180,240,240,120,-60,4.765,4.525,9.290,0.5450,0.0000,0.4550,0.3465
blended_02_36_w70_30,360,180,240,300,120,-120,4.171,4.617,8.789,0.4220,0.0000,0.5780,0.3450
blended_02_36_w70_30,360,180,240,360,120,-180,3.942,4.541,8.483,0.4125,0.0000,0.5875,0.3365
blended_02_36_w70_30,360,180,240,420,120,-240,3.274,4.611,7.885,0.2960,0.0000,0.7040,0.3885
blended_02_36_w70_30,360,180,300,180,60,0,5.243,5.010,10.253,0.5355,0.0000,0.4645,0.3515
blended_02_36_w70_30,360,180,300,240,60,-60,4.744,4.891,9.636,0.4765,0.0000,0.5235,0.3615
blended_02_36_w70_30,360,180,300,300,60,-120,4.229,4.979,9.207,0.3935,0.0000,0.6065,0.3720
blended_02_36_w70_30,360,180,300,360,60,-180,3.923,5.002,8.925,0.3340,0.0000,0.6660,0.3640
blended_02_36_w70_30,360,180,300,420,60,-240,3.325,5.011,8.335,0.2385,0.0000,0.7615,0.4050
blended_02_36_w70_30,360,180,360,180,0,0,5.176,5.191,10.366,0.5015,0.0000,0.4985,0.3625
blended_02_36_w70_30,360,180,360,240,0,-60,4.768,5.218,9.986,0.4350,0.0000,0.5650,0.3555
blended_02_36_w70_30,360,180,360,300,0,-120,4.178,5.199,9.377,0.3440,0.0000,0.6560,0.3750
blended_02_36_w70_30,360,180,360,360,0,-180,3.979,5.163,9.143,0.3200,0.0000,0.6800,0.4130
blended_02_36_w70_30,360,180,360,420,0,-240,3.425,5.157,8.582,0.2365,0.0000,0.7635,0.4295
blended_02_36_w70_30,360,180,420,180,-60,0,5.278,5.695,10.973,0.4280,0.0000,0.5720,0.3865
blended_02_36_w70_30,360,180,420,240,-60,-60,4.830,5.660,10.491,0.3775,0.0000,0.6225,0.3740
blended_02_36_w70_30,360,180,420,300,-60,-120,4.186,5.532,9.718,0.3035,0.0000,0.6965,0.4035
blended_02_36_w70_30,360,180,420,360,-60,-180,3.899,5.689,9.588,0.2320,0.0000,0.7680,0.4340
blended_02_36_w70_30,360,180,420,420,-60,-240,3.296,5.572,8.869,0.1850,0.0000,0.8150,0.5015
blended_02_36_w70_30,360,240,180,180,180,60,5.175,3.079,8.254,0.8040,0.0000,0.1960,0.4580
blended_02_36_w70_30,360,240,180,240,180,0,4.739,3.068,7.807,0.7535,0.0000,0.2465,0.4065
blended_02_36_w70_30,360,240,180,300,180,-60,4.143,3.136,7.279,0.6740,0.0000,0.3260,0.3330
blended_02_36_w70_30,360,240,180,360,180,-120,3.961,3.187,7.147,0.6225,0.0000,0.3775,0.3105
blended_02_36_w70_30,360,240,180,420,180,-180,3.373,3.143,6.516,0.5455,0.0000,0.4545,0.2695
blended_02_36_w70_30,360,240,240,180,120,60,5.179,3.938,9.117,0.6955,0.0000,0.3045,0.3960
blended_02_36_w70_30,360,240,240,240,120,0,4.810,3.957,8.767,0.6400,0.0000,0.3600,0.3585
blended_02_36_w70_30,360,240,240,300,120,-60,4.157,3.975,8.133,0.5405,0.0000,0.4595,0.3260
blended_02_36_w70_30,360,240,240,360,120,-120,4.044,4.071,8.114,0.4910,0.0000,0.5090,0.3020
blended_02_36_w70_30,360,240,240,420,120,-180,3.332,4.005,7.337,0.3945,0.0000,0.6055,0.3140
blended_02_36_w70_30,360,240,300,180,60,60,5.157,4.369,9.525,0.6215,0.0000,0.3785,0.3815
blended_02_36_w70_30,360,240,300,240,60,0,4.702,4.418,9.120,0.5470,0.0000,0.4530,0.3490
blended_02_36_w70_30,360,240,300,300,60,-60,4.125,4.364,8.489,0.4520,0.0000,0.5480,0.3430
blended_02_36_w70_30,360,240,300,360,60,-120,3.999,4.364,8.364,0.4380,0.0000,0.5620,0.3385
blended_02_36_w70_30,360,240,300,420,60,-180,3.391,4.407,7.798,0.3345,0.0000,0.6655,0.3645
blended_02_36_w70_30,360,240,360,180,0,60,5.196,4.740,9.936,0.5710,0.0000,0.4290,0.3530
blended_02_36_w70_30,360,240,360,240,0,0,4.822,4.747,9.569,0.5155,0.0000,0.4845,0.3585
blended_02_36_w70_30,360,240,360,300,0,-60,4.150,4.885,9.035,0.3870,0.0000,0.6130,0.3625
blended_02_36_w70_30,360,240,360,360,0,-120,4.014,4.763,8.778,0.3775,0.0000,0.6225,0.3505
blended_02_36_w70_30,360,240,360,420,0,-180,3.384,4.720,8.104,0.2905,0.0000,0.7095,0.3870
blended_02_36_w70_30,360,240,420,180,-60,60,5.199,4.986,10.184,0.5265,0.0000,0.4735,0.3655
blended_02_36_w70_30,360,240,420,240,-60,0,4.757,5.008,9.765,0.4565,0.0000,0.5435,0.3540
blended_02_36_w70_30,360,240,420,300,-60,-60,4.215,5.020,9.235,0.3770,0.0000,0.6230,0.3705
blended_02_36_w70_30,360,240,420,360,-60,-120,3.979,5.035,9.015,0.3385,0.0000,0.6615,0.3810
blended_02_36_w70_30,360,240,420,420,-60,-180,3.306,5.019,8.325,0.2340,0.0000,0.7660,0.4125
blended_02_36_w70_30,360,300,180,180,180,120,5.104,2.667,7.771,0.8485,0.0000,0.1515,0.5065
blended_02_36_w70_30,360,300,180,240,180,60,4.653,2.695,7.348,0.7960,0.0000,0.2040,0.4345
blended_02_36_w70_30,360,300,180,300,180,0,4.137,2.736,6.872,0.7275,0.0000,0.2725,0.3615
blended_02_36_w70_30,360,300,180,360,180,-60,3.945,2.616,6.561,0.7275,0.0000,0.2725,0.3525
blended_02_36_w70_30,360,300,180,420,180,-120,3.374,2.766,6.140,0.6135,0.0000,0.3865,0.2880
blended_02_36_w70_30,360,300,240,180,120,120,5.239,3.303,8.543,0.7975,0.0000,0.2025,0.4480
blended_02_36_w70_30,360,300,240,240,120,60,4.747,3.322,8.070,0.7220,0.0000,0.2780,0.3870
blended_02_36_w70_30,360,300,240,300,120,0,4.193,3.363,7.556,0.6425,0.0000,0.3575,0.3235
blended_02_36_w70_30,360,300,240,360,120,-60,3.983,3.446,7.429,0.5940,0.0000,0.4060,0.3040
blended_02_36_w70_30,360,300,240,420,120,-120,3.425,3.392,6.816,0.5045,0.0000,0.4955,0.2930
blended_02_36_w70_30,360,300,300,180,60,120,5.237,3.928,9.165,0.6975,0.0000,0.3025,0.4105
blended_02_36_w70_30,360,300,300,240,60,60,4.818,3.909,8.726,0.6450,0.0000,0.3550,0.3615
blended_02_36_w70_30,360,300,300,300,60,0,4.172,3.998,8.170,0.5240,0.0000,0.4760,0.3240
blended_02_36_w70_30,360,300,300,360,60,-60,4.000,3.989,7.989,0.5040,0.0000,0.4960,0.3025
blended_02_36_w70_30,360,300,300,420,60,-120,3.345,4.029,7.373,0.3920,0.0000,0.6080,0.3175
blended_02_36_w70_30,360,300,360,180,0,120,5.228,4.136,9.364,0.6650,0.0000,0.3350,0.3750
blended_02_36_w70_30,360,300,360,240,0,60,4.745,4.151,8.896,0.5850,0.0000,0.4150,0.3485
blended_02_36_w70_30,360,300,360,300,0,0,4.226,4.122,8.349,0.5155,0.0000,0.4845,0.3140
blended_02_36_w70_30,360,300,360,360,0,-60,4.069,4.226,8.295,0.4695,0.0000,0.5305,0.3160
blended_02_36_w70_30,360,300,360,420,0,-120,3.357,4.100,7.457,0.3810,0.0000,0.6190,0.3325
blended_02_36_w70_30,360,300,420,180,-60,120,5.191,4.588,9.780,0.5895,0.0000,0.4105,0.3745
blended_02_36_w70_30,360,300,420,240,-60,60,4.790,4.638,9.427,0.5275,0.0000,0.4725,0.3470
blended_02_36_w70_30,360,300,420,300,-60,0,4.199,4.536,8.735,0.4445,0.0000,0.5555,0.3450
blended_02_36_w70_30,360,300,420,360,-60,-60,3.966,4.627,8.592,0.4005,0.0000,0.5995,0.3485
blended_02_36_w70_30,360,300,420,420,-60,-120,3.310,4.600,7.910,0.3045,0.0000,0.6955,0.3770
blended_02_36_w70_30,360,360,180,180,180,180,5.107,2.289,7.396,0.8985,0.0000,0.1015,0.5620
blended_02_36_w70_30,360,360,180,240,180,120,4.715,2.320,7.034,0.8555,0.0000,0.1445,0.5000
blended_02_36_w70_30,360,360,180,300,180,60,4.128,2.265,6.393,0.8070,0.0000,0.1930,0.4035
blended_02_36_w70_30,360,360,180,360,180,0,4.071,2.267,6.337,0.8005,0.0000,0.1995,0.3880
blended_02_36_w70_30,360,360,180,420,180,-60,3.418,2.312,5.730,0.7040,0.0000,0.2960,0.3030
blended_02_36_w70_30,360,360,240,180,120,180,5.194,2.941,8.134,0.8250,0.0000,0.1750,0.4775
blended_02_36_w70_30,360,360,240,240,120,120,4.765,2.898,7.663,0.7865,0.0000,0.2135,0.4220
blended_02_36_w70_30,360,360,240,300,120,60,4.173,2.986,7.160,0.6870,0.0000,0.3130,0.3425
blended_02_36_w70_30,360,360,240,360,120,0,3.979,2.902,6.881,0.6860,0.0000,0.3140,0.3160
blended_02_36_w70_30,360,360,240,420,120,-60,3.353,2.957,6.309,0.5710,0.0000,0.4290,0.2720
blended_02_36_w70_30,360,360,300,180,60,180,5.176,3.340,8.516,0.7855,0.0000,0.2145,0.4335
blended_02_36_w70_30,360,360,300,240,60,120,4.781,3.304,8.085,0.7330,0.0000,0.2670,0.3870
blended_02_36_w70_30,360,360,300,300,60,60,4.219,3.316,7.535,0.6525,0.0000,0.3475,0.3390
blended_02_36_w70_30,360,360,300,360,60,0,3.998,3.371,7.370,0.6055,0.0000,0.3945,0.3105
blended_02_36_w70_30,360,360,300,420,60,-60,3.321,3.373,6.694,0.4900,0.0000,0.5100,0.2860
blended_02_36_w70_30,360,360,360,180,0,180,5.189,3.936,9.125,0.6970,0.0000,0.3030,0.3890
blended_02_36_w70_30,360,360,360,240,0,120,4.737,3.986,8.723,0.6180,0.0000,0.3820,0.3545
blended_02_36_w70_30,360,360,360,300,0,60,4.218,3.901,8.119,0.5605,0.0000,0.4395,0.3040
blended_02_36_w70_30,360,360,360,360,0,0,3.925,4.006,7.931,0.4990,0.0000,0.5010,0.3010
blended_02_36_w70_30,360,360,360,420,0,-60,3.382,3.962,7.344,0.4130,0.0000,0.5870,0.3265
blended_02_36_w70_30,360,360,420,180,-60,180,5.239,4.234,9.473,0.6490,0.0000,0.3510,0.3915
blended_02_36_w70_30,360,360,420,240,-60,120,4.787,4.114,8.901,0.6085,0.0000,0.3915,0.3750
blended_02_36_w70_30,360,360,420,300,-60,60,4.205,4.181,8.386,0.5025,0.0000,0.4975,0.3115
blended_02_36_w70_30,360,360,420,360,-60,0,3.986,4.226,8.211,0.4615,0.0000,0.5385,0.3235
blended_02_36_w70_30,360,360,420,420,-60,-60,3.409,4.245,7.654,0.3635,0.0000,0.6365,0.3330
blended_02_36_w70_30,360,420,180,180,180,240,5.052,2.066,7.118,0.9185,0.0000,0.0815,0.5850
blended_02_36_w70_30,360,420,180,240,180,180,4.667,2.045,6.712,0.8790,0.0000,0.1210,0.5235
blended_02_36_w70_30,360,420,180,300,180,120,4.152,2.042,6.194,0.8455,0.0000,0.1545,0.4295
blended_02_36_w70_30,360,420,180,360,180,60,3.971,2.039,6.011,0.8090,0.0000,0.1910,0.4145
blended_02_36_w70_30,360,420,180,420,180,0,3.357,2.162,5.518,0.7205,0.0000,0.2795,0.2895
blended_02_36_w70_30,360,420,240,180,120,240,5.048,2.435,7.482,0.8695,0.0000,0.1305,0.5365
blended_02_36_w70_30,360,420,240,240,120,180,4.675,2.510,7.185,0.8315,0.0000,0.1685,0.4585
blended_02_36_w70_30,360,420,240,300,120,120,4.143,2.504,6.646,0.7730,0.0000,0.2270,0.3720
blended_02_36_w70_30,360,420,240,360,120,60,4.042,2.495,6.537,0.7535,0.0000,0.2465,0.3655
blended_02_36_w70_30,360,420,240,420,120,0,3.361,2.538,5.899,0.6590,0.0000,0.3410,0.2865
blended_02_36_w70_30,360,420,300,180,60,240,5.167,2.961,8.127,0.8160,0.0000,0.1840,0.4690
blended_02_36_w70_30,360,420,300,240,60,180,4.755,2.921,7.676,0.7790,0.0000,0.2210,0.4335
blended_02_36_w70_30,360,420,300,300,60,120,4.176,2.901,7.077,0.7105,0.0000,0.2895,0.3440
blended_02_36_w70_30,360,420,300,360,60,60,3.962,2.941,6.902,0.6620,0.0000,0.3380,0.3355
blended_02_36_w70_30,360,420,300,420,60,0,3.374,2.931,6.306,0.5785,0.0000,0.4215,0.2710
blended_02_36_w70_30,360,420,360,180,0,240,5.154,3.355,8.508,0.7660,0.0000,0.2340,0.4385
blended_02_36_w70_30,360,420,360,240,0,180,4.763,3.394,8.157,0.7125,0.0000,0.2875,0.3810
blended_02_36_w70_30,360,420,360,300,0,120,4.250,3.364,7.614,0.6285,0.0000,0.3715,0.3495
blended_02_36_w70_30,360,420,360,360,0,60,4.048,3.413,7.461,0.6020,0.0000,0.3980,0.3275
blended_02_36_w70_30,360,420,360,420,0,0,3.458,3.350,6.809,0.5175,0.0000,0.4825,0.2980
blended_02_36_w70_30,360,420,420,180,-60,240,5.255,4.021,9.276,0.6905,0.0000,0.3095,0.3915
blended_02_36_w70_30,360,420,420,240,-60,180,4.786,3.932,8.717,0.6310,0.0000,0.3690,0.3850
blended_02_36_w70_30,360,420,420,300,-60,120,4.168,4.013,8.181,0.5295,0.0000,0.4705,0.3270
blended_02_36_w70_30,360,420,420,360,-60,60,4.019,3.878,7.897,0.5305,0.0000,0.4695,0.3135
blended_02_36_w70_30,360,420,420,420,-60,0,3.369,3.937,7.306,0.4020,0.0000,0.5980,0.2900
blended_02_36_w70_30,420,180,180,180,240,0,5.608,3.836,9.444,0.7460,0.0000,0.2540,0.4490
blended_02_36_w70_30,420,180,180,240,240,-60,4.955,3.995,8.950,0.6535,0.0000,0.3465,0.3765
blended_02_36_w70_30,420,180,180,300,240,-120,4.615,3.994,8.609,0.6135,0.0000,0.3865,0.3430
blended_02_36_w70_30,420,180,180,360,240,-180,4.232,3.954,8.186,0.5530,0.0000,0.4470,0.3130
blended_02_36_w70_30,420,180,180,420,240,-240,3.921,4.007,7.928,0.4920,0.0000,0.5080,0.3170
blended_02_36_w70_30,420,180,240,180,180,0,5.659,4.566,10.225,0.6615,0.0000,0.3385,0.3945
blended_02_36_w70_30,420,180,240,240,180,-60,5.054,4.526,9.580,0.5725,0.0000,0.4275,0.3695
blended_02_36_w70_30,420,180,240,300,180,-120,4.563,4.543,9.105,0.5075,0.0000,0.4925,0.3575
blended_02_36_w70_30,420,180,240,360,180,-180,4.146,4.552,8.698,0.4400,0.0000,0.5600,0.3500
blended_02_36_w70_30,420,180,240,420,180,-240,3.932,4.632,8.563,0.4025,0.0000,0.5975,0.3425
blended_02_36_w70_30,420,180,300,180,120,0,5.619,4.979,10.597,0.6015,0.0000,0.3985,0.3755
blended_02_36_w70_30,420,180,300,240,120,-60,4.983,5.014,9.997,0.4930,0.0000,0.5070,0.3585
blended_02_36_w70_30,420,180,300,300,120,-120,4.534,5.016,9.550,0.4275,0.0000,0.5725,0.3710
blended_02_36_w70_30,420,180,300,360,120,-180,4.138,4.989,9.127,0.3715,0.0000,0.6285,0.3785
blended_02_36_w70_30,420,180,300,420,120,-240,3.994,5.055,9.050,0.3345,0.0000,0.6655,0.3710
blended_02_36_w70_30,420,180,360,180,60,0,5.699,5.085,10.785,0.5975,0.0000,0.4025,0.3895
blended_02_36_w70_30,420,180,360,240,60,-60,4.956,5.141,10.098,0.4680,0.0000,0.5320,0.3715
blended_02_36_w70_30,420,180,360,300,60,-120,4.577,5.241,9.818,0.3980,0.0000,0.6020,0.3675
blended_02_36_w70_30,420,180,360,360,60,-180,4.222,5.233,9.455,0.3375,0.0000,0.6625,0.3850
blended_02_36_w70_30,420,180,360,420,60,-240,3.857,5.193,9.050,0.2875,0.0000,0.7125,0.3920
blended_02_36_w70_30,420,180,420,180,0,0,5.588,5.596,11.184,0.4985,0.0000,0.5015,0.3675
blended_02_36_w70_30,420,180,420,240,0,-60,4.949,5.620,10.569,0.3920,0.0000,0.6080,0.3925
blended_02_36_w70_30,420,180,420,300,0,-120,4.573,5.620,10.193,0.3415,0.0000,0.6585,0.4055
blended_02_36_w70_30,420,180,420,360,0,-180,4.172,5.532,9.704,0.2990,0.0000,0.7010,0.4205
blended_02_36_w70_30,420,180,420,420,0,-240,3.994,5.512,9.506,0.2770,0.0000,0.7230,0.4330
blended_02_36_w70_30,420,240,180,180,240,60,5.512,3.064,8.576,0.8290,0.0000,0.1710,0.5245
blended_02_36_w70_30,420,240,180,240,240,0,5.006,3.118,8.124,0.7770,0.0000,0.2230,0.4355
blended_02_36_w70_30,420,240,180,300,240,-60,4.639,3.126,7.765,0.7330,0.0000,0.2670,0.3955
blended_02_36_w70_30,420,240,180,360,240,-120,4.103,3.076,7.179,0.6705,0.0000,0.3295,0.3195
blended_02_36_w70_30,420,240,180,420,240,-180,3.948,3.112,7.060,0.6480,0.0000,0.3520,0.3105
blended_02_36_w70_30,420,240,240,180,180,60,5.617,3.877,9.494,0.7530,0.0000,0.2470,0.4430
blended_02_36_w70_30,420,240,240,240,180,0,5.015,3.949,8.964,0.6555,0.0000,0.3445,0.3905
blended_02_36_w70_30,420,240,240,300,180,-60,4.667,3.966,8.633,0.6175,0.0000,0.3825,0.3510
blended_02_36_w70_30,420,240,240,360,180,-120,4.170,4.002,8.171,0.5285,0.0000,0.4715,0.3010
blended_02_36_w70_30,420,240,240,420,180,-180,3.913,3.965,7.877,0.4875,0.0000,0.5125,0.3115
blended_02_36_w70_30,420,240,300,180,120,60,5.579,4.321,9.899,0.6745,0.0000,0.3255,0.4145
blended_02_36_w70_30,420,240,300,240,120,0,5.029,4.349,9.378,0.6025,0.0000,0.3975,0.3670
blended_02_36_w70_30,420,240,300,300,120,-60,4.535,4.434,8.970,0.5170,0.0000,0.4830,0.3395
blended_02_36_w70_30,420,240,300,360,120,-120,4.208,4.362,8.571,0.4755,0.0000,0.5245,0.3475
blended_02_36_w70_30,420,240,300,420,120,-180,4.013,4.378,8.392,0.4310,0.0000,0.5690,0.3320
blended_02_36_w70_30,420,240,360,180,60,60,5.665,4.788,10.453,0.6270,0.0000,0.3730,0.3990
blended_02_36_w70_30,420,240,360,240,60,0,4.944,4.822,9.766,0.5130,0.0000,0.4870,0.3690
blended_02_36_w70_30,420,240,360,300,60,-60,4.593,4.859,9.451,0.4490,0.0000,0.5510,0.3375
blended_02_36_w70_30,420,240,360,360,60,-120,4.173,4.843,9.016,0.3955,0.0000,0.6045,0.3525
blended_02_36_w70_30,420,240,360,420,60,-180,3.943,4.854,8.796,0.3530,0.0000,0.6470,0.3580
blended_02_36_w70_30,420,240,420,180,0,60,5.588,5.009,10.598,0.5875,0.0000,0.4125,0.3755
blended_02_36_w70_30,420,240,420,240,0,0,5.080,4.908,9.989,0.5290,0.0000,0.4710,0.3655
blended_02_36_w70_30,420,240,420,300,0,-60,4.635,5.004,9.639,0.4460,0.0000,0.5540,0.3590
blended_02_36_w70_30,420,240,420,360,0,-120,4.199,4.968,9.167,0.3815,0.0000,0.6185,0.3730
blended_02_36_w70_30,420,240,420,420,0,-180,3.929,4.992,8.921,0.3355,0.0000,0.6645,0.3800
blended_02_36_w70_30,420,300,180,180,240,120,5.569,2.656,8.225,0.8850,0.0000,0.1150,0.5875
blended_02_36_w70_30,420,300,180,240,240,60,4.928,2.654,7.582,0.8380,0.0000,0.1620,0.4825
blended_02_36_w70_30,420,300,180,300,240,0,4.537,2.752,7.289,0.7805,0.0000,0.2195,0.4240
blended_02_36_w70_30,420,300,180,360,240,-60,4.207,2.659,6.865,0.7545,0.0000,0.2455,0.3670
blended_02_36_w70_30,420,300,180,420,240,-120,3.957,2.768,6.726,0.7000,0.0000,0.3000,0.3405
blended_02_36_w70_30,420,300,240,180,180,120,5.504,3.304,8.808,0.8160,0.0000,0.1840,0.4875
blended_02_36_w70_30,420,300,240,240,180,60,4.933,3.291,8.223,0.7535,0.0000,0.2465,0.4235
blended_02_36_w70_30,420,300,240,300,180,0,4.555,3.248,7.803,0.7055,0.0000,0.2945,0.3730
blended_02_36_w70_30,420,300,240,360,180,-60,4.197,3.345,7.543,0.6445,0.0000,0.3555,0.3360
blended_02_36_w70_30,420,300,240,420,180,-120,3.926,3.383,7.309,0.5925,0.0000,0.4075,0.3185
blended_02_36_w70_30,420,300,300,180,120,120,5.564,4.036,9.600,0.7300,0.0000,0.2700,0.4220
blended_02_36_w70_30,420,300,300,240,120,60,4.897,3.908,8.805,0.6515,0.0000,0.3485,0.3745
blended_02_36_w70_30,420,300,300,300,120,0,4.634,3.942,8.576,0.6055,0.0000,0.3945,0.3375
blended_02_36_w70_30,420,300,300,360,120,-60,4.172,4.008,8.180,0.5275,0.0000,0.4725,0.3295
blended_02_36_w70_30,420,300,300,420,120,-120,3.921,3.962,7.883,0.4935,0.0000,0.5065,0.3145
blended_02_36_w70_30,420,300,360,180,60,120,5.570,4.100,9.670,0.7175,0.0000,0.2825,0.4160
blended_02_36_w70_30,420,300,360,240,60,60,5.035,4.170,9.206,0.6280,0.0000,0.3720,0.3750
blended_02_36_w70_30,420,300,360,300,60,0,4.616,4.193,8.809,0.5695,0.0000,0.4305,0.3495
blended_02_36_w70_30,420,300,360,360,60,-60,4.214,4.171,8.386,0.5000,0.0000,0.5000,0.3140
blended_02_36_w70_30,420,300,360,420,60,-120,4.009,4.229,8.238,0.4575,0.0000,0.5425,0.3180
blended_02_36_w70_30,420,300,420,180,0,120,5.605,4.623,10.228,0.6480,0.0000,0.3520,0.3975
blended_02_36_w70_30,420,300,420,240,0,60,5.032,4.546,9.578,0.5750,0.0000,0.4250,0.3565
blended_02_36_w70_30,420,300,420,300,0,0,4.596,4.607,9.204,0.5065,0.0000,0.4935,0.3570
blended_02_36_w70_30,420,300,420,360,0,-60,4.244,4.601,8.844,0.4395,0.0000,0.5605,0.3260
blended_02_36_w70_30,420,300,420,420,0,-120,3.976,4.574,8.550,0.4050,0.0000,0.5950,0.3445
blended_02_36_w70_30,420,360,180,180,240,180,5.527,2.218,7.745,0.9285,0.0000,0.0715,0.6325
blended_02_36_w70_30,420,360,180,240,240,120,4.955,2.263,7.218,0.8845,0.0000,0.1155,0.5245
blended_02_36_w70_30,420,360,180,300,240,60,4.514,2.279,6.793,0.8460,0.0000,0.1540,0.4700
blended_02_36_w70_30,420,360,180,360,240,0,4.127,2.312,6.439,0.8010,0.0000,0.1990,0.3890
blended_02_36_w70_30,420,360,180,420,240,-60,3.994,2.301,6.296,0.7775,0.0000,0.2225,0.3820
blended_02_36_w70_30,420,360,240,180,180,180,5.513,2.865,8.379,0.8680,0.0000,0.1320,0.5335
blended_02_36_w70_30,420,360,240,240,180,120,4.994,2.930,7.924,0.8095,0.0000,0.1905,0.4500
blended_02_36_w70_30,420,360,240,300,180,60,4.639,2.909,7.548,0.7810,0.0000,0.2190,0.3915
blended_02_36_w70_30,420,360,240,360,180,0,4.160,2.932,7.092,0.7025,0.0000,0.2975,0.3550
blended_02_36_w70_30,420,360,240,420,180,-60,3.998,2.922,6.921,0.6785,0.0000,0.3215,0.3235
blended_02_36_w70_30,420,360,300,180,120,180,5.646,3.269,8.915,0.8435,0.0000,0.1565,0.5040
blended_02_36_w70_30,420,360,300,240,120,120,4.975,3.361,8.336,0.7485,0.0000,0.2515,0.4060
blended_02_36_w70_30,420,360,300,300,120,60,4.555,3.360,7.915,0.6870,0.0000,0.3130,0.3630
blended_02_36_w70_30,420,360,300,360,120,0,4.199,3.327,7.526,0.6390,0.0000,0.3610,0.3315
blended_02_36_w70_30,420,360,300,420,120,-60,3.979,3.373,7.353,0.6040,0.0000,0.3960,0.3120
blended_02_36_w70_30,420,360,360,180,60,180,5.530,3.894,9.424,0.7330,0.0000,0.2670,0.4585
blended_02_36_w70_30,420,360,360,240,60,120,4.969,3.920,8.889,0.6685,0.0000,0.3315,0.3935
blended_02_36_w70_30,420,360,360,300,60,60,4.644,4.013,8.657,0.5945,0.0000,0.4055,0.3565
blended_02_36_w70_30,420,360,360,360,60,0,4.093,4.026,8.118,0.5150,0.0000,0.4850,0.3360
blended_02_36_w70_30,420,360,360,420,60,-60,4.011,3.974,7.985,0.5075,0.0000,0.4925,0.3125
blended_02_36_w70_30,420,360,420,180,0,180,5.586,4.116,9.702,0.7115,0.0000,0.2885,0.4400
blended_02_36_w70_30,420,360,420,240,0,120,4.976,4.204,9.180,0.6235,0.0000,0.3765,0.3520
blended_02_36_w70_30,420,360,420,300,0,60,4.502,4.155,8.657,0.5610,0.0000,0.4390,0.3285
blended_02_36_w70_30,420,360,420,360,0,0,4.197,4.204,8.401,0.5040,0.0000,0.4960,0.3325
blended_02_36_w70_30,420,360,420,420,0,-60,3.998,4.249,8.247,0.4610,0.0000,0.5390,0.3060
blended_02_36_w70_30,420,420,180,180,240,240,5.404,2.072,7.476,0.9290,0.0000,0.0710,0.6390
blended_02_36_w70_30,420,420,180,240,240,180,4.945,2.074,7.019,0.9090,0.0000,0.0910,0.5595
blended_02_36_w70_30,420,420,180,300,240,120,4.569,2.087,6.656,0.8800,0.0000,0.1200,0.5020
blended_02_36_w70_30,420,420,180,360,240,60,4.138,2.094,6.231,0.8325,0.0000,0.1675,0.4290
blended_02_36_w70_30,420,420,180,420,240,0,3.943,2.083,6.027,0.8090,0.0000,0.1910,0.4015
blended_02_36_w70_30,420,420,240,180,180,240,5.532,2.500,8.032,0.9035,0.0000,0.0965,0.5970
blended_02_36_w70_30,420,420,240,240,180,180,4.873,2.454,7.327,0.8480,0.0000,0.1520,0.5075
blended_02_36_w70_30,420,420,240,300,180,120,4.585,2.476,7.061,0.8270,0.0000,0.1730,0.4365
blended_02_36_w70_30,420,420,240,360,180,60,4.146,2.541,6.687,0.7640,0.0000,0.2360,0.3855
blended_02_36_w70_30,420,420,240,420,180,0,3.969,2.507,6.476,0.7515,0.0000,0.2485,0.3500
blended_02_36_w70_30,420,420,300,180,120,240,5.574,2.942,8.515,0.8600,0.0000,0.1400,0.5495
blended_02_36_w70_30,420,420,300,240,120,180,4.921,2.874,7.796,0.8025,0.0000,0.1975,0.4690
blended_02_36_w70_30,420,420,300,300,120,120,4.588,2.959,7.548,0.7635,0.0000,0.2365,0.4065
blended_02_36_w70_30,420,420,300,360,120,60,4.120,2.898,7.018,0.7115,0.0000,0.2885,0.3440
blended_02_36_w70_30,420,420,300,420,120,0,3.982,2.848,6.830,0.6875,0.0000,0.3125,0.3370
blended_02_36_w70_30,420,420,360,180,60,240,5.553,3.373,8.925,0.8030,0.0000,0.1970,0.4850
blended_02_36_w70_30,420,420,360,240,60,180,4.870,3.348,8.218,0.7350,0.0000,0.2650,0.4030
blended_02_36_w70_30,420,420,360,300,60,120,4.598,3.406,8.005,0.7015,0.0000,0.2985,0.3570
blended_02_36_w70_30,420,420,360,360,60,60,4.170,3.325,7.495,0.6495,0.0000,0.3505,0.3245
blended_02_36_w70_30,420,420,360,420,60,0,3.917,3.365,7.281,0.6000,0.0000,0.4000,0.3125
blended_02_36_w70_30,420,420,420,180,0,240,5.591,3.891,9.482,0.7410,0.0000,0.2590,0.4515
blended_02_36_w70_30,420,420,420,240,0,180,5.013,4.003,9.016,0.6605,0.0000,0.3395,0.3500
blended_02_36_w70_30,420,420,420,300,0,120,4.654,3.939,8.594,0.6030,0.0000,0.3970,0.3505
blended_02_36_w70_30,420,420,420,360,0,60,4.202,4.014,8.216,0.5250,0.0000,0.4750,0.3135
blended_02_36_w70_30,420,420,420,420,0,0,4.035,3.987,8.023,0.5040,0.0000,0.4960,0.3290
blended_10_62_w40_60,180,180,180,180,0,0,7.481,7.377,14.858,0.5240,0.0000,0.4760,0.4450
blended_10_62_w40_60,180,180,180,240,0,-60,5.923,7.466,13.389,0.2965,0.0000,0.7035,0.4550
blended_10_62_w40_60,180,180,180,300,0,-120,5.149,7.346,12.495,0.2140,0.0000,0.7860,0.5140
blended_10_62_w40_60,180,180,180,360,0,-180,4.664,7.454,12.117,0.1545,0.0000,0.8455,0.5795
blended_10_62_w40_60,180,180,180,420,0,-240,4.117,7.385,11.501,0.1040,0.0000,0.8960,0.6085
blended_10_62_w40_60,180,180,240,180,-60,0,7.377,8.509,15.886,0.3615,0.0000,0.6385,0.4580
blended_10_62_w40_60,180,180,240,240,-60,-60,5.928,8.444,14.372,0.1890,0.0000,0.8110,0.5535
blended_10_62_w40_60,180,180,240,300,-60,-120,5.038,8.370,13.409,0.1170,0.0000,0.8830,0.6400
blended_10_62_w40_60,180,180,240,360,-60,-180,4.684,8.364,13.049,0.0945,0.0000,0.9055,0.6775
blended_10_62_w40_60,180,180,240,420,-60,-240,4.104,8.313,12.417,0.0585,0.0000,0.9415,0.7435
blended_10_62_w40_60,180,180,300,180,-120,0,7.458,9.244,16.702,0.2770,0.0000,0.7230,0.5215
blended_10_62_w40_60,180,180,300,240,-120,-60,5.989,9.146,15.134,0.1360,0.0000,0.8640,0.6175
blended_10_62_w40_60,180,180,300,300,-120,-120,5.114,9.127,14.241,0.0665,0.0000,0.9335,0.7190
blended_10_62_w40_60,180,180,300,360,-120,-180,4.655,9.094,13.749,0.0590,0.0000,0.9410,0.7615
blended_10_62_w40_60,180,180,300,420,-120,-240,4.071,9.065,13.136,0.0370,0.0000,0.9630,0.8155
blended_10_62_w40_60,180,180,360,180,-180,0,7.348,9.819,17.167,0.2015,0.0000,0.7985,0.5570
blended_10_62_w40_60,180,180,360,240,-180,-60,5.926,9.809,15.734,0.0820,0.0000,0.9180,0.6950
blended_10_62_w40_60,180,180,360,300,-180,-120,5.003,9.685,14.689,0.0520,0.0000,0.9480,0.7830
blended_10_62_w40_60,180,180,360,360,-180,-180,4.692,9.661,14.353,0.0390,0.0000,0.9610,0.8035
blended_10_62_w40_60,180,180,360,420,-180,-240,4.024,9.607,13.630,0.0235,0.0000,0.9765,0.8470
blended_10_62_w40_60,180,180,420,180,-240,0,7.345,10.173,17.518,0.1725,0.0000,0.8275,0.5995
blended_10_62_w40_60,180,180,420,240,-240,-60,5.910,10.177,16.087,0.0705,0.0000,0.9295,0.7380
blended_10_62_w40_60,180,180,420,300,-240,-120,5.043,10.014,15.057,0.0380,0.0000,0.9620,0.8070
blended_10_62_w40_60,180,180,420,360,-240,-180,4.697,10.097,14.793,0.0340,0.0000,0.9660,0.8480
blended_10_62_w40_60,180,180,420,420,-240,-240,4.050,10.070,14.120,0.0175,0.0000,0.9825,0.8900
blended_10_62_w40_60,180,240,180,180,0,60,7.418,5.958,13.377,0.7045,0.0000,0.2955,0.4580
blended_10_62_w40_60,180,240,180,240,0,0,6.133,6.084,12.217,0.5060,0.0000,0.4940,0.3935
blended_10_62_w40_60,180,240,180,300,0,-60,5.085,5.978,11.063,0.3705,0.0000,0.6295,0.4020
blended_10_62_w40_60,180,240,180,360,0,-120,4.811,6.066,10.877,0.3130,0.0000,0.6870,0.4315
blended_10_62_w40_60,180,240,180,420,0,-180,4.089,5.958,10.047,0.2385,0.0000,0.7615,0.4595
blended_10_62_w40_60,180,240,240,180,-60,60,7.409,7.448,14.857,0.4990,0.0000,0.5010,0.4315
blended_10_62_w40_60,180,240,240,240,-60,0,5.980,7.412,13.393,0.3075,0.0000,0.6925,0.4535
blended_10_62_w40_60,180,240,240,300,-60,-60,5.101,7.430,12.531,0.1990,0.0000,0.8010,0.5245
blended_10_62_w40_60,180,240,240,360,-60,-120,4.734,7.394,12.128,0.1725,0.0000,0.8275,0.5720
blended_10_62_w40_60,180,240,240,420,-60,-180,4.077,7.382,11.459,0.1100,0.0000,0.8900,0.6450
blended_10_62_w40_60,180,240,300,180,-120,60,7.442,8.245,15.687,0.3955,0.0000,0.6045,0.4435
blended_10_62_w40_60,180,240,300,240,-120,0,5.895,8.137,14.032,0.2135,0.0000,0.7865,0.5170
blended_10_62_w40_60,180,240,300,300,-120,-60,5.040,8.139,13.180,0.1350,0.0000,0.8650,0.6150
blended_10_62_w40_60,180,240,300,360,-120,-120,4.734,8.159,12.894,0.1050,0.0000,0.8950,0.6460
blended_10_62_w40_60,180,240,300,420,-120,-180,3.917,8.063,11.980,0.0690,0.0000,0.9310,0.7455
blended_10_62_w40_60,180,240,360,180,-180,60,7.468,8.864,16.332,0.3265,0.0000,0.6735,0.4770
blended_10_62_w40_60,180,240,360,240,-180,0,5.986,8.776,14.762,0.1565,0.0000,0.8435,0.5765
blended_10_62_w40_60,180,240,360,300,-180,-60,5.147,8.729,13.877,0.0975,0.0000,0.9025,0.6595
blended_10_62_w40_60,180,240,360,360,-180,-120,4.628,8.726,13.355,0.0725,0.0000,0.9275,0.7140
blended_10_62_w40_60,180,240,360,420,-180,-180,4.061,8.600,12.661,0.0540,0.0000,0.9460,0.7725
blended_10_62_w40_60,180,240,420,180,-240,60,7.332,9.460,16.792,0.2435,0.0000,0.7565,0.5290
blended_10_62_w40_60,180,240,420,240,-240,0,5.960,9.383,15.342,0.1270,0.0000,0.8730,0.6490
blended_10_62_w40_60,180,240,420,300,-240,-60,5.047,9.347,14.394,0.0730,0.0000,0.9270,0.7445
blended_10_62_w40_60,180,240,420,360,-240,-120,4.583,9.269,13.852,0.0535,0.0000,0.9465,0.7860
blended_10_62_w40_60,180,240,420,420,-240,-180,3.933,9.274,13.206,0.0255,0.0000,0.9745,0.8490
blended_10_62_w40_60,180,300,180,180,0,120,7.423,5.156,12.579,0.7915,0.0000,0.2085,0.5145
blended_10_62_w40_60,180,300,180,240,0,60,6.048,5.098,11.146,0.6355,0.0000,0.3645,0.4065
blended_10_62_w40_60,180,300,180,300,0,0,5.204,5.204,10.407,0.4950,0.0000,0.5050,0.3695
blended_10_62_w40_60,180,300,180,360,0,-60,4.765,5.215,9.980,0.4290,0.0000,0.5710,0.3805
blended_10_62_w40_60,180,300,180,420,0,-120,4.195,5.274,9.469,0.3275,0.0000,0.6725,0.3790
blended_10_62_w40_60,180,300,240,180,-60,120,7.434,6.350,13.784,0.6525,0.0000,0.3475,0.4415
blended_10_62_w40_60,180,300,240,240,-60,60,6.104,6.410,12.514,0.4705,0.0000,0.5295,0.4040
blended_10_62_w40_60,180,300,240,300,-60,0,5.117,6.407,11.524,0.3210,0.0000,0.6790,0.4185
blended_10_62_w40_60,180,300,240,360,-60,-60,4.673,6.457,11.130,0.2560,0.0000,0.7440,0.4805
blended_10_62_w40_60,180,300,240,420,-60,-120,4.144,6.336,10.480,0.1975,0.0000,0.8025,0.4865
blended_10_62_w40_60,180,300,300,180,-120,120,7.413,7.434,14.848,0.4925,0.0000,0.5075,0.4455
blended_10_62_w40_60,180,300,300,240,-120,60,5.899,7.401,13.299,0.2930,0.0000,0.7070,0.4650
blended_10_62_w40_60,180,300,300,300,-120,0,5.113,7.357,12.471,0.2070,0.0000,0.7930,0.5070
blended_10_62_w40_60,180,300,300,360,-120,-60,4.753,7.466,12.219,0.1650,0.0000,0.8350,0.5605
blended_10_62_w40_60,180,300,300,420,-120,-120,4.072,7.383,11.454,0.1140,0.0000,0.8860,0.6440
blended_10_62_w40_60,180,300,360,180,-180,120,7.473,8.071,15.544,0.4205,0.0000,0.5795,0.4350
blended_10_62_w40_60,180,300,360,240,-180,60,5.994,7.983,13.976,0.2375,0.0000,0.7625,0.4975
blended_10_62_w40_60,180,300,360,300,-180,0,5.191,7.984,13.175,0.1665,0.0000,0.8335,0.5830
blended_10_62_w40_60,180,300,360,360,-180,-60,4.729,7.899,12.628,0.1395,0.0000,0.8605,0.6405
blended_10_62_w40_60,180,300,360,420,-180,-120,4.013,7.873,11.886,0.0725,0.0000,0.9275,0.6825
blended_10_62_w40_60,180,300,420,180,-240,120,7.418,8.614,16.031,0.3535,0.0000,0.6465,0.4600
blended_10_62_w40_60,180,300,420,240,-240,60,5.887,8.651,14.538,0.1685,0.0000,0.8315,0.5770
blended_10_62_w40_60,180,300,420,300,-240,0,5.111,8.544,13.655,0.1120,0.0000,0.8880,0.6540
blended_10_62_w40_60,180,300,420,360,-240,-60,4.663,8.508,13.171,0.0810,0.0000,0.9190,0.6925
blended_10_62_w40_60,180,300,420,420,-240,-120,4.048,8.498,12.546,0.0455,0.0000,0.9545,0.7685
blended_10_62_w40_60,180,360,180,180,0,180,7.345,4.742,12.087,0.8195,0.0000,0.1805,0.5475
blended_10_62_w40_60,180,360,180,240,0,120,6.006,4.851,10.857,0.6640,0.0000,0.3360,0.4130
blended_10_62_w40_60,180,360,180,300,0,60,5.228,4.709,9.936,0.5845,0.0000,0.4155,0.3585
blended_10_62_w40_60,180,360,180,360,0,0,4.812,4.761,9.573,0.4980,0.0000,0.5020,0.3565
blended_10_62_w40_60,180,360,180,420,0,-60,4.122,4.808,8.930,0.3920,0.0000,0.6080,0.3670
blended_10_62_w40_60,180,360,240,180,-60,180,7.389,5.479,12.867,0.7560,0.0000,0.2440,0.4995
blended_10_62_w40_60,180,360,240,240,-60,120,6.022,5.610,11.632,0.5605,0.0000,0.4395,0.3955
blended_10_62_w40_60,180,360,240,300,-60,60,5.196,5.650,10.846,0.4330,0.0000,0.5670,0.3930
blended_10_62_w40_60,180,360,240,360,-60,0,4.765,5.627,10.392,0.3695,0.0000,0.6305,0.3970
blended_10_62_w40_60,180,360,240,420,-60,-60,4.119,5.612,9.730,0.2850,0.0000,0.7150,0.4230
blended_10_62_w40_60,180,360,300,180,-120,180,7.442,6.442,13.885,0.6475,0.0000,0.3525,0.4310
blended_10_62_w40_60,180,360,300,240,-120,120,5.967,6.404,12.371,0.4560,0.0000,0.5440,0.3960
blended_10_62_w40_60,180,360,300,300,-120,60,5.202,6.447,11.649,0.3250,0.0000,0.6750,0.4335
blended_10_62_w40_60,180,360,300,360,-120,0,4.800,6.383,11.183,0.2795,0.0000,0.7205,0.4375
blended_10_62_w40_60,180,360,300,420,-120,-60,4.158,6.436,10.595,0.1860,0.0000,0.8140,0.4985
blended_10_62_w40_60,180,360,360,180,-180,180,7.516,7.450,14.966,0.5100,0.0000,0.4900,0.4240
blended_10_62_w40_60,180,360,360,240,-180,120,6.046,7.429,13.476,0.3140,0.0000,0.6860,0.4555
blended_10_62_w40_60,180,360,360,300,-180,60,5.115,7.450,12.565,0.2115,0.0000,0.7885,0.5385
blended_10_62_w40_60,180,360,360,360,-180,0,4.688,7.337,12.024,0.1560,0.0000,0.8440,0.5720
blended_10_62_w40_60,180,360,360,420,-180,-60,4.030,7.326,11.357,0.0970,0.0000,0.9030,0.6275
blended_10_62_w40_60,180,360,420,180,-240,180,7.572,7.933,15.505,0.4465,0.0000,0.5535,0.4200
blended_10_62_w40_60,180,360,420,240,-240,120,5.974,7.913,13.887,0.2525,0.0000,0.7475,0.4860
blended_10_62_w40_60,180,360,420,300,-240,60,5.130,7.755,12.884,0.1750,0.0000,0.8250,0.5675
blended_10_62_w40_60,180,360,420,360,-240,0,4.718,7.814,12.532,0.1410,0.0000,0.8590,0.6125
blended_10_62_w40_60,180,360,420,420,-240,-60,4.075,7.710,11.785,0.0890,0.0000,0.9110,0.6720
blended_10_62_w40_60,180,420,180,180,0,240,7.403,4.159,11.562,0.8905,0.0000,0.1095,0.6215
blended_10_62_w40_60,180,420,180,240,0,180,5.964,4.101,10.066,0.7645,0.0000,0.2355,0.4615
blended_10_62_w40_60,180,420,180,300,0,120,5.163,4.191,9.354,0.6410,0.0000,0.3590,0.3945
blended_10_62_w40_60,180,420,180,360,0,60,4.758,4.186,8.944,0.5850,0.0000,0.4150,0.3335
blended_10_62_w40_60,180,420,180,420,0,0,4.194,4.130,8.325,0.5020,0.0000,0.4980,0.3305
blended_10_62_w40_60,180,420,240,180,-60,240,7.370,4.876,12.246,0.8140,0.0000,0.1860,0.5285
blended_10_62_w40_60,180,420,240,240,-60,180,5.979,4.958,10.937,0.6465,0.0000,0.3535,0.4250
blended_10_62_w40_60,180,420,240,300,-60,120,5.253,5.028,10.281,0.5420,0.0000,0.4580,0.3745
blended_10_62_w40_60,180,420,240,360,-60,60,4.813,5.054,9.867,0.4660,0.0000,0.5340,0.3825
blended_10_62_w40_60,180,420,240,420,-60,0,4.119,5.019,9.137,0.3590,0.0000,0.6410,0.3660
blended_10_62_w40_60,180,420,300,180,-120,240,7.436,5.622,13.058,0.7405,0.0000,0.2595,0.4875
blended_10_62_w40_60,180,420,300,240,-120,180,6.029,5.797,11.826,0.5315,0.0000,0.4685,0.3970
blended_10_62_w40_60,180,420,300,300,-120,120,5.170,5.758,10.928,0.4190,0.0000,0.5810,0.3850
blended_10_62_w40_60,180,420,300,360,-120,60,4.846,5.793,10.639,0.3620,0.0000,0.6380,0.3995
blended_10_62_w40_60,180,420,300,420,-120,0,4.170,5.819,9.989,0.2665,0.0000,0.7335,0.4455
blended_10_62_w40_60,180,420,360,180,-180,240,7.531,6.629,14.160,0.6270,0.0000,0.3730,0.4300
blended_10_62_w40_60,180,420,360,240,-180,180,6.012,6.599,12.611,0.4170,0.0000,0.5830,0.4185
blended_10_62_w40_60,180,420,360,300,-180,120,5.162,6.610,11.772,0.2850,0.0000,0.7150,0.4505
blended_10_62_w40_60,180,420,360,360,-180,60,4.769,6.610,11.379,0.2505,0.0000,0.7495,0.4805
blended_10_62_w40_60,180,420,360,420,-180,0,4.135,6.552,10.687,0.1815,0.0000,0.8185,0.5205
blended_10_62_w40_60,180,420,420,180,-240,240,7.402,7.430,14.832,0.4945,0.0000,0.5055,0.4305
blended_10_62_w40_60,180,420,420,240,-240,180,5.927,7.423,13.349,0.3080,0.0000,0.6920,0.4580
blended_10_62_w40_60,180,420,420,300,-240,120,5.205,7.446,12.651,0.2190,0.0000,0.7810,0.5275
blended_10_62_w40_60,180,420,420,360,-240,60,4.654,7.410,12.064,0.1605,0.0000,0.8395,0.5720
blended_10_62_w40_60,180,420,420,420,-240,0,4.048,7.389,11.438,0.1025,0.0000,0.8975,0.6345
blended_10_62_w40_60,240,180,180,180,60,0,8.417,7.458,15.875,0.6330,0.0000,0.3670,0.4435
blended_10_62_w40_60,240,180,180,240,60,-60,7.374,7.472,14.846,0.4765,0.0000,0.5235,0.4235
blended_10_62_w40_60,240,180,180,300,60,-120,6.432,7.447,13.879,0.3590,0.0000,0.6410,0.4385
blended_10_62_w40_60,240,180,180,360,60,-180,5.550,7.454,13.004,0.2485,0.0000,0.7515,0.4960
blended_10_62_w40_60,240,180,180,420,60,-240,4.862,7.338,12.200,0.1795,0.0000,0.8205,0.5435
blended_10_62_w40_60,240,180,240,180,0,0,8.480,8.364,16.845,0.5265,0.0000,0.4735,0.4235
blended_10_62_w40_60,240,180,240,240,0,-60,7.490,8.402,15.893,0.3870,0.0000,0.6130,0.4270
blended_10_62_w40_60,240,180,240,300,0,-120,6.397,8.486,14.883,0.2395,0.0000,0.7605,0.5100
blended_10_62_w40_60,240,180,240,360,0,-180,5.614,8.440,14.054,0.1725,0.0000,0.8275,0.6115
blended_10_62_w40_60,240,180,240,420,0,-240,4.851,8.328,13.178,0.1085,0.0000,0.8915,0.6500
blended_10_62_w40_60,240,180,300,180,-60,0,8.523,9.296,17.819,0.4015,0.0000,0.5985,0.4390
blended_10_62_w40_60,240,180,300,240,-60,-60,7.387,9.326,16.713,0.2550,0.0000,0.7450,0.5220
blended_10_62_w40_60,240,180,300,300,-60,-120,6.284,9.270,15.554,0.1560,0.0000,0.8440,0.6100
blended_10_62_w40_60,240,180,300,360,-60,-180,5.500,9.207,14.707,0.0955,0.0000,0.9045,0.6770
blended_10_62_w40_60,240,180,300,420,-60,-240,4.914,9.201,14.115,0.0715,0.0000,0.9285,0.7440
blended_10_62_w40_60,240,180,360,180,-120,0,8.501,9.902,18.402,0.3260,0.0000,0.6740,0.4815
blended_10_62_w40_60,240,180,360,240,-120,-60,7.383,9.855,17.239,0.2055,0.0000,0.7945,0.5620
blended_10_62_w40_60,240,180,360,300,-120,-120,6.318,9.782,16.100,0.1210,0.0000,0.8790,0.6585
blended_10_62_w40_60,240,180,360,360,-120,-180,5.509,9.769,15.278,0.0675,0.0000,0.9325,0.7525
blended_10_62_w40_60,240,180,360,420,-120,-240,4.893,9.754,14.646,0.0470,0.0000,0.9530,0.7990
blended_10_62_w40_60,240,180,420,180,-180,0,8.480,10.372,18.852,0.2680,0.0000,0.7320,0.5010
blended_10_62_w40_60,240,180,420,240,-180,-60,7.344,10.243,17.587,0.1735,0.0000,0.8265,0.6175
blended_10_62_w40_60,240,180,420,300,-180,-120,6.313,10.102,16.415,0.1040,0.0000,0.8960,0.6875
blended_10_62_w40_60,240,180,420,360,-180,-180,5.500,10.025,15.524,0.0500,0.0000,0.9500,0.7650
blended_10_62_w40_60,240,180,420,420,-180,-240,4.888,10.108,14.997,0.0435,0.0000,0.9565,0.8290
blended_10_62_w40_60,240,240,180,180,60,60,8.427,6.021,14.447,0.7935,0.0000,0.2065,0.5550
blended_10_62_w40_60,240,240,180,240,60,0,7.271,5.918,13.189,0.6670,0.0000,0.3330,0.4605
blended_10_62_w40_60,240,240,180,300,60,-60,6.458,6.009,12.467,0.5540,0.0000,0.4460,0.4100
blended_10_62_w40_60,240,240,180,360,60,-120,5.617,6.046,11.663,0.4330,0.0000,0.5670,0.3970
blended_10_62_w40_60,240,240,180,420,60,-180,4.970,6.141,11.110,0.3315,0.0000,0.6685,0.4165
blended_10_62_w40_60,240,240,240,180,0,60,8.447,7.398,15.845,0.6395,0.0000,0.3605,0.4525
blended_10_62_w40_60,240,240,240,240,0,0,7.582,7.438,15.020,0.5115,0.0000,0.4885,0.4235
blended_10_62_w40_60,240,240,240,300,0,-60,6.356,7.436,13.792,0.3645,0.0000,0.6355,0.4480
blended_10_62_w40_60,240,240,240,360,0,-120,5.600,7.428,13.027,0.2680,0.0000,0.7320,0.4975
blended_10_62_w40_60,240,240,240,420,0,-180,4.889,7.324,12.214,0.1930,0.0000,0.8070,0.5450
blended_10_62_w40_60,240,240,300,180,-60,60,8.468,8.211,16.679,0.5500,0.0000,0.4500,0.4475
blended_10_62_w40_60,240,240,300,240,-60,0,7.388,8.239,15.626,0.3875,0.0000,0.6125,0.4500
blended_10_62_w40_60,240,240,300,300,-60,-60,6.383,8.248,14.630,0.2590,0.0000,0.7410,0.4990
blended_10_62_w40_60,240,240,300,360,-60,-120,5.508,8.204,13.712,0.1685,0.0000,0.8315,0.5660
blended_10_62_w40_60,240,240,300,420,-60,-180,4.867,8.154,13.021,0.1220,0.0000,0.8780,0.6365
blended_10_62_w40_60,240,240,360,180,-120,60,8.426,8.862,17.288,0.4405,0.0000,0.5595,0.4385
blended_10_62_w40_60,240,240,360,240,-120,0,7.427,8.906,16.334,0.2990,0.0000,0.7010,0.4845
blended_10_62_w40_60,240,240,360,300,-120,-60,6.362,8.858,15.221,0.2050,0.0000,0.7950,0.5725
blended_10_62_w40_60,240,240,360,360,-120,-120,5.456,8.747,14.203,0.1190,0.0000,0.8810,0.6515
blended_10_62_w40_60,240,240,360,420,-120,-180,4.872,8.655,13.527,0.0920,0.0000,0.9080,0.6835
blended_10_62_w40_60,240,240,420,180,-180,60,8.469,9.571,18.040,0.3605,0.0000,0.6395,0.4705
blended_10_62_w40_60,240,240,420,240,-180,0,7.418,9.470,16.888,0.2480,0.0000,0.7520,0.5035
blended_10_62_w40_60,240,240,420,300,-180,-60,6.279,9.425,15.705,0.1440,0.0000,0.8560,0.6285
blended_10_62_w40_60,240,240,420,360,-180,-120,5.524,9.348,14.872,0.0930,0.0000,0.9070,0.7100
blended_10_62_w40_60,240,240,420,420,-180,-180,4.827,9.323,14.151,0.0530,0.0000,0.9470,0.7790
blended_10_62_w40_60,240,300,180,180,60,120,8.399,5.162,13.561,0.8675,0.0000,0.1325,0.6300
blended_10_62_w40_60,240,300,180,240,60,60,7.401,5.151,12.552,0.7910,0.0000,0.2090,0.5240
blended_10_62_w40_60,240,300,180,300,60,0,6.383,5.255,11.639,0.6590,0.0000,0.3410,0.4220
blended_10_62_w40_60,240,300,180,360,60,-60,5.647,5.161,10.808,0.5765,0.0000,0.4235,0.3795
blended_10_62_w40_60,240,300,180,420,60,-120,5.008,5.272,10.280,0.4610,0.0000,0.5390,0.3605
blended_10_62_w40_60,240,300,240,180,0,120,8.510,6.382,14.892,0.7700,0.0000,0.2300,0.5135
blended_10_62_w40_60,240,300,240,240,0,60,7.497,6.415,13.911,0.6465,0.0000,0.3535,0.4450
blended_10_62_w40_60,240,300,240,300,0,0,6.484,6.420,12.904,0.5120,0.0000,0.4880,0.4130
blended_10_62_w40_60,240,300,240,360,0,-60,5.566,6.381,11.947,0.3845,0.0000,0.6155,0.4135
blended_10_62_w40_60,240,300,240,420,0,-120,4.984,6.327,11.311,0.3120,0.0000,0.6880,0.4110
blended_10_62_w40_60,240,300,300,180,-60,120,8.492,7.423,15.916,0.6435,0.0000,0.3565,0.4590
blended_10_62_w40_60,240,300,300,240,-60,60,7.427,7.446,14.872,0.4975,0.0000,0.5025,0.4240
blended_10_62_w40_60,240,300,300,300,-60,0,6.351,7.465,13.815,0.3645,0.0000,0.6355,0.4495
blended_10_62_w40_60,240,300,300,360,-60,-60,5.620,7.346,12.966,0.2810,0.0000,0.7190,0.4950
blended_10_62_w40_60,240,300,300,420,-60,-120,4.926,7.441,12.367,0.1825,0.0000,0.8175,0.5555
blended_10_62_w40_60,240,300,360,180,-120,120,8.399,8.078,16.477,0.5375,0.0000,0.4625,0.4365
blended_10_62_w40_60,240,300,360,240,-120,60,7.415,8.130,15.545,0.4045,0.0000,0.5955,0.4365
blended_10_62_w40_60,240,300,360,300,-120,0,6.425,8.110,14.535,0.2845,0.0000,0.7155,0.4725
blended_10_62_w40_60,240,300,360,360,-120,-60,5.575,7.958,13.534,0.1920,0.0000,0.8080,0.5475
blended_10_62_w40_60,240,300,360,420,-120,-120,4.845,7.984,12.829,0.1295,0.0000,0.8705,0.6255
blended_10_62_w40_60,240,300,420,180,-180,120,8.408,8.662,17.069,0.4730,0.0000,0.5270,0.4210
blended_10_62_w40_60,240,300,420,240,-180,60,7.518,8.732,16.250,0.3465,0.0000,0.6535,0.4610
blended_10_62_w40_60,240,300,420,300,-180,0,6.389,8.579,14.968,0.2260,0.0000,0.7740,0.5315
blended_10_62_w40_60,240,300,420,360,-180,-60,5.523,8.579,14.101,0.1270,0.0000,0.8730,0.6055
blended_10_62_w40_60,240,300,420,420,-180,-120,4.905,8.589,13.494,0.0940,0.0000,0.9060,0.6745
blended_10_62_w40_60,240,360,180,180,60,180,8.275,4.630,12.905,0.9025,0.0000,0.0975,0.6845
blended_10_62_w40_60,240,360,180,240,60,120,7.438,4.676,12.114,0.8365,0.0000,0.1635,0.5710
blended_10_62_w40_60,240,360,180,300,60,60,6.468,4.734,11.201,0.7435,0.0000,0.2565,0.4670
blended_10_62_w40_60,240,360,180,360,60,0,5.601,4.862,10.463,0.6090,0.0000,0.3910,0.3900
blended_10_62_w40_60,240,360,180,420,60,-60,5.027,4.856,9.883,0.5325,0.0000,0.4675,0.3500
blended_10_62_w40_60,240,360,240,180,0,180,8.398,5.423,13.821,0.8530,0.0000,0.1470,0.5900
blended_10_62_w40_60,240,360,240,240,0,120,7.446,5.580,13.026,0.7500,0.0000,0.2500,0.4960
blended_10_62_w40_60,240,360,240,300,0,60,6.462,5.572,12.034,0.6320,0.0000,0.3680,0.4075
blended_10_62_w40_60,240,360,240,360,0,0,5.580,5.646,11.226,0.5045,0.0000,0.4955,0.3755
blended_10_62_w40_60,240,360,240,420,0,-60,4.989,5.566,10.555,0.4130,0.0000,0.5870,0.3680
blended_10_62_w40_60,240,360,300,180,-60,180,8.427,6.343,14.770,0.7640,0.0000,0.2360,0.5100
blended_10_62_w40_60,240,360,300,240,-60,120,7.449,6.391,13.840,0.6435,0.0000,0.3565,0.4160
blended_10_62_w40_60,240,360,300,300,-60,60,6.405,6.522,12.928,0.4795,0.0000,0.5205,0.4000
blended_10_62_w40_60,240,360,300,360,-60,0,5.564,6.306,11.870,0.3960,0.0000,0.6040,0.4220
blended_10_62_w40_60,240,360,300,420,-60,-60,4.941,6.438,11.379,0.2995,0.0000,0.7005,0.4295
blended_10_62_w40_60,240,360,360,180,-120,180,8.343,7.429,15.772,0.6270,0.0000,0.3730,0.4415
blended_10_62_w40_60,240,360,360,240,-120,120,7.502,7.448,14.950,0.5145,0.0000,0.4855,0.4180
blended_10_62_w40_60,240,360,360,300,-120,60,6.426,7.463,13.889,0.3670,0.0000,0.6330,0.4350
blended_10_62_w40_60,240,360,360,360,-120,0,5.548,7.405,12.954,0.2510,0.0000,0.7490,0.4880
blended_10_62_w40_60,240,360,360,420,-120,-60,4.940,7.368,12.308,0.1915,0.0000,0.8085,0.5405
blended_10_62_w40_60,240,360,420,180,-180,180,8.418,7.846,16.264,0.5680,0.0000,0.4320,0.4250
blended_10_62_w40_60,240,360,420,240,-180,120,7.473,7.773,15.246,0.4685,0.0000,0.5315,0.4245
blended_10_62_w40_60,240,360,420,300,-180,60,6.422,7.822,14.244,0.3165,0.0000,0.6835,0.4825
blended_10_62_w40_60,240,360,420,360,-180,0,5.556,7.789,13.345,0.2220,0.0000,0.7780,0.5245
blended_10_62_w40_60,240,360,420,420,-180,-60,4.951,7.846,12.797,0.1435,0.0000,0.8565,0.5885
blended_10_62_w40_60,240,420,180,180,60,240,8.282,4.026,12.308,0.9405,0.0000,0.0595,0.7425
blended_10_62_w40_60,240,420,180,240,60,180,7.274,4.120,11.394,0.8790,0.0000,0.1210,0.6050
blended_10_62_w40_60,240,420,180,300,60,120,6.426,4.104,10.529,0.8285,0.0000,0.1715,0.5010
blended_10_62_w40_60,240,420,180,360,60,60,5.579,4.168,9.747,0.6945,0.0000,0.3055,0.4165
blended_10_62_w40_60,240,420,180,420,60,0,5.093,4.097,9.190,0.6430,0.0000,0.3570,0.3710
blended_10_62_w40_60,240,420,240,180,0,240,8.335,4.894,13.229,0.8825,0.0000,0.1175,0.6675
blended_10_62_w40_60,240,420,240,240,0,180,7.367,4.899,12.267,0.8205,0.0000,0.1795,0.5515
blended_10_62_w40_60,240,420,240,300,0,120,6.383,5.042,11.425,0.6985,0.0000,0.3015,0.4405
blended_10_62_w40_60,240,420,240,360,0,60,5.609,5.010,10.619,0.5880,0.0000,0.4120,0.3815
blended_10_62_w40_60,240,420,240,420,0,0,4.910,4.968,9.878,0.4975,0.0000,0.5025,0.3700
blended_10_62_w40_60,240,420,300,180,-60,240,8.323,5.736,14.059,0.8185,0.0000,0.1815,0.5610
blended_10_62_w40_60,240,420,300,240,-60,180,7.444,5.819,13.262,0.7180,0.0000,0.2820,0.4645
blended_10_62_w40_60,240,420,300,300,-60,120,6.457,5.704,12.160,0.6075,0.0000,0.3925,0.3965
blended_10_62_w40_60,240,420,300,360,-60,60,5.633,5.822,11.454,0.4770,0.0000,0.5230,0.4175
blended_10_62_w40_60,240,420,300,420,-60,0,5.029,5.804,10.834,0.3895,0.0000,0.6105,0.3920
blended_10_62_w40_60,240,420,360,180,-120,240,8.380,6.532,14.912,0.7385,0.0000,0.2615,0.4975
blended_10_62_w40_60,240,420,360,240,-120,180,7.508,6.540,14.047,0.6325,0.0000,0.3675,0.4355
blended_10_62_w40_60,240,420,360,300,-120,120,6.433,6.652,13.085,0.4700,0.0000,0.5300,0.4165
blended_10_62_w40_60,240,420,360,360,-120,60,5.540,6.599,12.139,0.3525,0.0000,0.6475,0.4115
blended_10_62_w40_60,240,420,360,420,-120,0,4.936,6.617,11.553,0.2700,0.0000,0.7300,0.4525
blended_10_62_w40_60,240,420,420,180,-180,240,8.563,7.458,16.021,0.6435,0.0000,0.3565,0.4500
blended_10_62_w40_60,240,420,420,240,-180,180,7.513,7.527,15.040,0.5025,0.0000,0.4975,0.4195
blended_10_62_w40_60,240,420,420,300,-180,120,6.473,7.552,14.024,0.3530,0.0000,0.6470,0.4465
blended_10_62_w40_60,240,420,420,360,-180,60,5.560,7.356,12.915,0.2690,0.0000,0.7310,0.4935
blended_10_62_w40_60,240,420,420,420,-180,0,4.941,7.380,12.322,0.1890,0.0000,0.8110,0.5365
blended_10_62_w40_60,300,180,180,180,120,0,9.258,7.438,16.695,0.7300,0.0000,0.2700,0.5140
blended_10_62_w40_60,300,180,180,240,120,-60,8.271,7.409,15.680,0.6155,0.0000,0.3845,0.4345
blended_10_62_w40_60,300,180,180,300,120,-120,7.513,7.530,15.043,0.4895,0.0000,0.5105,0.4300
blended_10_62_w40_60,300,180,180,360,120,-180,6.479,7.449,13.928,0.3785,0.0000,0.6215,0.4325
blended_10_62_w40_60,300,180,180,420,120,-240,5.793,7.428,13.221,0.2785,0.0000,0.7215,0.4750
blended_10_62_w40_60,300,180,240,180,60,0,9.248,8.473,17.721,0.6110,0.0000,0.3890,0.4610
blended_10_62_w40_60,300,180,240,240,60,-60,8.257,8.477,16.733,0.4675,0.0000,0.5325,0.4225
blended_10_62_w40_60,300,180,240,300,60,-120,7.469,8.469,15.938,0.3710,0.0000,0.6290,0.4395
blended_10_62_w40_60,300,180,240,360,60,-180,6.369,8.286,14.655,0.2385,0.0000,0.7615,0.5060
blended_10_62_w40_60,300,180,240,420,60,-240,5.760,8.360,14.120,0.1850,0.0000,0.8150,0.5580
blended_10_62_w40_60,300,180,300,180,0,0,9.275,9.300,18.575,0.4940,0.0000,0.5060,0.4505
blended_10_62_w40_60,300,180,300,240,0,-60,8.294,9.301,17.596,0.3680,0.0000,0.6320,0.4580
blended_10_62_w40_60,300,180,300,300,0,-120,7.348,9.306,16.654,0.2585,0.0000,0.7415,0.5225
blended_10_62_w40_60,300,180,300,360,0,-180,6.452,9.265,15.717,0.1640,0.0000,0.8360,0.5910
blended_10_62_w40_60,300,180,300,420,0,-240,5.686,9.201,14.887,0.1135,0.0000,0.8865,0.6625
blended_10_62_w40_60,300,180,360,180,-60,0,9.300,9.889,19.190,0.4290,0.0000,0.5710,0.4460
blended_10_62_w40_60,300,180,360,240,-60,-60,8.261,9.835,18.096,0.3005,0.0000,0.6995,0.4990
blended_10_62_w40_60,300,180,360,300,-60,-120,7.371,9.858,17.229,0.1930,0.0000,0.8070,0.5540
blended_10_62_w40_60,300,180,360,360,-60,-180,6.447,9.705,16.151,0.1405,0.0000,0.8595,0.6485
blended_10_62_w40_60,300,180,360,420,-60,-240,5.683,9.721,15.404,0.0775,0.0000,0.9225,0.7160
blended_10_62_w40_60,300,180,420,180,-120,0,9.345,10.290,19.636,0.3700,0.0000,0.6300,0.4635
blended_10_62_w40_60,300,180,420,240,-120,-60,8.237,10.400,18.637,0.2390,0.0000,0.7610,0.5430
blended_10_62_w40_60,300,180,420,300,-120,-120,7.409,10.188,17.597,0.1785,0.0000,0.8215,0.6005
blended_10_62_w40_60,300,180,420,360,-120,-180,6.393,10.110,16.503,0.1020,0.0000,0.8980,0.6695
blended_10_62_w40_60,300,180,420,420,-120,-240,5.621,10.123,15.744,0.0565,0.0000,0.9435,0.7630
blended_10_62_w40_60,300,240,180,180,120,60,9.198,5.889,15.087,0.8840,0.0000,0.1160,0.6505
blended_10_62_w40_60,300,240,180,240,120,0,8.279,5.986,14.265,0.7950,0.0000,0.2050,0.5510
blended_10_62_w40_60,300,240,180,300,120,-60,7.493,6.027,13.520,0.6925,0.0000,0.3075,0.4580
blended_10_62_w40_60,300,240,180,360,120,-120,6.428,6.048,12.475,0.5580,0.0000,0.4420,0.4005
blended_10_62_w40_60,300,240,180,420,120,-180,5.743,5.971,11.714,0.4740,0.0000,0.5260,0.3925
blended_10_62_w40_60,300,240,240,180,60,60,9.233,7.376,16.610,0.7335,0.0000,0.2665,0.5035
blended_10_62_w40_60,300,240,240,240,60,0,8.217,7.415,15.632,0.6025,0.0000,0.3975,0.4415
blended_10_62_w40_60,300,240,240,300,60,-60,7.471,7.452,14.923,0.4970,0.0000,0.5030,0.4225
blended_10_62_w40_60,300,240,240,360,60,-120,6.433,7.519,13.951,0.3645,0.0000,0.6355,0.4640
blended_10_62_w40_60,300,240,240,420,60,-180,5.777,7.460,13.236,0.2795,0.0000,0.7205,0.4715
blended_10_62_w40_60,300,240,300,180,0,60,9.309,8.271,17.580,0.6335,0.0000,0.3665,0.4585
blended_10_62_w40_60,300,240,300,240,0,0,8.318,8.370,16.688,0.4875,0.0000,0.5125,0.4215
blended_10_62_w40_60,300,240,300,300,0,-60,7.551,8.262,15.813,0.3915,0.0000,0.6085,0.4450
blended_10_62_w40_60,300,240,300,360,0,-120,6.389,8.291,14.681,0.2620,0.0000,0.7380,0.4980
blended_10_62_w40_60,300,240,300,420,0,-180,5.659,8.251,13.910,0.1760,0.0000,0.8240,0.5460
blended_10_62_w40_60,300,240,360,180,-60,60,9.274,8.906,18.180,0.5560,0.0000,0.4440,0.4620
blended_10_62_w40_60,300,240,360,240,-60,0,8.287,8.896,17.184,0.4145,0.0000,0.5855,0.4435
blended_10_62_w40_60,300,240,360,300,-60,-60,7.397,8.794,16.192,0.3200,0.0000,0.6800,0.4705
blended_10_62_w40_60,300,240,360,360,-60,-120,6.335,8.770,15.104,0.1975,0.0000,0.8025,0.5550
blended_10_62_w40_60,300,240,360,420,-60,-180,5.695,8.691,14.386,0.1380,0.0000,0.8620,0.5885
blended_10_62_w40_60,300,240,420,180,-120,60,9.336,9.537,18.873,0.4745,0.0000,0.5255,0.4430
blended_10_62_w40_60,300,240,420,240,-120,0,8.325,9.566,17.891,0.3475,0.0000,0.6525,0.4825
blended_10_62_w40_60,300,240,420,300,-120,-60,7.357,9.459,16.816,0.2475,0.0000,0.7525,0.5260
blended_10_62_w40_60,300,240,420,360,-120,-120,6.335,9.333,15.668,0.1590,0.0000,0.8410,0.5970
blended_10_62_w40_60,300,240,420,420,-120,-180,5.734,9.391,15.125,0.1100,0.0000,0.8900,0.6825
blended_10_62_w40_60,300,300,180,180,120,120,9.151,5.124,14.275,0.9285,0.0000,0.0715,0.7155
blended_10_62_w40_60,300,300,180,240,120,60,8.063,5.173,13.236,0.8570,0.0000,0.1430,0.5875
blended_10_62_w40_60,300,300,180,300,120,0,7.375,5.188,12.563,0.7825,0.0000,0.2175,0.5285
blended_10_62_w40_60,300,300,180,360,120,-60,6.436,5.143,11.579,0.6800,0.0000,0.3200,0.4340
blended_10_62_w40_60,300,300,180,420,120,-120,5.793,5.230,11.023,0.5845,0.0000,0.4155,0.4010
blended_10_62_w40_60,300,300,240,180,60,120,9.197,6.328,15.525,0.8395,0.0000,0.1605,0.5925
blended_10_62_w40_60,300,300,240,240,60,60,8.156,6.319,14.475,0.7360,0.0000,0.2640,0.5005
blended_10_62_w40_60,300,300,240,300,60,0,7.445,6.338,13.784,0.6395,0.0000,0.3605,0.4530
blended_10_62_w40_60,300,300,240,360,60,-60,6.441,6.426,12.867,0.5055,0.0000,0.4945,0.3925
blended_10_62_w40_60,300,300,240,420,60,-120,5.801,6.459,12.260,0.4050,0.0000,0.5950,0.3945
blended_10_62_w40_60,300,300,300,180,0,120,9.233,7.402,16.636,0.7330,0.0000,0.2670,0.4970
blended_10_62_w40_60,300,300,300,240,0,60,8.223,7.495,15.719,0.6000,0.0000,0.4000,0.4315
blended_10_62_w40_60,300,300,300,300,0,0,7.449,7.497,14.947,0.4895,0.0000,0.5105,0.4145
blended_10_62_w40_60,300,300,300,360,0,-60,6.414,7.476,13.890,0.3645,0.0000,0.6355,0.4580
blended_10_62_w40_60,300,300,300,420,0,-120,5.793,7.497,13.290,0.2870,0.0000,0.7130,0.4965
blended_10_62_w40_60,300,300,360,180,-60,120,9.294,8.063,17.358,0.6670,0.0000,0.3330,0.4600
blended_10_62_w40_60,300,300,360,240,-60,60,8.245,8.054,16.300,0.5245,0.0000,0.4755,0.4320
blended_10_62_w40_60,300,300,360,300,-60,0,7.464,7.976,15.440,0.4315,0.0000,0.5685,0.4410
blended_10_62_w40_60,300,300,360,360,-60,-60,6.457,7.997,14.454,0.3025,0.0000,0.6975,0.4805
blended_10_62_w40_60,300,300,360,420,-60,-120,5.793,7.955,13.748,0.2310,0.0000,0.7690,0.5375
blended_10_62_w40_60,300,300,420,180,-120,120,9.371,8.618,17.989,0.5945,0.0000,0.4055,0.4550
blended_10_62_w40_60,300,300,420,240,-120,60,8.250,8.718,16.968,0.4450,0.0000,0.5550,0.4270
blended_10_62_w40_60,300,300,420,300,-120,0,7.352,8.632,15.984,0.3295,0.0000,0.6705,0.4640
blended_10_62_w40_60,300,300,420,360,-120,-60,6.473,8.659,15.132,0.2285,0.0000,0.7715,0.5130
blended_10_62_w40_60,300,300,420,420,-120,-120,5.708,8.495,14.203,0.1780,0.0000,0.8220,0.5900
blended_10_62_w40_60,300,360,180,180,120,180,9.044,4.651,13.695,0.9360,0.0000,0.0640,0.7685
blended_10_62_w40_60,300,360,180,240,120,120,8.163,4.716,12.880,0.9015,0.0000,0.0985,0.6455
blended_10_62_w40_60,300,360,180,300,120,60,7.380,4.703,12.084,0.8300,0.0000,0.1700,0.5490
blended_10_62_w40_60,300,360,180,360,120,0,6.425,4.708,11.133,0.7370,0.0000,0.2630,0.4670
blended_10_62_w40_60,300,360,180,420,120,-60,5.772,4.859,10.631,0.6275,0.0000,0.3725,0.4095
blended_10_62_w40_60,300,360,240,180,60,180,9.190,5.511,14.700,0.8960,0.0000,0.1040,0.6695
blended_10_62_w40_60,300,360,240,240,60,120,8.211,5.592,13.803,0.8215,0.0000,0.1785,0.5505
blended_10_62_w40_60,300,360,240,300,60,60,7.335,5.479,12.813,0.7475,0.0000,0.2525,0.4880
blended_10_62_w40_60,300,360,240,360,60,0,6.511,5.590,12.101,0.6230,0.0000,0.3770,0.4135
blended_10_62_w40_60,300,360,240,420,60,-60,5.747,5.710,11.457,0.5040,0.0000,0.4960,0.3925
blended_10_62_w40_60,300,360,300,180,0,180,9.248,6.252,15.499,0.8440,0.0000,0.1560,0.6130
blended_10_62_w40_60,300,360,300,240,0,120,8.268,6.390,14.659,0.7425,0.0000,0.2575,0.5040
blended_10_62_w40_60,300,360,300,300,0,60,7.335,6.386,13.721,0.6305,0.0000,0.3695,0.4325
blended_10_62_w40_60,300,360,300,360,0,0,6.418,6.393,12.811,0.5065,0.0000,0.4935,0.4075
blended_10_62_w40_60,300,360,300,420,0,-60,5.801,6.394,12.195,0.4130,0.0000,0.5870,0.4030
blended_10_62_w40_60,300,360,360,180,-60,180,9.280,7.434,16.713,0.7140,0.0000,0.2860,0.5275
blended_10_62_w40_60,300,360,360,240,-60,120,8.269,7.410,15.680,0.6070,0.0000,0.3930,0.4500
blended_10_62_w40_60,300,360,360,300,-60,60,7.474,7.465,14.939,0.5045,0.0000,0.4955,0.4190
blended_10_62_w40_60,300,360,360,360,-60,0,6.416,7.417,13.832,0.3655,0.0000,0.6345,0.4340
blended_10_62_w40_60,300,360,360,420,-60,-60,5.767,7.502,13.269,0.2645,0.0000,0.7355,0.4725
blended_10_62_w40_60,300,360,420,180,-120,180,9.276,7.814,17.090,0.6720,0.0000,0.3280,0.4870
blended_10_62_w40_60,300,360,420,240,-120,120,8.312,7.854,16.166,0.5500,0.0000,0.4500,0.4220
blended_10_62_w40_60,300,360,420,300,-120,60,7.437,7.894,15.331,0.4355,0.0000,0.5645,0.4365
blended_10_62_w40_60,300,360,420,360,-120,0,6.397,7.866,14.263,0.3115,0.0000,0.6885,0.4730
blended_10_62_w40_60,300,360,420,420,-120,-60,5.830,7.858,13.688,0.2475,0.0000,0.7525,0.4960
blended_10_62_w40_60,300,420,180,180,120,240,9.043,4.008,13.052,0.9720,0.0000,0.0280,0.8255
blended_10_62_w40_60,300,420,180,240,120,180,8.111,4.030,12.142,0.9360,0.0000,0.0640,0.7270
blended_10_62_w40_60,300,420,180,300,120,120,7.322,4.106,11.428,0.8955,0.0000,0.1045,0.6100
blended_10_62_w40_60,300,420,180,360,120,60,6.426,4.066,10.492,0.8190,0.0000,0.1810,0.5120
blended_10_62_w40_60,300,420,180,420,120,0,5.850,4.139,9.989,0.7390,0.0000,0.2610,0.4415
blended_10_62_w40_60,300,420,240,180,60,240,9.129,4.861,13.989,0.9300,0.0000,0.0700,0.7485
blended_10_62_w40_60,300,420,240,240,60,180,8.170,4.930,13.100,0.8665,0.0000,0.1335,0.6315
blended_10_62_w40_60,300,420,240,300,60,120,7.426,5.034,12.460,0.8130,0.0000,0.1870,0.5365
blended_10_62_w40_60,300,420,240,360,60,60,6.346,5.069,11.414,0.6910,0.0000,0.3090,0.4265
blended_10_62_w40_60,300,420,240,420,60,0,5.859,4.929,10.788,0.6275,0.0000,0.3725,0.4115
blended_10_62_w40_60,300,420,300,180,0,240,9.158,5.701,14.858,0.8865,0.0000,0.1135,0.6580
blended_10_62_w40_60,300,420,300,240,0,180,8.140,5.713,13.853,0.8045,0.0000,0.1955,0.5475
blended_10_62_w40_60,300,420,300,300,0,120,7.370,5.752,13.121,0.7130,0.0000,0.2870,0.4605
blended_10_62_w40_60,300,420,300,360,0,60,6.519,5.767,12.286,0.6095,0.0000,0.3905,0.3955
blended_10_62_w40_60,300,420,300,420,0,0,5.825,5.848,11.672,0.5000,0.0000,0.5000,0.3970
blended_10_62_w40_60,300,420,360,180,-60,240,9.216,6.572,15.787,0.8210,0.0000,0.1790,0.5710
blended_10_62_w40_60,300,420,360,240,-60,180,8.289,6.633,14.921,0.7115,0.0000,0.2885,0.4805
blended_10_62_w40_60,300,420,360,300,-60,120,7.484,6.692,14.177,0.6095,0.0000,0.3905,0.4120
blended_10_62_w40_60,300,420,360,360,-60,60,6.442,6.671,13.114,0.4645,0.0000,0.5355,0.4110
blended_10_62_w40_60,300,420,360,420,-60,0,5.804,6.615,12.419,0.3890,0.0000,0.6110,0.4075
blended_10_62_w40_60,300,420,420,180,-120,240,9.244,7.418,16.663,0.7260,0.0000,0.2740,0.4980
blended_10_62_w40_60,300,420,420,240,-120,180,8.188,7.468,15.655,0.5900,0.0000,0.4100,0.4430
blended_10_62_w40_60,300,420,420,300,-120,120,7.409,7.511,14.919,0.4870,0.0000,0.5130,0.4285
blended_10_62_w40_60,300,420,420,360,-120,60,6.412,7.436,13.848,0.3610,0.0000,0.6390,0.4515
blended_10_62_w40_60,300,420,420,420,-120,0,5.788,7.409,13.197,0.2835,0.0000,0.7165,0.4790
blended_10_62_w40_60,360,180,180,180,180,0,9.798,7.394,17.192,0.7780,0.0000,0.2220,0.5545
blended_10_62_w40_60,360,180,180,240,180,-60,8.855,7.410,16.265,0.6815,0.0000,0.3185,0.4750
blended_10_62_w40_60,360,180,180,300,180,-120,8.079,7.476,15.556,0.5805,0.0000,0.4195,0.4205
blended_10_62_w40_60,360,180,180,360,180,-180,7.378,7.466,14.844,0.5000,0.0000,0.5000,0.4325
blended_10_62_w40_60,360,180,180,420,180,-240,6.625,7.455,14.079,0.3925,0.0000,0.6075,0.4105
blended_10_62_w40_60,360,180,240,180,120,0,9.895,8.481,18.376,0.6695,0.0000,0.3305,0.4880
blended_10_62_w40_60,360,180,240,240,120,-60,8.838,8.439,17.276,0.5550,0.0000,0.4450,0.4445
blended_10_62_w40_60,360,180,240,300,120,-120,7.998,8.568,16.566,0.4195,0.0000,0.5805,0.4300
blended_10_62_w40_60,360,180,240,360,120,-180,7.393,8.415,15.808,0.3755,0.0000,0.6245,0.4480
blended_10_62_w40_60,360,180,240,420,120,-240,6.588,8.474,15.062,0.2505,0.0000,0.7495,0.5110
blended_10_62_w40_60,360,180,300,180,60,0,9.956,9.182,19.138,0.6040,0.0000,0.3960,0.4355
blended_10_62_w40_60,360,180,300,240,60,-60,8.868,9.221,18.089,0.4565,0.0000,0.5435,0.4535
blended_10_62_w40_60,360,180,300,300,60,-120,8.121,9.225,17.346,0.3515,0.0000,0.6485,0.4455
blended_10_62_w40_60,360,180,300,360,60,-180,7.474,9.193,16.666,0.2805,0.0000,0.7195,0.4885
blended_10_62_w40_60,360,180,300,420,60,-240,6.519,9.160,15.679,0.1760,0.0000,0.8240,0.5700
blended_10_62_w40_60,360,180,360,180,0,0,9.921,9.908,19.829,0.5060,0.0000,0.4940,0.4340
blended_10_62_w40_60,360,180,360,240,0,-60,8.796,9.850,18.646,0.3675,0.0000,0.6325,0.4485
blended_10_62_w40_60,360,180,360,300,0,-120,8.111,9.797,17.908,0.2845,0.0000,0.7155,0.4885
blended_10_62_w40_60,360,180,360,360,0,-180,7.402,9.790,17.192,0.2120,0.0000,0.7880,0.5645
blended_10_62_w40_60,360,180,360,420,0,-240,6.502,9.803,16.305,0.1255,0.0000,0.8745,0.6385
blended_10_62_w40_60,360,180,420,180,-60,0,9.916,10.333,20.249,0.4655,0.0000,0.5345,0.4510
blended_10_62_w40_60,360,180,420,240,-60,-60,8.966,10.297,19.264,0.3275,0.0000,0.6725,0.4810
blended_10_62_w40_60,360,180,420,300,-60,-120,7.984,10.175,18.158,0.2410,0.0000,0.7590,0.5275
blended_10_62_w40_60,360,180,420,360,-60,-180,7.323,10.211,17.534,0.1620,0.0000,0.8380,0.6060
blended_10_62_w40_60,360,180,420,420,-60,-240,6.484,10.210,16.694,0.1030,0.0000,0.8970,0.6860
blended_10_62_w40_60,360,240,180,180,180,60,9.821,5.923,15.744,0.9015,0.0000,0.0985,0.6905
blended_10_62_w40_60,360,240,180,240,180,0,8.818,5.939,14.757,0.8375,0.0000,0.1625,0.5915
blended_10_62_w40_60,360,240,180,300,180,-60,7.997,5.982,13.979,0.7645,0.0000,0.2355,0.5110
blended_10_62_w40_60,360,240,180,360,180,-120,7.303,5.949,13.252,0.6755,0.0000,0.3245,0.4390
blended_10_62_w40_60,360,240,180,420,180,-180,6.636,6.028,12.664,0.5765,0.0000,0.4235,0.4125
blended_10_62_w40_60,360,240,240,180,120,60,9.912,7.365,17.276,0.8080,0.0000,0.1920,0.5690
blended_10_62_w40_60,360,240,240,240,120,0,8.866,7.413,16.279,0.6920,0.0000,0.3080,0.4770
blended_10_62_w40_60,360,240,240,300,120,-60,8.004,7.341,15.345,0.5815,0.0000,0.4185,0.4245
blended_10_62_w40_60,360,240,240,360,120,-120,7.412,7.468,14.879,0.5105,0.0000,0.4895,0.4265
blended_10_62_w40_60,360,240,240,420,120,-180,6.614,7.459,14.073,0.3845,0.0000,0.6155,0.4270
blended_10_62_w40_60,360,240,300,180,60,60,9.851,8.262,18.114,0.6910,0.0000,0.3090,0.4845
blended_10_62_w40_60,360,240,300,240,60,0,9.034,8.274,17.308,0.6050,0.0000,0.3950,0.4575
blended_10_62_w40_60,360,240,300,300,60,-60,8.155,8.150,16.305,0.5050,0.0000,0.4950,0.4320
blended_10_62_w40_60,360,240,300,360,60,-120,7.418,8.240,15.659,0.4025,0.0000,0.5975,0.4470
blended_10_62_w40_60,360,240,300,420,60,-180,6.643,8.144,14.787,0.2920,0.0000,0.7080,0.4900
blended_10_62_w40_60,360,240,360,180,0,60,9.873,8.829,18.703,0.6345,0.0000,0.3655,0.4725
blended_10_62_w40_60,360,240,360,240,0,0,8.858,8.886,17.745,0.5000,0.0000,0.5000,0.4465
blended_10_62_w40_60,360,240,360,300,0,-60,8.055,8.866,16.920,0.4055,0.0000,0.5945,0.4410
blended_10_62_w40_60,360,240,360,360,0,-120,7.462,8.885,16.346,0.3200,0.0000,0.6800,0.4890
blended_10_62_w40_60,360,240,360,420,0,-180,6.633,8.900,15.534,0.2285,0.0000,0.7715,0.5345
blended_10_62_w40_60,360,240,420,180,-60,60,9.971,9.559,19.529,0.5555,0.0000,0.4445,0.4350
blended_10_62_w40_60,360,240,420,240,-60,0,8.864,9.498,18.362,0.4260,0.0000,0.5740,0.4570
blended_10_62_w40_60,360,240,420,300,-60,-60,8.097,9.563,17.660,0.3170,0.0000,0.6830,0.4900
blended_10_62_w40_60,360,240,420,360,-60,-120,7.432,9.498,16.930,0.2445,0.0000,0.7555,0.5230
blended_10_62_w40_60,360,240,420,420,-60,-180,6.499,9.381,15.880,0.1615,0.0000,0.8385,0.6165
blended_10_62_w40_60,360,300,180,180,180,120,9.820,5.112,14.933,0.9495,0.0000,0.0505,0.7775
blended_10_62_w40_60,360,300,180,240,180,60,8.872,5.091,13.963,0.9050,0.0000,0.0950,0.6810
blended_10_62_w40_60,360,300,180,300,180,0,8.011,5.058,13.069,0.8580,0.0000,0.1420,0.6050
blended_10_62_w40_60,360,300,180,360,180,-60,7.308,5.105,12.413,0.7825,0.0000,0.2175,0.5450
blended_10_62_w40_60,360,300,180,420,180,-120,6.571,5.170,11.741,0.6850,0.0000,0.3150,0.4455
blended_10_62_w40_60,360,300,240,180,120,120,9.770,6.334,16.104,0.8825,0.0000,0.1175,0.6475
blended_10_62_w40_60,360,300,240,240,120,60,8.882,6.281,15.163,0.8045,0.0000,0.1955,0.5610
blended_10_62_w40_60,360,300,240,300,120,0,8.024,6.409,14.433,0.7080,0.0000,0.2920,0.4780
blended_10_62_w40_60,360,300,240,360,120,-60,7.392,6.452,13.844,0.6320,0.0000,0.3680,0.4340
blended_10_62_w40_60,360,300,240,420,120,-120,6.609,6.406,13.015,0.5260,0.0000,0.4740,0.4065
blended_10_62_w40_60,360,300,300,180,60,120,9.819,7.494,17.312,0.7795,0.0000,0.2205,0.5485
blended_10_62_w40_60,360,300,300,240,60,60,8.873,7.498,16.372,0.6750,0.0000,0.3250,0.4685
blended_10_62_w40_60,360,300,300,300,60,0,8.105,7.505,15.611,0.5915,0.0000,0.4085,0.4230
blended_10_62_w40_60,360,300,300,360,60,-60,7.428,7.431,14.858,0.5015,0.0000,0.4985,0.4310
blended_10_62_w40_60,360,300,300,420,60,-120,6.487,7.436,13.923,0.3690,0.0000,0.6310,0.4380
blended_10_62_w40_60,360,300,360,180,0,120,9.861,7.971,17.832,0.7300,0.0000,0.2700,0.5180
blended_10_62_w40_60,360,300,360,240,0,60,8.787,8.086,16.873,0.5870,0.0000,0.4130,0.4270
blended_10_62_w40_60,360,300,360,300,0,0,8.057,8.130,16.188,0.4915,0.0000,0.5085,0.4275
blended_10_62_w40_60,360,300,360,360,0,-60,7.449,8.076,15.525,0.4095,0.0000,0.5905,0.4480
blended_10_62_w40_60,360,300,360,420,0,-120,6.595,8.053,14.648,0.3095,0.0000,0.6905,0.4760
blended_10_62_w40_60,360,300,420,180,-60,120,9.909,8.633,18.543,0.6605,0.0000,0.3395,0.4700
blended_10_62_w40_60,360,300,420,240,-60,60,8.869,8.684,17.553,0.5285,0.0000,0.4715,0.4580
blended_10_62_w40_60,360,300,420,300,-60,0,8.075,8.691,16.765,0.4225,0.0000,0.5775,0.4525
blended_10_62_w40_60,360,300,420,360,-60,-60,7.295,8.618,15.913,0.3295,0.0000,0.6705,0.4750
blended_10_62_w40_60,360,300,420,420,-60,-120,6.601,8.627,15.229,0.2500,0.0000,0.7500,0.5125
blended_10_62_w40_60,360,360,180,180,180,180,9.615,4.627,14.242,0.9650,0.0000,0.0350,0.8070
blended_10_62_w40_60,360,360,180,240,180,120,8.713,4.668,13.381,0.9185,0.0000,0.0815,0.7140
blended_10_62_w40_60,360,360,180,300,180,60,7.989,4.737,12.726,0.8860,0.0000,0.1140,0.6125
blended_10_62_w40_60,360,360,180,360,180,0,7.409,4.779,12.188,0.8395,0.0000,0.1605,0.5680
blended_10_62_w40_60,360,360,180,420,180,-60,6.633,4.744,11.377,0.7545,0.0000,0.2455,0.4730
blended_10_62_w40_60,360,360,240,180,120,180,9.761,5.479,15.240,0.9280,0.0000,0.0720,0.7340
blended_10_62_w40_60,360,360,240,240,120,120,8.802,5.490,14.293,0.8730,0.0000,0.1270,0.6380
blended_10_62_w40_60,360,360,240,300,120,60,7.964,5.504,13.468,0.8045,0.0000,0.1955,0.5540
blended_10_62_w40_60,360,360,240,360,120,0,7.505,5.638,13.143,0.7320,0.0000,0.2680,0.5075
blended_10_62_w40_60,360,360,240,420,120,-60,6.582,5.577,12.159,0.6430,0.0000,0.3570,0.4285
blended_10_62_w40_60,360,360,300,180,60,180,9.802,6.394,16.195,0.8795,0.0000,0.1205,0.6530
blended_10_62_w40_60,360,360,300,240,60,120,8.755,6.316,15.071,0.8115,0.0000,0.1885,0.5410
blended_10_62_w40_60,360,360,300,300,60,60,8.099,6.379,14.478,0.7215,0.0000,0.2785,0.4860
blended_10_62_w40_60,360,360,300,360,60,0,7.384,6.408,13.792,0.6300,0.0000,0.3700,0.4390
blended_10_62_w40_60,360,360,300,420,60,-60,6.657,6.466,13.124,0.5300,0.0000,0.4700,0.3940
blended_10_62_w40_60,360,360,360,180,0,180,9.884,7.350,17.234,0.8095,0.0000,0.1905,0.5635
blended_10_62_w40_60,360,360,360,240,0,120,8.868,7.402,16.270,0.6995,0.0000,0.3005,0.4735
blended_10_62_w40_60,360,360,360,300,0,60,7.945,7.446,15.390,0.5690,0.0000,0.4310,0.4410
blended_10_62_w40_60,360,360,360,360,0,0,7.415,7.365,14.780,0.5010,0.0000,0.4990,0.4220
blended_10_62_w40_60,360,360,360,420,0,-60,6.638,7.428,14.066,0.3940,0.0000,0.6060,0.4285
blended_10_62_w40_60,360,360,420,180,-60,180,9.844,7.867,17.710,0.7415,0.0000,0.2585,0.5225
blended_10_62_w40_60,360,360,420,240,-60,120,8.810,7.801,16.611,0.6465,0.0000,0.3535,0.4645
blended_10_62_w40_60,360,360,420,300,-60,60,8.063,7.774,15.837,0.5370,0.0000,0.4630,0.4410
blended_10_62_w40_60,360,360,420,360,-60,0,7.465,7.859,15.323,0.4535,0.0000,0.5465,0.4350
blended_10_62_w40_60,360,360,420,420,-60,-60,6.579,7.834,14.412,0.3370,0.0000,0.6630,0.4600
blended_10_62_w40_60,360,420,180,180,180,240,9.621,3.974,13.595,0.9795,0.0000,0.0205,0.8735
blended_10_62_w40_60,360,420,180,240,180,180,8.704,3.987,12.691,0.9570,0.0000,0.0430,0.7960
blended_10_62_w40_60,360,420,180,300,180,120,7.865,4.130,11.995,0.9160,0.0000,0.0840,0.6885
blended_10_62_w40_60,360,420,180,360,180,60,7.343,4.000,11.343,0.8895,0.0000,0.1105,0.6500
blended_10_62_w40_60,360,420,180,420,180,0,6.601,4.149,10.750,0.8275,0.0000,0.1725,0.5390
blended_10_62_w40_60,360,420,240,180,120,240,9.719,4.896,14.615,0.9505,0.0000,0.0495,0.8085
blended_10_62_w40_60,360,420,240,240,120,180,8.677,4.887,13.564,0.9105,0.0000,0.0895,0.6985
blended_10_62_w40_60,360,420,240,300,120,120,7.975,4.824,12.799,0.8725,0.0000,0.1275,0.6160
blended_10_62_w40_60,360,420,240,360,120,60,7.341,4.942,12.283,0.8020,0.0000,0.1980,0.5400
blended_10_62_w40_60,360,420,240,420,120,0,6.631,4.928,11.559,0.7385,0.0000,0.2615,0.4435
blended_10_62_w40_60,360,420,300,180,60,240,9.752,5.660,15.412,0.9250,0.0000,0.0750,0.7220
blended_10_62_w40_60,360,420,300,240,60,180,8.741,5.641,14.382,0.8535,0.0000,0.1465,0.6210
blended_10_62_w40_60,360,420,300,300,60,120,8.008,5.711,13.720,0.7815,0.0000,0.2185,0.5330
blended_10_62_w40_60,360,420,300,360,60,60,7.379,5.915,13.294,0.6955,0.0000,0.3045,0.4730
blended_10_62_w40_60,360,420,300,420,60,0,6.562,5.737,12.300,0.6105,0.0000,0.3895,0.4120
blended_10_62_w40_60,360,420,360,180,0,240,9.732,6.513,16.246,0.8550,0.0000,0.1450,0.6370
blended_10_62_w40_60,360,420,360,240,0,180,8.770,6.558,15.328,0.7595,0.0000,0.2405,0.5470
blended_10_62_w40_60,360,420,360,300,0,120,8.048,6.619,14.667,0.6900,0.0000,0.3100,0.4640
blended_10_62_w40_60,360,420,360,360,0,60,7.444,6.689,14.133,0.5980,0.0000,0.4020,0.4345
blended_10_62_w40_60,360,420,360,420,0,0,6.567,6.630,13.198,0.4945,0.0000,0.5055,0.4120
blended_10_62_w40_60,360,420,420,180,-60,240,9.812,7.304,17.116,0.7930,0.0000,0.2070,0.5640
blended_10_62_w40_60,360,420,420,240,-60,180,8.892,7.349,16.241,0.6935,0.0000,0.3065,0.4740
blended_10_62_w40_60,360,420,420,300,-60,120,8.040,7.404,15.444,0.5915,0.0000,0.4085,0.4295
blended_10_62_w40_60,360,420,420,360,-60,60,7.531,7.457,14.988,0.5045,0.0000,0.4955,0.4045
blended_10_62_w40_60,360,420,420,420,-60,0,6.669,7.535,14.204,0.3810,0.0000,0.6190,0.4235
blended_10_62_w40_60,420,180,180,180,240,0,10.275,7.307,17.582,0.8455,0.0000,0.1545,0.5945
blended_10_62_w40_60,420,180,180,240,240,-60,9.469,7.415,16.884,0.7550,0.0000,0.2450,0.5275
blended_10_62_w40_60,420,180,180,300,240,-120,8.661,7.492,16.152,0.6590,0.0000,0.3410,0.4465
blended_10_62_w40_60,420,180,180,360,240,-180,7.883,7.351,15.235,0.5710,0.0000,0.4290,0.4365
blended_10_62_w40_60,420,180,180,420,240,-240,7.579,7.557,15.136,0.5030,0.0000,0.4970,0.4165
blended_10_62_w40_60,420,180,240,180,180,0,10.278,8.346,18.624,0.7240,0.0000,0.2760,0.5210
blended_10_62_w40_60,420,180,240,240,180,-60,9.379,8.565,17.943,0.6150,0.0000,0.3850,0.4540
blended_10_62_w40_60,420,180,240,300,180,-120,8.800,8.460,17.260,0.5475,0.0000,0.4525,0.4390
blended_10_62_w40_60,420,180,240,360,180,-180,7.780,8.460,16.239,0.4150,0.0000,0.5850,0.4470
blended_10_62_w40_60,420,180,240,420,180,-240,7.370,8.402,15.772,0.3615,0.0000,0.6385,0.4460
blended_10_62_w40_60,420,180,300,180,120,0,10.390,9.280,19.670,0.6390,0.0000,0.3610,0.4500
blended_10_62_w40_60,420,180,300,240,120,-60,9.441,9.248,18.689,0.5330,0.0000,0.4670,0.4380
blended_10_62_w40_60,420,180,300,300,120,-120,8.660,9.296,17.956,0.4170,0.0000,0.5830,0.4350
blended_10_62_w40_60,420,180,300,360,120,-180,7.774,9.235,17.008,0.3185,0.0000,0.6815,0.4735
blended_10_62_w40_60,420,180,300,420,120,-240,7.402,9.257,16.659,0.2760,0.0000,0.7240,0.5345
blended_10_62_w40_60,420,180,360,180,60,0,10.377,9.909,20.287,0.5645,0.0000,0.4355,0.4290
blended_10_62_w40_60,420,180,360,240,60,-60,9.443,9.822,19.265,0.4465,0.0000,0.5535,0.4565
blended_10_62_w40_60,420,180,360,300,60,-120,8.524,9.874,18.398,0.3255,0.0000,0.6745,0.4840
blended_10_62_w40_60,420,180,360,360,60,-180,7.731,9.916,17.647,0.2320,0.0000,0.7680,0.5515
blended_10_62_w40_60,420,180,360,420,60,-240,7.460,9.797,17.258,0.2245,0.0000,0.7755,0.5425
blended_10_62_w40_60,420,180,420,180,0,0,10.365,10.347,20.712,0.4965,0.0000,0.5035,0.4380
blended_10_62_w40_60,420,180,420,240,0,-60,9.483,10.335,19.818,0.3860,0.0000,0.6140,0.4565
blended_10_62_w40_60,420,180,420,300,0,-120,8.662,10.324,18.986,0.2960,0.0000,0.7040,0.5090
blended_10_62_w40_60,420,180,420,360,0,-180,7.789,10.306,18.095,0.2015,0.0000,0.7985,0.5720
blended_10_62_w40_60,420,180,420,420,0,-240,7.383,10.137,17.520,0.1785,0.0000,0.8215,0.5915
blended_10_62_w40_60,420,240,180,180,240,60,10.143,5.835,15.979,0.9410,0.0000,0.0590,0.7315
blended_10_62_w40_60,420,240,180,240,240,0,9.393,6.024,15.418,0.8815,0.0000,0.1185,0.6415
blended_10_62_w40_60,420,240,180,300,240,-60,8.591,5.975,14.566,0.8150,0.0000,0.1850,0.5660
blended_10_62_w40_60,420,240,180,360,240,-120,7.808,5.936,13.744,0.7455,0.0000,0.2545,0.4945
blended_10_62_w40_60,420,240,180,420,240,-180,7.396,6.015,13.411,0.6750,0.0000,0.3250,0.4510
blended_10_62_w40_60,420,240,240,180,180,60,10.168,7.296,17.465,0.8285,0.0000,0.1715,0.5855
blended_10_62_w40_60,420,240,240,240,180,0,9.517,7.379,16.896,0.7650,0.0000,0.2350,0.5515
blended_10_62_w40_60,420,240,240,300,180,-60,8.608,7.460,16.069,0.6500,0.0000,0.3500,0.4575
blended_10_62_w40_60,420,240,240,360,180,-120,7.889,7.398,15.287,0.5715,0.0000,0.4285,0.4300
blended_10_62_w40_60,420,240,240,420,180,-180,7.524,7.480,15.004,0.5030,0.0000,0.4970,0.4310
blended_10_62_w40_60,420,240,300,180,120,60,10.149,8.290,18.438,0.7465,0.0000,0.2535,0.5110
blended_10_62_w40_60,420,240,300,240,120,0,9.502,8.294,17.796,0.6605,0.0000,0.3395,0.4650
blended_10_62_w40_60,420,240,300,300,120,-60,8.527,8.255,16.782,0.5370,0.0000,0.4630,0.4560
blended_10_62_w40_60,420,240,300,360,120,-120,7.851,8.239,16.090,0.4405,0.0000,0.5595,0.4220
blended_10_62_w40_60,420,240,300,420,120,-180,7.443,8.281,15.724,0.3900,0.0000,0.6100,0.4425
blended_10_62_w40_60,420,240,360,180,60,60,10.271,8.957,19.228,0.6690,0.0000,0.3310,0.4895
blended_10_62_w40_60,420,240,360,240,60,0,9.491,8.934,18.425,0.5690,0.0000,0.4310,0.4395
blended_10_62_w40_60,420,240,360,300,60,-60,8.642,8.877,17.519,0.4695,0.0000,0.5305,0.4320
blended_10_62_w40_60,420,240,360,360,60,-120,7.844,8.753,16.597,0.3715,0.0000,0.6285,0.4595
blended_10_62_w40_60,420,240,360,420,60,-180,7.398,8.774,16.172,0.3160,0.0000,0.6840,0.4765
blended_10_62_w40_60,420,240,420,180,0,60,10.293,9.499,19.791,0.6035,0.0000,0.3965,0.4590
blended_10_62_w40_60,420,240,420,240,0,0,9.624,9.444,19.069,0.5230,0.0000,0.4770,0.4360
blended_10_62_w40_60,420,240,420,300,0,-60,8.655,9.486,18.141,0.4000,0.0000,0.6000,0.4455
blended_10_62_w40_60,420,240,420,360,0,-120,7.950,9.418,17.368,0.3170,0.0000,0.6830,0.4630
blended_10_62_w40_60,420,240,420,420,0,-180,7.441,9.520,16.960,0.2430,0.0000,0.7570,0.5240
blended_10_62_w40_60,420,300,180,180,240,120,10.089,5.019,15.108,0.9685,0.0000,0.0315,0.8260
blended_10_62_w40_60,420,300,180,240,240,60,9.345,5.033,14.378,0.9365,0.0000,0.0635,0.7485
blended_10_62_w40_60,420,300,180,300,240,0,8.502,5.040,13.542,0.8860,0.0000,0.1140,0.6625
blended_10_62_w40_60,420,300,180,360,240,-60,7.699,5.040,12.739,0.8280,0.0000,0.1720,0.5615
blended_10_62_w40_60,420,300,180,420,240,-120,7.404,5.160,12.564,0.7855,0.0000,0.2145,0.5075
blended_10_62_w40_60,420,300,240,180,180,120,10.114,6.335,16.450,0.8950,0.0000,0.1050,0.7115
blended_10_62_w40_60,420,300,240,240,180,60,9.390,6.249,15.639,0.8650,0.0000,0.1350,0.6320
blended_10_62_w40_60,420,300,240,300,180,0,8.547,6.378,14.925,0.7750,0.0000,0.2250,0.5305
blended_10_62_w40_60,420,300,240,360,180,-60,7.804,6.447,14.252,0.6875,0.0000,0.3125,0.4490
blended_10_62_w40_60,420,300,240,420,180,-120,7.466,6.351,13.817,0.6590,0.0000,0.3410,0.4440
blended_10_62_w40_60,420,300,300,180,120,120,10.258,7.428,17.686,0.8300,0.0000,0.1700,0.5980
blended_10_62_w40_60,420,300,300,240,120,60,9.498,7.318,16.816,0.7745,0.0000,0.2255,0.5255
blended_10_62_w40_60,420,300,300,300,120,0,8.730,7.425,16.154,0.6635,0.0000,0.3365,0.4580
blended_10_62_w40_60,420,300,300,360,120,-60,7.834,7.431,15.265,0.5580,0.0000,0.4420,0.4185
blended_10_62_w40_60,420,300,300,420,120,-120,7.358,7.404,14.761,0.4970,0.0000,0.5030,0.4255
blended_10_62_w40_60,420,300,360,180,60,120,10.272,7.946,18.218,0.7690,0.0000,0.2310,0.5545
blended_10_62_w40_60,420,300,360,240,60,60,9.442,7.947,17.389,0.6900,0.0000,0.3100,0.4805
blended_10_62_w40_60,420,300,360,300,60,0,8.687,8.108,16.795,0.5740,0.0000,0.4260,0.4515
blended_10_62_w40_60,420,300,360,360,60,-60,7.889,8.072,15.961,0.4770,0.0000,0.5230,0.4130
blended_10_62_w40_60,420,300,360,420,60,-120,7.486,8.052,15.538,0.4265,0.0000,0.5735,0.4160
blended_10_62_w40_60,420,300,420,180,0,120,10.233,8.640,18.874,0.6840,0.0000,0.3160,0.5025
blended_10_62_w40_60,420,300,420,240,0,60,9.607,8.760,18.367,0.6140,0.0000,0.3860,0.4390
blended_10_62_w40_60,420,300,420,300,0,0,8.728,8.696,17.424,0.5040,0.0000,0.4960,0.4360
blended_10_62_w40_60,420,300,420,360,0,-60,7.844,8.633,16.477,0.3970,0.0000,0.6030,0.4555
blended_10_62_w40_60,420,300,420,420,0,-120,7.488,8.703,16.191,0.3505,0.0000,0.6495,0.4715
blended_10_62_w40_60,420,360,180,180,240,180,10.085,4.622,14.708,0.9735,0.0000,0.0265,0.8570
blended_10_62_w40_60,420,360,180,240,240,120,9.228,4.702,13.930,0.9435,0.0000,0.0565,0.7680
blended_10_62_w40_60,420,360,180,300,240,60,8.582,4.661,13.243,0.9270,0.0000,0.0730,0.7050
blended_10_62_w40_60,420,360,180,360,240,0,7.795,4.720,12.515,0.8670,0.0000,0.1330,0.6145
blended_10_62_w40_60,420,360,180,420,240,-60,7.390,4.745,12.134,0.8345,0.0000,0.1655,0.5660
blended_10_62_w40_60,420,360,240,180,180,180,10.029,5.480,15.509,0.9430,0.0000,0.0570,0.7715
blended_10_62_w40_60,420,360,240,240,180,120,9.326,5.484,14.810,0.9115,0.0000,0.0885,0.6855
blended_10_62_w40_60,420,360,240,300,180,60,8.633,5.556,14.190,0.8605,0.0000,0.1395,0.6165
blended_10_62_w40_60,420,360,240,360,180,0,7.774,5.576,13.349,0.7800,0.0000,0.2200,0.5100
blended_10_62_w40_60,420,360,240,420,180,-60,7.373,5.489,12.862,0.7560,0.0000,0.2440,0.4690
blended_10_62_w40_60,420,360,300,180,120,180,10.133,6.287,16.420,0.9040,0.0000,0.0960,0.7015
blended_10_62_w40_60,420,360,300,240,120,120,9.386,6.389,15.775,0.8415,0.0000,0.1585,0.6160
blended_10_62_w40_60,420,360,300,300,120,60,8.563,6.394,14.957,0.7635,0.0000,0.2365,0.5235
blended_10_62_w40_60,420,360,300,360,120,0,7.854,6.425,14.279,0.6925,0.0000,0.3075,0.4555
blended_10_62_w40_60,420,360,300,420,120,-60,7.482,6.380,13.863,0.6485,0.0000,0.3515,0.4485
blended_10_62_w40_60,420,360,360,180,60,180,10.232,7.261,17.494,0.8325,0.0000,0.1675,0.6115
blended_10_62_w40_60,420,360,360,240,60,120,9.448,7.420,16.868,0.7500,0.0000,0.2500,0.5020
blended_10_62_w40_60,420,360,360,300,60,60,8.696,7.460,16.157,0.6590,0.0000,0.3410,0.4700
blended_10_62_w40_60,420,360,360,360,60,0,7.869,7.526,15.395,0.5515,0.0000,0.4485,0.4400
blended_10_62_w40_60,420,360,360,420,60,-60,7.388,7.526,14.915,0.4865,0.0000,0.5135,0.4380
blended_10_62_w40_60,420,360,420,180,0,180,10.313,7.779,18.092,0.8055,0.0000,0.1945,0.5650
blended_10_62_w40_60,420,360,420,240,0,120,9.453,7.910,17.363,0.6975,0.0000,0.3025,0.4840
blended_10_62_w40_60,420,360,420,300,0,60,8.664,7.882,16.546,0.5965,0.0000,0.4035,0.4565
blended_10_62_w40_60,420,360,420,360,0,0,7.896,7.806,15.701,0.5095,0.0000,0.4905,0.4355
blended_10_62_w40_60,420,360,420,420,0,-60,7.465,7.885,15.350,0.4455,0.0000,0.5545,0.4365
blended_10_62_w40_60,420,420,180,180,240,240,10.069,3.967,14.036,0.9815,0.0000,0.0185,0.8935
blended_10_62_w40_60,420,420,180,240,240,180,9.240,4.029,13.268,0.9675,0.0000,0.0325,0.8440
blended_10_62_w40_60,420,420,180,300,240,120,8.461,4.043,12.504,0.9475,0.0000,0.0525,0.7655
blended_10_62_w40_60,420,420,180,360,240,60,7.729,4.150,11.880,0.9090,0.0000,0.0910,0.6700
blended_10_62_w40_60,420,420,180,420,240,0,7.386,4.032,11.418,0.8920,0.0000,0.1080,0.6520
blended_10_62_w40_60,420,420,240,180,180,240,10.135,4.845,14.980,0.9680,0.0000,0.0320,0.8285
blended_10_62_w40_60,420,420,240,240,180,180,9.291,4.928,14.219,0.9340,0.0000,0.0660,0.7530
blended_10_62_w40_60,420,420,240,300,180,120,8.579,4.894,13.473,0.9175,0.0000,0.0825,0.6695
blended_10_62_w40_60,420,420,240,360,180,60,7.733,4.909,12.642,0.8565,0.0000,0.1435,0.5885
blended_10_62_w40_60,420,420,240,420,180,0,7.394,4.909,12.302,0.8070,0.0000,0.1930,0.5635
blended_10_62_w40_60,420,420,300,180,120,240,10.109,5.720,15.829,0.9425,0.0000,0.0575,0.7445
blended_10_62_w40_60,420,420,300,240,120,180,9.399,5.745,15.145,0.8975,0.0000,0.1025,0.6675
blended_10_62_w40_60,420,420,300,300,120,120,8.591,5.738,14.329,0.8300,0.0000,0.1700,0.5935
blended_10_62_w40_60,420,420,300,360,120,60,7.804,5.759,13.564,0.7640,0.0000,0.2360,0.5120
blended_10_62_w40_60,420,420,300,420,120,0,7.377,5.809,13.186,0.6980,0.0000,0.3020,0.4765
blended_10_62_w40_60,420,420,360,180,60,240,10.101,6.490,16.591,0.8935,0.0000,0.1065,0.6805
blended_10_62_w40_60,420,420,360,240,60,180,9.350,6.740,16.090,0.8180,0.0000,0.1820,0.5780
blended_10_62_w40_60,420,420,360,300,60,120,8.618,6.510,15.128,0.7750,0.0000,0.2250,0.5240
blended_10_62_w40_60,420,420,360,360,60,60,7.774,6.615,14.389,0.6515,0.0000,0.3485,0.4590
blended_10_62_w40_60,420,420,360,420,60,0,7.484,6.678,14.162,0.6045,0.0000,0.3955,0.4470
blended_10_62_w40_60,420,420,420,180,0,240,10.271,7.357,17.629,0.8385,0.0000,0.1615,0.5960
blended_10_62_w40_60,420,420,420,240,0,180,9.508,7.470,16.977,0.7460,0.0000,0.2540,0.5260
blended_10_62_w40_60,420,420,420,300,0,120,8.736,7.365,16.102,0.6830,0.0000,0.3170,0.4725
blended_10_62_w40_60,420,420,420,360,0,60,7.917,7.459,15.376,0.5520,0.0000,0.4480,0.4280
blended_10_62_w40_60,420,420,420,420,0,0,7.431,7.465,14.895,0.4825,0.0000,0.5175,0.4120
